outcome,source_title,row_date,similarity,year_delta,candidate_title,candidate_source,accepted_title
matched,Prey-predator algorithm: a new metaheuristic algorithm for optimization problems,2015,1.0,2,Prey-Predator Algorithm: A New Metaheuristic Algorithm for Optimization Problems,openalex,Prey-Predator Algorithm: A New Metaheuristic Algorithm for Optimization Problems
matched,A hybrid k-means metaheuristic algorithm to solve a class of vehicle routing problems,2015,1.0,0,A Hybrid K-Means Metaheuristic Algorithm to Solve a Class of Vehicle Routing Problems,openalex,A Hybrid K-Means Metaheuristic Algorithm to Solve a Class of Vehicle Routing Problems
matched,DRSCRO: a metaheuristic algorithm for task scheduling on heterogeneous systems,2015,1.0,0,DRSCRO: A Metaheuristic Algorithm for Task Scheduling on Heterogeneous Systems,openalex,DRSCRO: A Metaheuristic Algorithm for Task Scheduling on Heterogeneous Systems
matched,Gradient gravitational search: an efficient metaheuristic algorithm for global optimization,2015,1.0,0,Gradient gravitational search: An efficient metaheuristic algorithm for global optimization,openalex,Gradient gravitational search: An efficient metaheuristic algorithm for global optimization
matched,A hybrid meta-heuristic algorithm for VM scheduling with load balancing in cloud computing,2015,1.0,1,A hybrid meta-heuristic algorithm for VM scheduling with load balancing in cloud computing,openalex,A hybrid meta-heuristic algorithm for VM scheduling with load balancing in cloud computing
matched,A novel metaheuristic data mining algorithm for the detection and classification of Parkinson disease,2015,1.0,0,A Novel Metaheuristic Data Mining Algorithm for the Detection and Classification of Parkinson Disease,openalex,A Novel Metaheuristic Data Mining Algorithm for the Detection and Classification of Parkinson Disease
matched,A hybrid metaheuristic algorithm for the multi-depot covering tour vehicle routing problem,2015,1.0,1,A hybrid metaheuristic algorithm for the multi-depot covering tour vehicle routing problem,openalex,A hybrid metaheuristic algorithm for the multi-depot covering tour vehicle routing problem
matched,An advanced hybrid meta-heuristic algorithm for the vehicle routing problem with backhauls and time windows,2015,1.0,1,An advanced hybrid meta-heuristic algorithm for the vehicle routing problem with backhauls and time windows,openalex,An advanced hybrid meta-heuristic algorithm for the vehicle routing problem with backhauls and time windows
matched,An efficient meta-heuristic algorithm for grid computing,2015,1.0,2,An efficient meta-heuristic algorithm for grid computing,openalex,An efficient meta-heuristic algorithm for grid computing
matched,FUGE: A joint meta-heuristic approach to cloud job scheduling algorithm using fuzzy theory and a genetic method,2015,1.0,0,FUGE: A joint meta-heuristic approach to cloud job scheduling algorithm using fuzzy theory and a genetic method,openalex,FUGE: A joint meta-heuristic approach to cloud job scheduling algorithm using fuzzy theory and a genetic method
matched,A novel metaheuristic: Jaguar algorithm with learning behavior,2015,1.0,0,A Novel Metaheuristic: Jaguar Algorithm with Learning Behavior,openalex,A Novel Metaheuristic: Jaguar Algorithm with Learning Behavior
matched,The gradient evolution algorithm: A new metaheuristic,2015,1.0,0,The gradient evolution algorithm: A new metaheuristic,openalex,The gradient evolution algorithm: A new metaheuristic
matched,A new metaheuristic for numerical function optimization: Vortex Search algorithm,2015,1.0,1,A new metaheuristic for numerical function optimization: Vortex Search algorithm,openalex,A new metaheuristic for numerical function optimization: Vortex Search algorithm
matched,Combined size and shape optimization of structures with a new meta-heuristic algorithm,2015,1.0,1,Combined size and shape optimization of structures with a new meta-heuristic algorithm,openalex,Combined size and shape optimization of structures with a new meta-heuristic algorithm
matched,Search group algorithm: a new metaheuristic method for the optimization of truss structures,2015,1.0,0,Search group algorithm: A new metaheuristic method for the optimization of truss structures,openalex,Search group algorithm: A new metaheuristic method for the optimization of truss structures
matched,Adaptive dimensional search: a new metaheuristic algorithm for discrete truss sizing optimization,2015,1.0,0,Adaptive dimensional search: A new metaheuristic algorithm for discrete truss sizing optimization,openalex,Adaptive dimensional search: A new metaheuristic algorithm for discrete truss sizing optimization
matched,Stochastic fractal search: a powerful metaheuristic algorithm,2015,1.0,1,Stochastic Fractal Search: A powerful metaheuristic algorithm,openalex,Stochastic Fractal Search: A powerful metaheuristic algorithm
matched,TCA: An efficient two-mode meta-heuristic algorithm for combinatorial test generation (T),2015,1.0,0,TCA: An Efficient Two-Mode Meta-Heuristic Algorithm for Combinatorial Test Generation (T),openalex,TCA: An Efficient Two-Mode Meta-Heuristic Algorithm for Combinatorial Test Generation (T)
matched,The runner-root algorithm: a metaheuristic for solving unimodal and multimodal optimization problems inspired by runners and roots of plants in nature,2015,1.0,0,The runner-root algorithm: A metaheuristic for solving unimodal and multimodal optimization problems inspired by runners and roots of plants in nature,openalex,The runner-root algorithm: A metaheuristic for solving unimodal and multimodal optimization problems inspired by runners and roots of plants in nature
matched,A metaheuristic algorithm to solve satellite broadcast scheduling problem,2015,1.0,0,A metaheuristic algorithm to solve satellite broadcast scheduling problem,openalex,A metaheuristic algorithm to solve satellite broadcast scheduling problem
matched,A nature-inspired metaheuristic lion optimization algorithm for community detection,2015,1.0,0,A nature-inspired metaheuristic Lion Optimization Algorithm for community detection,openalex,A nature-inspired metaheuristic Lion Optimization Algorithm for community detection
matched,Efficient metaheuristic algorithm and re-formulations for the unrelated parallel machine scheduling problem with sequence and machine-dependent setup times,2015,1.0,1,Efficient metaheuristic algorithm and re-formulations for the unrelated parallel machine scheduling problem with sequence and machine-dependent setup times,openalex,Efficient metaheuristic algorithm and re-formulations for the unrelated parallel machine scheduling problem with sequence and machine-dependent setup times
matched,Elephant search algorithm for optimization problems,2015,1.0,0,Elephant Search Algorithm for optimization problems,openalex,Elephant Search Algorithm for optimization problems
matched,Maximizing the nurses' preferences in nurse scheduling problem: mathematical modeling and a meta-heuristic algorithm,2015,1.0,0,Maximizing the nurses’ preferences in nurse scheduling problem: mathematical modeling and a meta-heuristic algorithm,openalex,Maximizing the nurses’ preferences in nurse scheduling problem: mathematical modeling and a meta-heuristic algorithm
matched,A new meta-heuristic algorithm for maximizing lifetime of wireless sensor networks,2015,1.0,0,A New Meta-heuristic Algorithm for Maximizing Lifetime of Wireless Sensor Networks,openalex,A New Meta-heuristic Algorithm for Maximizing Lifetime of Wireless Sensor Networks
matched,An application of a metaheuristic algorithm-based clustering ensemble method to APP customer segmentation,2016,1.0,0,An application of a metaheuristic algorithm-based clustering ensemble method to APP customer segmentation,openalex,An application of a metaheuristic algorithm-based clustering ensemble method to APP customer segmentation
matched,Hybrid bat flight optimization algorithm applied to complex wellbore trajectories highlights the relative contributions of metaheuristic components,2016,1.0,0,Hybrid bat flight optimization algorithm applied to complex wellbore trajectories highlights the relative contributions of metaheuristic components,openalex,Hybrid bat flight optimization algorithm applied to complex wellbore trajectories highlights the relative contributions of metaheuristic components
matched,Adaptive spiral dynamics metaheuristic algorithm for global optimisation with application to modelling of a flexible system,2016,1.0,0,Adaptive spiral dynamics metaheuristic algorithm for global optimisation with application to modelling of a flexible system,openalex,Adaptive spiral dynamics metaheuristic algorithm for global optimisation with application to modelling of a flexible system
matched,Application of metaheuristics-based clustering algorithm to item assignment in a synchronized zone order picking system,2016,1.0,0,Application of metaheuristics-based clustering algorithm to item assignment in a synchronized zone order picking system,openalex,Application of metaheuristics-based clustering algorithm to item assignment in a synchronized zone order picking system
matched,A new meta-heuristic optimization algorithm inspired by FIFA world cup competitions: theory and its application in PID designing for AVR system,2016,1.0,0,A New Meta-Heuristic Optimization Algorithm Inspired by FIFA World Cup Competitions: Theory and Its Application in PID Designing for AVR System,openalex,A New Meta-Heuristic Optimization Algorithm Inspired by FIFA World Cup Competitions: Theory and Its Application in PID Designing for AVR System
matched,A novel metaheuristic for continuous optimization problems: Virus optimization algorithm,2016,1.0,1,A novel metaheuristic for continuous optimization problems: Virus optimization algorithm,openalex,A novel metaheuristic for continuous optimization problems: Virus optimization algorithm
matched,A new metaheuristic algorithm for real-parameter optimization: Natural aggregation algorithm,2016,1.0,0,A new metaheuristic algorithm for real-parameter optimization: Natural aggregation algorithm,openalex,A new metaheuristic algorithm for real-parameter optimization: Natural aggregation algorithm
matched,A new metaheuristic optimisation algorithm motivated by elephant herding behaviour,2016,1.0,0,A new metaheuristic optimisation algorithm motivated by elephant herding behaviour,openalex,A new metaheuristic optimisation algorithm motivated by elephant herding behaviour
matched,Simulated Kalman filter: a novel estimation-based metaheuristic optimization algorithm,2016,1.0,0,Simulated Kalman Filter: A Novel Estimation-Based Metaheuristic Optimization Algorithm,openalex,Simulated Kalman Filter: A Novel Estimation-Based Metaheuristic Optimization Algorithm
matched,A novel meta-heuristic algorithm: tug of war optimization,2016,1.0,0,A NOVEL META-HEURISTIC ALGORITHM: TUG OF WAR OPTIMIZATION,openalex,A NOVEL META-HEURISTIC ALGORITHM: TUG OF WAR OPTIMIZATION
matched,A hybrid metaheuristic algorithm for the green vehicle routing problem with a heterogeneous fleet,2016,1.0,0,A hybrid metaheuristic algorithm for the green vehicle routing problem with a heterogeneous fleet,openalex,A hybrid metaheuristic algorithm for the green vehicle routing problem with a heterogeneous fleet
matched,A parallel machine scheduling problem with two-agent and tool change activities: An efficient hybrid metaheuristic algorithm,2016,1.0,0,A parallel machine scheduling problem with two-agent and tool change activities: an efficient hybrid metaheuristic algorithm,openalex,A parallel machine scheduling problem with two-agent and tool change activities: an efficient hybrid metaheuristic algorithm
matched,Lion optimization algorithm (LOA): a nature-inspired metaheuristic algorithm,2016,1.0,1,Lion Optimization Algorithm (LOA): A nature-inspired metaheuristic algorithm,openalex,Lion Optimization Algorithm (LOA): A nature-inspired metaheuristic algorithm
matched,A new metaheuristic football game inspired algorithm,2016,1.0,0,A new metaheuristic football game inspired algorithm,openalex,A new metaheuristic football game inspired algorithm
matched,A greedy algorithm versus metaheuristic solutions to deadlock detection in Graph Transformation Systems,2016,1.0,0,A greedy algorithm versus metaheuristic solutions to deadlock detection in Graph Transformation Systems,openalex,A greedy algorithm versus metaheuristic solutions to deadlock detection in Graph Transformation Systems
rejected,A new meta-heuristic algorithm for optimization based on variance reduction of guassian distribution,2016,0.314,3,Experimental modeling of PEM fuel cells using a new improved seagull optimization algorithm,openalex,
matched,Passing vehicle search (PVS): A novel metaheuristic algorithm,2016,1.0,1,Passing vehicle search (PVS): A novel metaheuristic algorithm,openalex,Passing vehicle search (PVS): A novel metaheuristic algorithm
matched,A novel metaheuristic method for solving constrained engineering optimization problems: crow search algorithm,2016,1.0,0,A novel metaheuristic method for solving constrained engineering optimization problems: Crow search algorithm,openalex,A novel metaheuristic method for solving constrained engineering optimization problems: Crow search algorithm
matched,A novel meta-heuristic algorithm: dynamic virtual bats algorithm,2016,1.0,0,A novel meta-heuristic algorithm: Dynamic Virtual Bats Algorithm,openalex,A novel meta-heuristic algorithm: Dynamic Virtual Bats Algorithm
matched,"Dragonfly algorithm: a new meta-heuristic optimization technique for solving single-objective, discrete, and multi-objective problems",2016,1.0,1,"Dragonfly algorithm: a new meta-heuristic optimization technique for solving single-objective, discrete, and multi-objective problems",openalex,"Dragonfly algorithm: a new meta-heuristic optimization technique for solving single-objective, discrete, and multi-objective problems"
matched,Natural aggregation algorithm: A new efficient metaheuristic tool for power system optimizations,2016,1.0,0,Natural aggregation algorithm: A new efficient metaheuristic tool for power system optimizations,openalex,Natural aggregation algorithm: A new efficient metaheuristic tool for power system optimizations
matched,A new metaheuristic algorithm based on shark smell optimization,2016,1.0,2,A new metaheuristic algorithm based on shark smell optimization,openalex,A new metaheuristic algorithm based on shark smell optimization
matched,A hybrid metaheuristic algorithm for heterogeneous vehicle routing problem with simultaneous pickup and delivery,2016,1.0,0,A hybrid metaheuristic algorithm for heterogeneous vehicle routing problem with simultaneous pickup and delivery,openalex,A hybrid metaheuristic algorithm for heterogeneous vehicle routing problem with simultaneous pickup and delivery
matched,Energy efficient clustering algorithm for wireless sensor networks using the ABC metaheuristic,2016,1.0,0,Energy efficient clustering algorithm for Wireless Sensor Networks using the ABC metaheuristic,openalex,Energy efficient clustering algorithm for Wireless Sensor Networks using the ABC metaheuristic
matched,Electromagnetic field optimization: a physics-inspired metaheuristic optimization algorithm,2016,1.0,1,Electromagnetic field optimization: A physics-inspired metaheuristic optimization algorithm,openalex,Electromagnetic field optimization: A physics-inspired metaheuristic optimization algorithm
matched,Sperm whale algorithm: an effective metaheuristic algorithm for production optimization problems,2016,1.0,0,Sperm whale algorithm: An effective metaheuristic algorithm for production optimization problems,openalex,Sperm whale algorithm: An effective metaheuristic algorithm for production optimization problems
matched,Imperialistic competitive algorithm: a metaheuristic algorithm for locating the critical slip surface in 2-dimensional soil slopes,2016,1.0,2,Imperialistic Competitive Algorithm: A metaheuristic algorithm for locating the critical slip surface in 2-Dimensional soil slopes,openalex,Imperialistic Competitive Algorithm: A metaheuristic algorithm for locating the critical slip surface in 2-Dimensional soil slopes
matched,Metaheuristics in structural optimization and discussions on harmony search algorithm,2016,1.0,0,Metaheuristics in structural optimization and discussions on harmony search algorithm,openalex,Metaheuristics in structural optimization and discussions on harmony search algorithm
matched,An optimization algorithm for solving the rich vehicle routing problem based on Variable Neighborhood Search and Tabu Search metaheuristics,2016,1.0,1,An optimization algorithm for solving the rich vehicle routing problem based on Variable Neighborhood Search and Tabu Search metaheuristics,openalex,An optimization algorithm for solving the rich vehicle routing problem based on Variable Neighborhood Search and Tabu Search metaheuristics
matched,A Metaheuristic algorithm for the manufacturing cell formation problem based on grouping efficacy,2016,1.0,1,A Metaheuristic algorithm for the manufacturing cell formation problem based on grouping efficacy,openalex,A Metaheuristic algorithm for the manufacturing cell formation problem based on grouping efficacy
matched,A new parallel metaheuristic optimization algorithm and it's application in CDM,2017,1.0,0,A new parallel metaheuristic optimization algorithm and it's application in CDM,openalex,A new parallel metaheuristic optimization algorithm and it's application in CDM
matched,A hybrid metaheuristic algorithm to optimise a real-world robotic cell,2017,1.0,1,A hybrid metaheuristic algorithm to optimise a real-world robotic cell,openalex,A hybrid metaheuristic algorithm to optimise a real-world robotic cell
matched,Optimizing VM allocation and data placement for data-intensive applications in cloud using ACO metaheuristic algorithm,2017,1.0,1,Optimizing VM allocation and data placement for data-intensive applications in cloud using ACO metaheuristic algorithm,openalex,Optimizing VM allocation and data placement for data-intensive applications in cloud using ACO metaheuristic algorithm
matched,Application of DOE and metaheuristic bat algorithm for well placement and individual well controls optimization,2017,1.0,0,Application of DOE and metaheuristic bat algorithm for well placement and individual well controls optimization,openalex,Application of DOE and metaheuristic bat algorithm for well placement and individual well controls optimization
matched,A novel metaheuristic for multi-objective optimization problems: The multi-objective vortex search algorithm,2017,1.0,0,A novel metaheuristic for multi-objective optimization problems: The multi-objective vortex search algorithm,openalex,A novel metaheuristic for multi-objective optimization problems: The multi-objective vortex search algorithm
matched,Optimal design and tuning of novel fractional order PID power system stabilizer using a new metaheuristic Bat algorithm,2017,1.0,2,Optimal design and tuning of novel fractional order PID power system stabilizer using a new metaheuristic Bat algorithm,openalex,Optimal design and tuning of novel fractional order PID power system stabilizer using a new metaheuristic Bat algorithm
rejected,Forecasting river flow in the USA using a hybrid metaheuristic algorithm with back-propagation algorithm,2017,0.415,2,A Comprehensive Survey on Particle Swarm Optimization Algorithm and Its Applications,openalex,
matched,Sperm motility algorithm: a novel metaheuristic approach for global optimisation,2017,1.0,0,Sperm motility algorithm: a novel metaheuristic approach for global optimisation,openalex,Sperm motility algorithm: a novel metaheuristic approach for global optimisation
matched,Fractal-based algorithm: a new metaheuristic method for continuous optimization,2017,1.0,0,Fractal-based Algorithm: A New Metaheuristic Method for Continuous Optimization,openalex,Fractal-based Algorithm: A New Metaheuristic Method for Continuous Optimization
matched,A novel harmony search algorithm embedded with metaheuristic opposition based learning,2017,1.0,0,A novel Harmony Search algorithm embedded with metaheuristic Opposition Based Learning,openalex,A novel Harmony Search algorithm embedded with metaheuristic Opposition Based Learning
matched,Modeling heat transfer of non-Newtonian nanofluids using hybrid ANN-Metaheuristic optimization algorithm,2017,1.0,0,Modeling heat transfer of non-Newtonian nanofluids using hybrid ANN-Metaheuristic optimization algorithm,openalex,Modeling heat transfer of non-Newtonian nanofluids using hybrid ANN-Metaheuristic optimization algorithm
matched,Medical imaging: Exams planning and resource assignment: Hybridization of a metaheuristic and a list algorithm,2017,1.0,0,Medical Imaging: Exams Planning and Resource Assignment - Hybridization of a Metaheuristic and a List Algorithm,openalex,Medical Imaging: Exams Planning and Resource Assignment - Hybridization of a Metaheuristic and a List Algorithm
matched,An effective use of hybrid metaheuristics algorithm for job shop scheduling problem,2017,1.0,1,An Effective Use of Hybrid Metaheuristics Algorithm for Job Shop Scheduling Problem,openalex,An Effective Use of Hybrid Metaheuristics Algorithm for Job Shop Scheduling Problem
matched,A new hybrid metaheuristic algorithm for wind farm micrositing,2017,1.0,0,A New Hybrid Metaheuristic Algorithm for Wind Farm Micrositing,openalex,A New Hybrid Metaheuristic Algorithm for Wind Farm Micrositing
matched,A metaheuristic algorithm based on chemotherapy science: CSA,2017,1.0,0,A Metaheuristic Algorithm Based on Chemotherapy Science: CSA,openalex,A Metaheuristic Algorithm Based on Chemotherapy Science: CSA
matched,Training of artificial neural network using metaheuristic algorithm,2017,1.0,0,Training Of Artificial Neural Network Using Metaheuristic Algorithm,openalex,Training Of Artificial Neural Network Using Metaheuristic Algorithm
matched,A new meta-heuristic algorithm: vibrating particles system,2017,1.0,0,A new meta-heuristic algorithm: vibrating particles system,openalex,A new meta-heuristic algorithm: vibrating particles system
rejected,Tree growth algorithm (TGA): An effective metaheuristic algorithm inspired by trees behavior,2017,0.398,6,"An exhaustive review of the metaheuristic algorithms for search and optimization: taxonomy, applications, and open challenges",openalex,
matched,Laying chicken algorithm: a new meta-heuristic approach to solve continuous programming problems,2017,1.0,0,Laying Chicken Algorithm: A New Meta-Heuristic Approach to Solve Continuous Programming Problems,openalex,Laying Chicken Algorithm: A New Meta-Heuristic Approach to Solve Continuous Programming Problems
matched,A nature-inspired metaheuristic cuckoo search algorithm for community detection in social networks,2017,1.0,1,A Nature-Inspired Metaheuristic Cuckoo Search Algorithm for Community Detection in Social Networks,openalex,A Nature-Inspired Metaheuristic Cuckoo Search Algorithm for Community Detection in Social Networks
matched,FOCuS: a metaheuristic algorithm for computing knockouts from genome-scale models for strain optimization,2017,1.0,0,FOCuS: a metaheuristic algorithm for computing knockouts from genome-scale models for strain optimization,openalex,FOCuS: a metaheuristic algorithm for computing knockouts from genome-scale models for strain optimization
matched,Software Effort Estimation using Meta Heuristic Algorithm.,2017,1.0,0,Software Effort Estimation using Meta Heuristic Algorithm,openalex,Software Effort Estimation using Meta Heuristic Algorithm
matched,Water evaporation algorithm: A new metaheuristic algorithm towards the solution of optimal power flow,2017,1.0,0,Water evaporation algorithm: A new metaheuristic algorithm towards the solution of optimal power flow,openalex,Water evaporation algorithm: A new metaheuristic algorithm towards the solution of optimal power flow
matched,A novel meta-heuristic optimization algorithm: thermal exchange optimization,2017,1.0,0,A novel meta-heuristic optimization algorithm: Thermal exchange optimization,openalex,A novel meta-heuristic optimization algorithm: Thermal exchange optimization
matched,A novel optimal parameters identification of triple-junction solar cell based on a recently meta-heuristic water cycle algorithm,2017,1.0,0,A novel optimal parameters identification of triple-junction solar cell based on a recently meta-heuristic water cycle algorithm,openalex,A novel optimal parameters identification of triple-junction solar cell based on a recently meta-heuristic water cycle algorithm
matched,A new meta-heuristic butterfly-inspired algorithm,2017,1.0,0,A new meta-heuristic butterfly-inspired algorithm,openalex,A new meta-heuristic butterfly-inspired algorithm
matched,Human mental search: a new population-based metaheuristic optimization algorithm,2017,1.0,0,Human mental search: a new population-based metaheuristic optimization algorithm,openalex,Human mental search: a new population-based metaheuristic optimization algorithm
matched,The vehicle routing problem with private fleet and multiple common carriers: Solution with hybrid metaheuristic algorithm,2017,1.0,0,The vehicle routing problem with private fleet and multiple common carriers: Solution with hybrid metaheuristic algorithm,openalex,The vehicle routing problem with private fleet and multiple common carriers: Solution with hybrid metaheuristic algorithm
matched,A warfare inspired optimization algorithm: the find-fix-finish-exploit-analyze (F3EA) metaheuristic algorithm,2017,1.0,1,A Warfare Inspired Optimization Algorithm: The Find-Fix-Finish-Exploit-Analyze (F3EA) Metaheuristic Algorithm,openalex,A Warfare Inspired Optimization Algorithm: The Find-Fix-Finish-Exploit-Analyze (F3EA) Metaheuristic Algorithm
matched,"… controller optimization for a heat exchanger through metaheuristic bat algorithm, particle swarm optimization, flower pollination algorithm and cuckoo search algorithm",2017,0.991,0,"PI controller optimization for a heat exchanger through metaheuristic Bat Algorithm, Particle Swarm Optimization, Flower Pollination Algorithm and Cuckoo Search Algorithm",openalex,"PI controller optimization for a heat exchanger through metaheuristic Bat Algorithm, Particle Swarm Optimization, Flower Pollination Algorithm and Cuckoo Search Algorithm"
matched,Spring search algorithm: A new meta-heuristic optimization algorithm inspired by Hooke's law,2017,1.0,0,Spring search algorithm: A new meta-heuristic optimization algorithm inspired by Hooke's law,openalex,Spring search algorithm: A new meta-heuristic optimization algorithm inspired by Hooke's law
matched,Well placement optimization using metaheuristic bat algorithm,2017,1.0,1,Well placement optimization using metaheuristic bat algorithm,openalex,Well placement optimization using metaheuristic bat algorithm
matched,Ordinal optimization based metaheuristic algorithm for optimal inventory policy of assemble-to-order systems,2017,1.0,1,Ordinal optimization based metaheuristic algorithm for optimal inventory policy of assemble-to-order systems,openalex,Ordinal optimization based metaheuristic algorithm for optimal inventory policy of assemble-to-order systems
matched,Hybrid chemical reaction based metaheuristic with fuzzy c-means algorithm for optimal cluster analysis,2017,1.0,0,Hybrid chemical reaction based metaheuristic with fuzzy c-means algorithm for optimal cluster analysis,openalex,Hybrid chemical reaction based metaheuristic with fuzzy c-means algorithm for optimal cluster analysis
matched,A cad system for the detection of abnormalities in the mammograms using the metaheuristic algorithm particle swarm optimization (pso),2017,1.0,1,A CAD System for the Detection of Abnormalities in the Mammograms Using the Metaheuristic Algorithm Particle Swarm Optimization (PSO),openalex,A CAD System for the Detection of Abnormalities in the Mammograms Using the Metaheuristic Algorithm Particle Swarm Optimization (PSO)
matched,Polar bear optimization algorithm: Meta-heuristic with fast population movement and dynamic birth and death mechanism,2017,1.0,0,Polar Bear Optimization Algorithm: Meta-Heuristic with Fast Population Movement and Dynamic Birth and Death Mechanism,openalex,Polar Bear Optimization Algorithm: Meta-Heuristic with Fast Population Movement and Dynamic Birth and Death Mechanism
matched,A percentile transition ranking algorithm applied to binarization of continuous swarm intelligence metaheuristics,2018,1.0,0,A Percentile Transition Ranking Algorithm Applied to Binarization of Continuous Swarm Intelligence Metaheuristics,openalex,A Percentile Transition Ranking Algorithm Applied to Binarization of Continuous Swarm Intelligence Metaheuristics
matched,Energy optimization for single mixed refrigerant natural gas liquefaction process using the metaheuristic vortex search algorithm,2018,1.0,1,Energy optimization for single mixed refrigerant natural gas liquefaction process using the metaheuristic vortex search algorithm,openalex,Energy optimization for single mixed refrigerant natural gas liquefaction process using the metaheuristic vortex search algorithm
matched,A hybrid metaheuristic embedded system for intelligent vehicles using hypermutated firefly algorithm optimized radial basis function neural network,2018,1.0,0,A Hybrid Metaheuristic Embedded System for Intelligent Vehicles Using Hypermutated Firefly Algorithm Optimized Radial Basis Function Neural Network,openalex,A Hybrid Metaheuristic Embedded System for Intelligent Vehicles Using Hypermutated Firefly Algorithm Optimized Radial Basis Function Neural Network
matched,Hybrid metaheuristic algorithm for clustering,2018,1.0,0,Hybrid Metaheuristic Algorithm for Clustering,crossref,Hybrid Metaheuristic Algorithm for Clustering
matched,Coyote optimization algorithm: a new metaheuristic for global optimization problems,2018,1.0,0,Coyote Optimization Algorithm: A New Metaheuristic for Global Optimization Problems,openalex,Coyote Optimization Algorithm: A New Metaheuristic for Global Optimization Problems
matched,Circular structures of puffer fish: A new metaheuristic optimization algorithm,2018,1.0,0,Circular structures of puffer fish: A new metaheuristic optimization algorithm,crossref,Circular structures of puffer fish: A new metaheuristic optimization algorithm
matched,Discrete firefly algorithm: A new metaheuristic approach for solving constraint satisfaction problems,2018,1.0,0,Discrete Firefly Algorithm: A New Metaheuristic Approach for Solving Constraint Satisfaction Problems,crossref,Discrete Firefly Algorithm: A New Metaheuristic Approach for Solving Constraint Satisfaction Problems
matched,Electric machines control optimization by a novel geo-inspired earthquake metaheuristic algorithm,2018,1.0,0,Electric machines control optimization by a novel geo-inspired earthquake metaheuristic algorithm,crossref,Electric machines control optimization by a novel geo-inspired earthquake metaheuristic algorithm
matched,Farmland fertility: A new metaheuristic algorithm for solving continuous optimization problems,2018,1.0,0,Farmland fertility: A new metaheuristic algorithm for solving continuous optimization problems,crossref,Farmland fertility: A new metaheuristic algorithm for solving continuous optimization problems
matched,Solar energy forecasting based on hybrid neural network and improved metaheuristic algorithm,2018,1.0,1,Solar energy forecasting based on hybrid neural network and improved metaheuristic algorithm,crossref,Solar energy forecasting based on hybrid neural network and improved metaheuristic algorithm
matched,A novel metaheuristic algorithm inspired by rhino herd behavior,2018,1.0,0,A Novel Metaheuristic Algorithm inspired by Rhino Herd Behavior,crossref,A Novel Metaheuristic Algorithm inspired by Rhino Herd Behavior
matched,A bi-objective green location-routing model and solving problem using a hybrid metaheuristic algorithm,2018,1.0,0,A bi-objective green location-routing model and solving problem using a hybrid metaheuristic algorithm,crossref,A bi-objective green location-routing model and solving problem using a hybrid metaheuristic algorithm
matched,A new hybrid meta-heuristic algorithm for optimal design of large-scale dome structures,2018,1.0,1,A new hybrid meta-heuristic algorithm for optimal design of large-scale dome structures,crossref,A new hybrid meta-heuristic algorithm for optimal design of large-scale dome structures
rejected,A hybrid metaheuristic algorithm for the robust pollution-routing problem,2018,0.827,3,A hybrid metaheuristic algorithm for the capacitated location routing problem,crossref,
rejected,Sine cosine crow search algorithm: a powerful hybrid meta heuristic for global optimization,2018,0.623,4,A probabilistic simplified sine cosine crow search algorithm for global optimization problems,crossref,
matched,Earthworm optimisation algorithm: a bio-inspired metaheuristic algorithm for global optimisation problems,2018,1.0,0,Earthworm optimisation algorithm: a bio-inspired metaheuristic algorithm for global optimisation problems,crossref,Earthworm optimisation algorithm: a bio-inspired metaheuristic algorithm for global optimisation problems
matched,Metaheuristic algorithm for state-based software testing,2018,1.0,0,Metaheuristic Algorithm for State-Based Software Testing,crossref,Metaheuristic Algorithm for State-Based Software Testing
matched,A metaheuristic algorithm for the multi-depot vehicle routing problem with heterogeneous fleet,2018,1.0,0,A metaheuristic algorithm for the multi-depot vehicle routing problem with heterogeneous fleet,crossref,A metaheuristic algorithm for the multi-depot vehicle routing problem with heterogeneous fleet
matched,The Pachycondyla Apicalis metaheuristic algorithm for parameters identification of chaotic electrical system,2018,1.0,1,The Pachycondyla Apicalis metaheuristic algorithm for parameters identification of chaotic electrical system,crossref,The Pachycondyla Apicalis metaheuristic algorithm for parameters identification of chaotic electrical system
rejected,Load balancing in cloud computing using meta-heuristic algorithm,2018,1.0,6,Load Balancing in Cloud Computing Using Meta Heuristic Algorithm,crossref,
matched,Lion pride optimization algorithm: a meta-heuristic method for global optimization problems,2018,1.0,0,Lion Pride Optimization Algorithm: A meta-heuristic method for global optimization problems,crossref,Lion Pride Optimization Algorithm: A meta-heuristic method for global optimization problems
rejected,Portfolio optimization using krill herd metaheuristic algorithm considering different measures of risk in Tehran stock exchange,2018,0.674,4,"Cardinality-constrained Value at Risk based Portfolio Optimization Using Krill Herd Metaheuristic Algorithm
(Case study: Tehran Stock Exchange)",crossref,
matched,Queuing search algorithm: A novel metaheuristic algorithm for solving engineering optimization problems,2018,1.0,0,Queuing search algorithm: A novel metaheuristic algorithm for solving engineering optimization problems,crossref,Queuing search algorithm: A novel metaheuristic algorithm for solving engineering optimization problems
matched,Pity beetle algorithm–A new metaheuristic inspired by the behavior of bark beetles,2018,1.0,0,Pity beetle algorithm – A new metaheuristic inspired by the behavior of bark beetles,crossref,Pity beetle algorithm – A new metaheuristic inspired by the behavior of bark beetles
matched,A new metaheuristic algorithm: car tracking optimization algorithm,2018,1.0,1,A new metaheuristic algorithm: car tracking optimization algorithm,crossref,A new metaheuristic algorithm: car tracking optimization algorithm
matched,A dynamic metaheuristic optimization model inspired by biological nervous systems: Neural network algorithm,2018,1.0,0,A dynamic metaheuristic optimization model inspired by biological nervous systems: Neural network algorithm,crossref,A dynamic metaheuristic optimization model inspired by biological nervous systems: Neural network algorithm
matched,A novel method for retinal optic disc detection using bat meta-heuristic algorithm,2018,1.0,0,A novel method for retinal optic disc detection using bat meta-heuristic algorithm,crossref,A novel method for retinal optic disc detection using bat meta-heuristic algorithm
matched,Moth search algorithm: a bio-inspired metaheuristic algorithm for global optimization problems,2018,1.0,2,Moth search algorithm: a bio-inspired metaheuristic algorithm for global optimization problems,crossref,Moth search algorithm: a bio-inspired metaheuristic algorithm for global optimization problems
matched,Enhanced discrete bacterial memetic evolutionary algorithm-an efficacious metaheuristic for the traveling salesman optimization,2018,1.0,0,Enhanced discrete bacterial memetic evolutionary algorithm - An efficacious metaheuristic for the traveling salesman optimization,crossref,Enhanced discrete bacterial memetic evolutionary algorithm - An efficacious metaheuristic for the traveling salesman optimization
matched,Two stage forecast engine with feature selection technique and improved meta-heuristic algorithm for electricity load forecasting,2018,1.0,0,Two stage forecast engine with feature selection technique and improved meta-heuristic algorithm for electricity load forecasting,crossref,Two stage forecast engine with feature selection technique and improved meta-heuristic algorithm for electricity load forecasting
matched,Interactive search algorithm: a new hybrid metaheuristic optimization algorithm,2018,1.0,0,Interactive search algorithm: A new hybrid metaheuristic optimization algorithm,crossref,Interactive search algorithm: A new hybrid metaheuristic optimization algorithm
matched,A novel state of charge and capacity estimation technique for electric vehicles connected to a smart grid based on inverse theory and a metaheuristic algorithm,2018,1.0,0,A novel state of charge and capacity estimation technique for electric vehicles connected to a smart grid based on inverse theory and a metaheuristic algorithm,crossref,A novel state of charge and capacity estimation technique for electric vehicles connected to a smart grid based on inverse theory and a metaheuristic algorithm
matched,Meta-heuristic moth swarm algorithm for multilevel thresholding image segmentation,2018,1.0,0,Meta-heuristic moth swarm algorithm for multilevel thresholding image segmentation,crossref,Meta-heuristic moth swarm algorithm for multilevel thresholding image segmentation
matched,Application of metaheuristic based fuzzy K-modes algorithm to supplier clustering,2018,1.0,0,Application of metaheuristic based fuzzy K-modes algorithm to supplier clustering,crossref,Application of metaheuristic based fuzzy K-modes algorithm to supplier clustering
matched,Optimization of flyrock and rock fragmentation in the Tajareh limestone mine using metaheuristics method of firefly algorithm,2018,1.0,1,Optimization of flyrock and rock fragmentation in the Tajareh limestone mine using metaheuristics method of firefly algorithm,crossref,Optimization of flyrock and rock fragmentation in the Tajareh limestone mine using metaheuristics method of firefly algorithm
matched,Application of a meta-heuristic optimization algorithm motivated by a vision correction procedure for civil engineering problems,2018,1.0,0,Application of a Meta-heuristic Optimization Algorithm Motivated by a Vision Correction Procedure for Civil Engineering Problems,crossref,Application of a Meta-heuristic Optimization Algorithm Motivated by a Vision Correction Procedure for Civil Engineering Problems
matched,Performance analysis of a metaheuristic algorithm for the line-haul feeder vehicle routing problem,2018,1.0,0,Performance analysis of a metaheuristic algorithm for the line-haul feeder vehicle routing problem,crossref,Performance analysis of a metaheuristic algorithm for the line-haul feeder vehicle routing problem
matched,An effective metaheuristic algorithm for intrusion detection system,2018,1.0,0,An Effective Metaheuristic Algorithm for Intrusion Detection System,crossref,An Effective Metaheuristic Algorithm for Intrusion Detection System
matched,Next generation metaheuristic: Jaguar algorithm,2018,1.0,0,Next Generation Metaheuristic: Jaguar Algorithm,crossref,Next Generation Metaheuristic: Jaguar Algorithm
matched,Task scheduling optimization in cloud based on electromagnetism metaheuristic algorithm,2018,1.0,0,Task scheduling optimization in cloud based on electromagnetism metaheuristic algorithm,crossref,Task scheduling optimization in cloud based on electromagnetism metaheuristic algorithm
matched,A hybrid metaheuristic and kernel intuitionistic fuzzy c-means algorithm for cluster analysis,2018,1.0,0,A hybrid metaheuristic and kernel intuitionistic fuzzy c-means algorithm for cluster analysis,crossref,A hybrid metaheuristic and kernel intuitionistic fuzzy c-means algorithm for cluster analysis
matched,A hybrid metaheuristic algorithm for the vehicle routing problem with stochastic demands,2018,1.0,0,A hybrid metaheuristic algorithm for the vehicle routing problem with stochastic demands,crossref,A hybrid metaheuristic algorithm for the vehicle routing problem with stochastic demands
matched,Recent meta-heuristic grasshopper optimization algorithm for optimal reconfiguration of partially shaded PV array,2018,1.0,0,Recent meta-heuristic grasshopper optimization algorithm for optimal reconfiguration of partially shaded PV array,crossref,Recent meta-heuristic grasshopper optimization algorithm for optimal reconfiguration of partially shaded PV array
matched,Query-sensitive similarity measure for content-based image retrieval using meta-heuristic algorithm,2018,1.0,0,Query-sensitive similarity measure for content-based image retrieval using meta-heuristic algorithm,crossref,Query-sensitive similarity measure for content-based image retrieval using meta-heuristic algorithm
matched,An improved nature inspired meta-heuristic algorithm for 1-D bin packing problems,2018,0.9,0,RETRACTED ARTICLE: An improved nature inspired meta-heuristic algorithm for 1-D bin packing problems,crossref,RETRACTED ARTICLE: An improved nature inspired meta-heuristic algorithm for 1-D bin packing problems
matched,A new optimization meta-heuristic algorithm based on self-defense mechanism of the plants with three reproduction operators,2018,1.0,0,A new optimization meta-heuristic algorithm based on self-defense mechanism of the plants with three reproduction operators,crossref,A new optimization meta-heuristic algorithm based on self-defense mechanism of the plants with three reproduction operators
matched,A hybrid metaheuristic algorithm for generalized vertex cover problem,2018,1.0,2,A hybrid metaheuristic algorithm for generalized vertex cover problem,crossref,A hybrid metaheuristic algorithm for generalized vertex cover problem
matched,Distributed polygeneration using local resources for an Indian village: multiobjective optimization using metaheuristic algorithm,2018,1.0,0,Distributed polygeneration using local resources for an Indian village: multiobjective optimization using metaheuristic algorithm,crossref,Distributed polygeneration using local resources for an Indian village: multiobjective optimization using metaheuristic algorithm
matched,Metaheuristic algorithm for photovoltaic parameters: comparative study and prediction with a firefly algorithm,2018,1.0,0,Metaheuristic Algorithm for Photovoltaic Parameters: Comparative Study and Prediction with a Firefly Algorithm,crossref,Metaheuristic Algorithm for Photovoltaic Parameters: Comparative Study and Prediction with a Firefly Algorithm
matched,Solution of multi-objective optimal power flow using efficient meta-heuristic algorithm,2018,1.0,1,Solution of multi-objective optimal power flow using efficient meta-heuristic algorithm,crossref,Solution of multi-objective optimal power flow using efficient meta-heuristic algorithm
matched,The Sailfish Optimizer: A novel nature-inspired metaheuristic algorithm for solving constrained engineering optimization problems,2019,1.0,0,The Sailfish Optimizer: A novel nature-inspired metaheuristic algorithm for solving constrained engineering optimization problems,crossref,The Sailfish Optimizer: A novel nature-inspired metaheuristic algorithm for solving constrained engineering optimization problems
matched,A hybrid metaheuristic algorithm for a parallel machine scheduling problem with dependent setup times,2019,1.0,0,A hybrid metaheuristic algorithm for a parallel machine scheduling problem with dependent setup times,crossref,A hybrid metaheuristic algorithm for a parallel machine scheduling problem with dependent setup times
matched,Chaotic dragonfly algorithm: an improved metaheuristic algorithm for feature selection,2019,1.0,1,Chaotic dragonfly algorithm: an improved metaheuristic algorithm for feature selection,crossref,Chaotic dragonfly algorithm: an improved metaheuristic algorithm for feature selection
matched,A genetic algorithm-based metaheuristic approach to customize a computer-aided classification system for enhanced screen film mammograms,2019,1.0,0,A genetic algorithm-based metaheuristic approach to customize a computer-aided classification system for enhanced screen film mammograms,crossref,A genetic algorithm-based metaheuristic approach to customize a computer-aided classification system for enhanced screen film mammograms
matched,An alternative approach to neural network training based on hybrid bio meta-heuristic algorithm,2019,1.0,0,An alternative approach to neural network training based on hybrid bio meta-heuristic algorithm,crossref,An alternative approach to neural network training based on hybrid bio meta-heuristic algorithm
matched,Bees metaheuristic algorithm with the aid of artificial neural networks for optimization of acid red 27 dye adsorption onto novel polypyrrole/SrFe12O19/graphene …,2019,0.941,0,Bees metaheuristic algorithm with the aid of artificial neural networks for optimization of acid red 27 dye adsorption onto novel polypyrrole/SrFe12O19/graphene oxide nanocomposite,crossref,Bees metaheuristic algorithm with the aid of artificial neural networks for optimization of acid red 27 dye adsorption onto novel polypyrrole/SrFe12O19/graphene oxide nanocomposite
matched,A new metaheuristic optimization method: the algorithm of the innovative gunner (AIG),2019,1.0,0,A new metaheuristic optimization method: the algorithm of the innovative gunner (AIG),crossref,A new metaheuristic optimization method: the algorithm of the innovative gunner (AIG)
matched,A novel metaheuristic optimization algorithm: the monarchy metaheuristic,2019,1.0,0,A novel metaheuristic optimization algorithm: the monarchy metaheuristic,crossref,A novel metaheuristic optimization algorithm: the monarchy metaheuristic
matched,Binary whale optimization algorithm: a new metaheuristic approach for profit-based unit commitment problems in competitive electricity markets,2019,1.0,1,Binary whale optimization algorithm: a new metaheuristic approach for profit-based unit commitment problems in competitive electricity markets,crossref,Binary whale optimization algorithm: a new metaheuristic approach for profit-based unit commitment problems in competitive electricity markets
rejected,A hybrid metaheuristic algorithm for the bi-objective school bus routing problem,2019,0.773,4,Exact and Metaheuristic Approaches for a Bi-Objective School Bus Scheduling Problem,crossref,
matched,"Gnowee: a hybrid metaheuristic optimization algorithm for constrained, black box, combinatorial mixed-integer design",2019,1.0,1,"Gnowee: A Hybrid Metaheuristic Optimization Algorithm for Constrained, Black Box, Combinatorial Mixed-Integer Design",crossref,"Gnowee: A Hybrid Metaheuristic Optimization Algorithm for Constrained, Black Box, Combinatorial Mixed-Integer Design"
rejected,A binary metaheuristic algorithm for wrapper feature selection,2019,0.471,5,Wrapper Feature Selection: Comparative Study of Binary Metaheuristic Algorithms,crossref,
matched,The blue monkey: A new nature inspired metaheuristic optimization algorithm,2019,1.0,0,The blue monkey: A new nature inspired metaheuristic optimization algorithm,crossref,The blue monkey: A new nature inspired metaheuristic optimization algorithm
matched,A Two‐Level Metaheuristic Algorithm for the Job‐Shop Scheduling Problem,2019,1.0,0,A Two‐Level Metaheuristic Algorithm for the Job‐Shop Scheduling Problem,crossref,A Two‐Level Metaheuristic Algorithm for the Job‐Shop Scheduling Problem
matched,Artificial coronary circulation system: A new bio-inspired metaheuristic algorithm,2019,1.0,0,Artificial Coronary Circulation System; A new bio-inspired metaheuristic algorithm,crossref,Artificial Coronary Circulation System; A new bio-inspired metaheuristic algorithm
matched,Enhanced metaheuristic optimization: wind-driven flower pollination algorithm,2019,1.0,0,Enhanced Metaheuristic Optimization: Wind-Driven Flower Pollination Algorithm,crossref,Enhanced Metaheuristic Optimization: Wind-Driven Flower Pollination Algorithm
matched,Satellite image de-noising with Harris hawks meta heuristic optimization algorithm and improved adaptive generalized gaussian distribution threshold function,2019,1.0,0,Satellite Image De-Noising With Harris Hawks Meta Heuristic Optimization Algorithm and Improved Adaptive Generalized Gaussian Distribution Threshold Function,crossref,Satellite Image De-Noising With Harris Hawks Meta Heuristic Optimization Algorithm and Improved Adaptive Generalized Gaussian Distribution Threshold Function
matched,Deer hunting optimization algorithm: a new nature-inspired meta-heuristic paradigm,2019,1.0,0,Deer Hunting Optimization Algorithm: A New Nature-Inspired Meta-heuristic Paradigm,crossref,Deer Hunting Optimization Algorithm: A New Nature-Inspired Meta-heuristic Paradigm
matched,New hybrid metaheuristic algorithm for scintillator gamma ray spectrum analysis,2019,1.0,0,New hybrid metaheuristic algorithm for scintillator gamma ray spectrum analysis,crossref,New hybrid metaheuristic algorithm for scintillator gamma ray spectrum analysis
matched,Meta-heuristic bus transportation algorithm,2019,1.0,1,Meta-heuristic bus transportation algorithm,crossref,Meta-heuristic bus transportation algorithm
matched,Multi-objective metaheuristic algorithm for optimal distributed generator placement and profit analysis,2019,1.0,0,Multi-Objective Metaheuristic Algorithm for Optimal Distributed Generator Placement and Profit Analysis,crossref,Multi-Objective Metaheuristic Algorithm for Optimal Distributed Generator Placement and Profit Analysis
matched,Cost optimization of multiunit construction projects using linear programming and metaheuristic-based simulated annealing algorithm,2019,1.0,0,COST OPTIMIZATION OF MULTIUNIT CONSTRUCTION PROJECTS USING LINEAR PROGRAMMING AND METAHEURISTIC-BASED SIMULATED ANNEALING ALGORITHM,crossref,COST OPTIMIZATION OF MULTIUNIT CONSTRUCTION PROJECTS USING LINEAR PROGRAMMING AND METAHEURISTIC-BASED SIMULATED ANNEALING ALGORITHM
rejected,Buzzard optimization algorithm: A nature-inspired metaheuristic algorithm,2019,0.897,4,Lion Optimization Algorithm (LOA): A nature-inspired metaheuristic algorithm,crossref,
matched,An efficient two-phase metaheuristic algorithm for the time dependent traveling salesman problem,2019,1.0,0,An efficient two-phase metaheuristic algorithm for the time dependent traveling Salesman problem,crossref,An efficient two-phase metaheuristic algorithm for the time dependent traveling Salesman problem
rejected,Shape and size optimization of trusses with dynamic constraints using a metaheuristic algorithm,2019,0.813,7,Shape and size optimization of truss structures considering dynamic constraints through modern metaheuristic algorithms,crossref,
matched,A metaheuristic adaptive cubature based algorithm to find Bayesian optimal designs for nonlinear models,2019,1.0,0,A Metaheuristic Adaptive Cubature Based Algorithm to Find Bayesian Optimal Designs for Nonlinear Models,crossref,A Metaheuristic Adaptive Cubature Based Algorithm to Find Bayesian Optimal Designs for Nonlinear Models
matched,BMM: A binary metaheuristic mapping algorithm for mesh-based network-on-chip,2019,1.0,0,BMM: A Binary Metaheuristic Mapping Algorithm for Mesh-Based Network-on-Chip,crossref,BMM: A Binary Metaheuristic Mapping Algorithm for Mesh-Based Network-on-Chip
matched,Rapid simulation of optimally responsive façade during schematic design phases: Use of a new hybrid metaheuristic algorithm,2019,1.0,0,Rapid Simulation of Optimally Responsive Façade during Schematic Design Phases: Use of a New Hybrid Metaheuristic Algorithm,crossref,Rapid Simulation of Optimally Responsive Façade during Schematic Design Phases: Use of a New Hybrid Metaheuristic Algorithm
matched,A novel hybrid meta-heuristic algorithm based on the cross-entropy method and firefly algorithm for global optimization,2019,1.0,0,A Novel Hybrid Meta-Heuristic Algorithm Based on the Cross-Entropy Method and Firefly Algorithm for Global Optimization,crossref,A Novel Hybrid Meta-Heuristic Algorithm Based on the Cross-Entropy Method and Firefly Algorithm for Global Optimization
matched,A novel approach for PV system based on metaheuristic algorithm connected to the grid using FS-MPC controller,2019,1.0,0,A novel approach for PV system based on metaheuristic algorithm connected to the grid using FS-MPC controller,crossref,A novel approach for PV system based on metaheuristic algorithm connected to the grid using FS-MPC controller
matched,"Novel statistical forecasting models for crude oil price, gas price, and interest rate based on meta-heuristic bat algorithm",2019,1.0,0,"Novel statistical forecasting models for crude oil price, gas price, and interest rate based on meta-heuristic bat algorithm",crossref,"Novel statistical forecasting models for crude oil price, gas price, and interest rate based on meta-heuristic bat algorithm"
matched,Robust multi-objective multi-humanoid robots task allocation based on novel hybrid metaheuristic algorithm,2019,1.0,0,Robust multi-objective multi-humanoid robots task allocation based on novel hybrid metaheuristic algorithm,crossref,Robust multi-objective multi-humanoid robots task allocation based on novel hybrid metaheuristic algorithm
matched,Prediction of uniaxial compressive strength of different quarried rocks using metaheuristic algorithm,2019,1.0,0,Prediction of Uniaxial Compressive Strength of Different Quarried Rocks Using Metaheuristic Algorithm,crossref,Prediction of Uniaxial Compressive Strength of Different Quarried Rocks Using Metaheuristic Algorithm
matched,Optimal power flow for transmission power networks using a novel metaheuristic algorithm,2019,1.0,0,Optimal Power Flow for Transmission Power Networks Using a Novel Metaheuristic Algorithm,crossref,Optimal Power Flow for Transmission Power Networks Using a Novel Metaheuristic Algorithm
matched,Investigations on metaheuristic algorithm for designing adaptive PID controller for continuous stirred tank reactor,2019,1.0,0,Investigations on Metaheuristic Algorithm for Designing Adaptive PID Controller for Continuous Stirred Tank Reactor,crossref,Investigations on Metaheuristic Algorithm for Designing Adaptive PID Controller for Continuous Stirred Tank Reactor
matched,An effective metaheuristic algorithm for flowshop scheduling with deteriorating jobs,2019,1.0,1,An effective metaheuristic algorithm for flowshop scheduling with deteriorating jobs,crossref,An effective metaheuristic algorithm for flowshop scheduling with deteriorating jobs
matched,A new automatic method for control chart patterns recognition based on ConvNet and harris hawks meta heuristic optimization algorithm,2019,1.0,0,A New Automatic Method for Control Chart Patterns Recognition Based on ConvNet and Harris Hawks Meta Heuristic Optimization Algorithm,crossref,A New Automatic Method for Control Chart Patterns Recognition Based on ConvNet and Harris Hawks Meta Heuristic Optimization Algorithm
matched,Heuristics and metaheuristics approach for query optimization using genetics and memetics algorithm,2019,1.0,0,Heuristics and Metaheuristics Approach for Query Optimization Using Genetics and Memetics Algorithm,crossref,Heuristics and Metaheuristics Approach for Query Optimization Using Genetics and Memetics Algorithm
matched,Robust tuning of excitation controller for stability enhancement using multi-objective metaheuristic Firefly algorithm,2019,1.0,0,Robust tuning of excitation controller for stability enhancement using multi-objective metaheuristic Firefly algorithm,crossref,Robust tuning of excitation controller for stability enhancement using multi-objective metaheuristic Firefly algorithm
matched,Metaheuristic optimization method for compact reactor radiation shielding design based on genetic algorithm,2019,1.0,0,Metaheuristic optimization method for compact reactor radiation shielding design based on genetic algorithm,crossref,Metaheuristic optimization method for compact reactor radiation shielding design based on genetic algorithm
matched,A new meta-heuristic optimizer: Pathfinder algorithm,2019,1.0,0,A new meta-heuristic optimizer: Pathfinder algorithm,crossref,A new meta-heuristic optimizer: Pathfinder algorithm
matched,A metaheuristic algorithm and simulation to study the effect of learning or tiredness on sequence-dependent setup times in a parallel machine scheduling problem,2019,1.0,0,A metaheuristic algorithm and simulation to study the effect of learning or tiredness on sequence-dependent setup times in a parallel machine scheduling problem,crossref,A metaheuristic algorithm and simulation to study the effect of learning or tiredness on sequence-dependent setup times in a parallel machine scheduling problem
matched,Find-fix-finish-exploit-analyze (f3ea) meta-heuristic algorithm: An effective algorithm with new evolutionary operators for global optimization,2019,1.0,0,Find-Fix-Finish-Exploit-Analyze (F3EA) meta-heuristic algorithm: An effective algorithm with new evolutionary operators for global optimization,crossref,Find-Fix-Finish-Exploit-Analyze (F3EA) meta-heuristic algorithm: An effective algorithm with new evolutionary operators for global optimization
matched,Control of a refrigeration system benchmark problem: An approach based on cor metaheuristic algorithm and topsis method,2019,1.0,0,Control of a Refrigeration System Benchmark Problem: An Approach based on COR Metaheuristic Algorithm and TOPSIS Method,crossref,Control of a Refrigeration System Benchmark Problem: An Approach based on COR Metaheuristic Algorithm and TOPSIS Method
matched,Solving large-scale function optimization problem by using a new metaheuristic algorithm based on quantum dolphin swarm algorithm,2019,1.0,0,Solving Large-Scale Function Optimization Problem by Using a New Metaheuristic Algorithm Based on Quantum Dolphin Swarm Algorithm,crossref,Solving Large-Scale Function Optimization Problem by Using a New Metaheuristic Algorithm Based on Quantum Dolphin Swarm Algorithm
matched,Emperor Penguins Colony: a new metaheuristic algorithm for optimization,2019,1.0,0,Emperor Penguins Colony: a new metaheuristic algorithm for optimization,crossref,Emperor Penguins Colony: a new metaheuristic algorithm for optimization
matched,Hybrid metaheuristic algorithm for improving the efficiency of data clustering,2019,1.0,1,Hybrid metaheuristic algorithm for improving the efficiency of data clustering,crossref,Hybrid metaheuristic algorithm for improving the efficiency of data clustering
matched,A novel hybrid metaheuristic algorithm for model order reduction in the delta domain: a unified approach,2019,1.0,1,A novel hybrid metaheuristic algorithm for model order reduction in the delta domain: a unified approach,crossref,A novel hybrid metaheuristic algorithm for model order reduction in the delta domain: a unified approach
matched,A modified nature inspired meta-heuristic whale optimization algorithm for solving 0–1 knapsack problem,2019,1.0,2,A modified nature inspired meta-heuristic whale optimization algorithm for solving 0–1 knapsack problem,crossref,A modified nature inspired meta-heuristic whale optimization algorithm for solving 0–1 knapsack problem
matched,Fuzzy logic controller parameter optimization using metaheuristic cuckoo search algorithm for a magnetic levitation system,2019,1.0,0,Fuzzy Logic Controller Parameter Optimization Using Metaheuristic Cuckoo Search Algorithm for a Magnetic Levitation System,crossref,Fuzzy Logic Controller Parameter Optimization Using Metaheuristic Cuckoo Search Algorithm for a Magnetic Levitation System
matched,Mobile phone usage detection by ann trained with a metaheuristic algorithm,2019,1.0,0,Mobile Phone Usage Detection by ANN Trained with a Metaheuristic Algorithm †,crossref,Mobile Phone Usage Detection by ANN Trained with a Metaheuristic Algorithm †
matched,Fine-tuning meta-heuristic algorithm for global optimization,2019,1.0,0,Fine-Tuning Meta-Heuristic Algorithm for Global Optimization,crossref,Fine-Tuning Meta-Heuristic Algorithm for Global Optimization
matched,The solar system algorithm: a novel metaheuristic method for global optimization,2020,1.0,1,The Solar System Algorithm: A Novel Metaheuristic Method for Global Optimization,crossref,The Solar System Algorithm: A Novel Metaheuristic Method for Global Optimization
matched,Immune plasma algorithm: A novel meta-heuristic for optimization problems,2020,1.0,0,Immune Plasma Algorithm: A Novel Meta-Heuristic for Optimization Problems,crossref,Immune Plasma Algorithm: A Novel Meta-Heuristic for Optimization Problems
matched,ORCA optimization algorithm: A new meta-heuristic tool for complex optimization problems,2020,1.0,0,ORCA Optimization Algorithm: A New Meta-Heuristic Tool for Complex Optimization Problems,crossref,ORCA Optimization Algorithm: A New Meta-Heuristic Tool for Complex Optimization Problems
matched,Mayfly in harmony: A new hybrid meta-heuristic feature selection algorithm,2020,1.0,0,Mayfly in Harmony: A New Hybrid Meta-Heuristic Feature Selection Algorithm,crossref,Mayfly in Harmony: A New Hybrid Meta-Heuristic Feature Selection Algorithm
matched,Gradient-based optimizer: A new metaheuristic optimization algorithm,2020,1.0,0,Gradient-based optimizer: A new metaheuristic optimization algorithm,crossref,Gradient-based optimizer: A new metaheuristic optimization algorithm
matched,Human urbanization algorithm: A novel metaheuristic approach,2020,1.0,0,Human urbanization algorithm: A novel metaheuristic approach,crossref,Human urbanization algorithm: A novel metaheuristic approach
matched,Lévy flight distribution: A new metaheuristic algorithm for solving engineering optimization problems,2020,1.0,0,Lévy flight distribution: A new metaheuristic algorithm for solving engineering optimization problems,crossref,Lévy flight distribution: A new metaheuristic algorithm for solving engineering optimization problems
matched,Group teaching optimization algorithm: A novel metaheuristic method for solving global optimization problems,2020,1.0,0,Group teaching optimization algorithm: A novel metaheuristic method for solving global optimization problems,crossref,Group teaching optimization algorithm: A novel metaheuristic method for solving global optimization problems
matched,Rain optimization algorithm (ROA): A new metaheuristic method for drilling optimization solutions,2020,1.0,0,Rain optimization algorithm (ROA): A new metaheuristic method for drilling optimization solutions,crossref,Rain optimization algorithm (ROA): A new metaheuristic method for drilling optimization solutions
matched,Interactive autodidactic school: A new metaheuristic optimization algorithm for solving mathematical and structural design optimization problems,2020,1.0,0,Interactive autodidactic school: A new metaheuristic optimization algorithm for solving mathematical and structural design optimization problems,crossref,Interactive autodidactic school: A new metaheuristic optimization algorithm for solving mathematical and structural design optimization problems
matched,Adolescent Identity Search Algorithm (AISA): A novel metaheuristic approach for solving optimization problems,2020,1.0,0,Adolescent Identity Search Algorithm (AISA): A novel metaheuristic approach for solving optimization problems,crossref,Adolescent Identity Search Algorithm (AISA): A novel metaheuristic approach for solving optimization problems
matched,Multivariable grey prediction evolution algorithm: a new metaheuristic,2020,1.0,0,Multivariable grey prediction evolution algorithm: A new metaheuristic,crossref,Multivariable grey prediction evolution algorithm: A new metaheuristic
matched,New Caledonian crow learning algorithm: A new metaheuristic algorithm for solving continuous optimization problems,2020,1.0,0,New Caledonian crow learning algorithm: A new metaheuristic algorithm for solving continuous optimization problems,crossref,New Caledonian crow learning algorithm: A new metaheuristic algorithm for solving continuous optimization problems
matched,Black widow optimization algorithm: a novel meta-heuristic approach for solving engineering optimization problems,2020,1.0,0,Black Widow Optimization Algorithm: A novel meta-heuristic approach for solving engineering optimization problems,crossref,Black Widow Optimization Algorithm: A novel meta-heuristic approach for solving engineering optimization problems
matched,Marine Predators Algorithm: A nature-inspired metaheuristic,2020,1.0,0,Marine Predators Algorithm: A nature-inspired metaheuristic,crossref,Marine Predators Algorithm: A nature-inspired metaheuristic
matched,A new Newton metaheuristic algorithm for discrete performance-based design optimization of steel moment frames,2020,1.0,0,A new Newton metaheuristic algorithm for discrete performance-based design optimization of steel moment frames,crossref,A new Newton metaheuristic algorithm for discrete performance-based design optimization of steel moment frames
matched,Water strider algorithm: A new metaheuristic and applications,2020,1.0,0,Water strider algorithm: A new metaheuristic and applications,crossref,Water strider algorithm: A new metaheuristic and applications
matched,Dynamic differential annealed optimization: New metaheuristic optimization algorithm for engineering applications,2020,1.0,0,Dynamic differential annealed optimization: New metaheuristic optimization algorithm for engineering applications,crossref,Dynamic differential annealed optimization: New metaheuristic optimization algorithm for engineering applications
matched,A new metaheuristic optimization algorithm inspired by human dynasties with an application to the wind turbine micrositing problem,2020,1.0,0,A new metaheuristic optimization algorithm inspired by human dynasties with an application to the wind turbine micrositing problem,crossref,A new metaheuristic optimization algorithm inspired by human dynasties with an application to the wind turbine micrositing problem
matched,A novel wrapper feature selection algorithm based on iterated greedy metaheuristic for sentiment classification,2020,1.0,0,A novel wrapper feature selection algorithm based on iterated greedy metaheuristic for sentiment classification,crossref,A novel wrapper feature selection algorithm based on iterated greedy metaheuristic for sentiment classification
matched,Novel meta-heuristic bald eagle search optimisation algorithm,2020,1.0,1,Novel meta-heuristic bald eagle search optimisation algorithm,crossref,Novel meta-heuristic bald eagle search optimisation algorithm
matched,A novel hybrid metaheuristic algorithm for optimization of construction management site layout planning,2020,1.0,0,A Novel Hybrid Metaheuristic Algorithm for Optimization of Construction Management Site Layout Planning,crossref,A Novel Hybrid Metaheuristic Algorithm for Optimization of Construction Management Site Layout Planning
matched,MoSSE: a novel hybrid multi-objective meta-heuristic algorithm for engineering design problems,2020,1.0,0,MoSSE: a novel hybrid multi-objective meta-heuristic algorithm for engineering design problems,crossref,MoSSE: a novel hybrid multi-objective meta-heuristic algorithm for engineering design problems
matched,Hybrid microgrid energy management and control based on metaheuristic-driven vector-decoupled algorithm considering intermittent renewable sources and electric …,2020,0.935,0,Hybrid Microgrid Energy Management and Control Based on Metaheuristic-Driven Vector-Decoupled Algorithm Considering Intermittent Renewable Sources and Electric Vehicles Charging Lot,crossref,Hybrid Microgrid Energy Management and Control Based on Metaheuristic-Driven Vector-Decoupled Algorithm Considering Intermittent Renewable Sources and Electric Vehicles Charging Lot
matched,A hybrid metaheuristic algorithm for the efficient placement of UAVs,2020,1.0,0,A Hybrid Metaheuristic Algorithm for the Efficient Placement of UAVs,crossref,A Hybrid Metaheuristic Algorithm for the Efficient Placement of UAVs
matched,A multi-objective sustainable medicine supply chain network design using a novel hybrid multi-objective metaheuristic algorithm,2020,1.0,0,A Multi-objective Sustainable Medicine Supply Chain Network Design Using a Novel Hybrid Multi-objective Metaheuristic Algorithm,crossref,A Multi-objective Sustainable Medicine Supply Chain Network Design Using a Novel Hybrid Multi-objective Metaheuristic Algorithm
matched,The hybrid whale optimization algorithm: A new metaheuristic algorithm for energy-efficient on flow shop with dependent sequence setup,2020,1.0,0,The hybrid whale optimization algorithm: A new metaheuristic algorithm for energy-efficient on flow shop with dependent sequence setup,crossref,The hybrid whale optimization algorithm: A new metaheuristic algorithm for energy-efficient on flow shop with dependent sequence setup
rejected,… approach for model updating of a large-scale cable-stayed bridge using ambient vibration measurements combined with a hybrid metaheuristic search algorithm,2020,0.39,29,Ambient vibration measurements on a cable‐stayed bridge,crossref,
matched,On the use of the SOS metaheuristic algorithm in hybrid image fusion methods to achieve optimum spectral fidelity,2020,1.0,0,On the use of the SOS metaheuristic algorithm in hybrid image fusion methods to achieve optimum spectral fidelity,crossref,On the use of the SOS metaheuristic algorithm in hybrid image fusion methods to achieve optimum spectral fidelity
matched,ATLA: A novel metaheuristic optimization algorithm inspired by the mating search behavior of longicorn beetles in the nature,2020,1.0,0,ATLA: A novel metaheuristic optimization algorithm inspired by the mating search behavior of longicorn beetles in the nature,crossref,ATLA: A novel metaheuristic optimization algorithm inspired by the mating search behavior of longicorn beetles in the nature
matched,A New Metaheuristic‐Based Hierarchical Clustering Algorithm for Software Modularization,2020,1.0,0,A New Metaheuristic-Based Hierarchical Clustering Algorithm for Software Modularization,crossref,A New Metaheuristic-Based Hierarchical Clustering Algorithm for Software Modularization
rejected,A hybrid metaheuristic algorithm for the heterogeneous school bus routing problem and a real case study,2020,0.519,6,Solving School Bus Routing Problem Using Hybrid Genetic Algorithm: A Case Study,crossref,
matched,Optimal location and size of distributed generators in an electric distribution system based on a novel metaheuristic algorithm,2020,1.0,0,Optimal Location and Size of Distributed Generators in an Electric Distribution System based on a Novel Metaheuristic Algorithm,crossref,Optimal Location and Size of Distributed Generators in an Electric Distribution System based on a Novel Metaheuristic Algorithm
matched,"Agile two-stage lot-sizing and scheduling problem with reliability, customer satisfaction and behaviour under uncertainty: a hybrid metaheuristic algorithm",2020,1.0,1,"Agile two-stage lot-sizing and scheduling problem with reliability, customer satisfaction and behaviour under uncertainty: a hybrid metaheuristic algorithm",crossref,"Agile two-stage lot-sizing and scheduling problem with reliability, customer satisfaction and behaviour under uncertainty: a hybrid metaheuristic algorithm"
matched,An Enhanced Two‐Level Metaheuristic Algorithm with Adaptive Hybrid Neighborhood Structures for the Job‐Shop Scheduling Problem,2020,1.0,0,An Enhanced Two-Level Metaheuristic Algorithm with Adaptive Hybrid Neighborhood Structures for the Job-Shop Scheduling Problem,crossref,An Enhanced Two-Level Metaheuristic Algorithm with Adaptive Hybrid Neighborhood Structures for the Job-Shop Scheduling Problem
matched,A novel metaheuristic algorithm for edge detection based on artificial bee colony,2020,0.942,0,A Novel Metaheuristic Algorithm for Edge Detection Based on Artificial Bee Colony Technique,crossref,A Novel Metaheuristic Algorithm for Edge Detection Based on Artificial Bee Colony Technique
matched,Projectiles optimization: A novel metaheuristic algorithm for global optimization,2020,1.0,0,Projectiles Optimization: A Novel Metaheuristic Algorithm for Global Optimization,crossref,Projectiles Optimization: A Novel Metaheuristic Algorithm for Global Optimization
matched,Color harmony algorithm: an art-inspired metaheuristic for mathematical function optimization,2020,1.0,0,Color harmony algorithm: an art-inspired metaheuristic for mathematical function optimization,crossref,Color harmony algorithm: an art-inspired metaheuristic for mathematical function optimization
matched,Coronavirus optimization algorithm: a bioinspired metaheuristic based on the COVID-19 propagation model,2020,1.0,0,Coronavirus Optimization Algorithm: A Bioinspired Metaheuristic Based on the COVID-19 Propagation Model,crossref,Coronavirus Optimization Algorithm: A Bioinspired Metaheuristic Based on the COVID-19 Propagation Model
matched,Transient search optimization: a new meta-heuristic optimization algorithm,2020,1.0,0,Transient search optimization: a new meta-heuristic optimization algorithm,crossref,Transient search optimization: a new meta-heuristic optimization algorithm
matched,Optimal Reactive Power Flow for Large‐Scale Power Systems Using an Effective Metaheuristic Algorithm,2020,1.0,0,Optimal Reactive Power Flow for Large-Scale Power Systems Using an Effective Metaheuristic Algorithm,crossref,Optimal Reactive Power Flow for Large-Scale Power Systems Using an Effective Metaheuristic Algorithm
matched,A novel nature-inspired meta-heuristic algorithm for optimization: bear smell search algorithm,2020,1.0,0,A novel nature-inspired meta-heuristic algorithm for optimization: bear smell search algorithm,crossref,A novel nature-inspired meta-heuristic algorithm for optimization: bear smell search algorithm
matched,Shuffled shepherd optimization method: a new meta-heuristic algorithm,2020,1.0,0,Shuffled shepherd optimization method: a new Meta-heuristic algorithm,crossref,Shuffled shepherd optimization method: a new Meta-heuristic algorithm
matched,Jaya: a new meta-heuristic algorithm for the optimization of braced dome structures,2020,1.0,1,Jaya: A New Meta-heuristic Algorithm for the Optimization of Braced Dome Structures,crossref,Jaya: A New Meta-heuristic Algorithm for the Optimization of Braced Dome Structures
matched,Metaheuristic algorithm for solving the multi-objective vehicle routing problem with time window and drones,2020,1.0,0,Metaheuristic algorithm for solving the multi-objective vehicle routing problem with time window and drones,crossref,Metaheuristic algorithm for solving the multi-objective vehicle routing problem with time window and drones
matched,MOGSABAT: a metaheuristic hybrid algorithm for solving multi-objective optimisation problems,2020,1.0,2,MOGSABAT: a metaheuristic hybrid algorithm for solving multi-objective optimisation problems,crossref,MOGSABAT: a metaheuristic hybrid algorithm for solving multi-objective optimisation problems
matched,Energy-aware metaheuristic algorithm for industrial-Internet-of-Things task scheduling problems in fog computing applications,2020,1.0,1,Energy-Aware Metaheuristic Algorithm for Industrial-Internet-of-Things Task Scheduling Problems in Fog Computing Applications,crossref,Energy-Aware Metaheuristic Algorithm for Industrial-Internet-of-Things Task Scheduling Problems in Fog Computing Applications
matched,Big Data analysis using a metaheuristic algorithm: Twitter as Case Study,2020,1.0,0,Big Data analysis using a metaheuristic algorithm: Twitter as Case Study,crossref,Big Data analysis using a metaheuristic algorithm: Twitter as Case Study
matched,The two-echelon multi-objective location routing problem inspired by realistic waste collection applications: The composable model and a metaheuristic algorithm,2020,1.0,0,The two-echelon multi-objective location routing problem inspired by realistic waste collection applications: The composable model and a metaheuristic algorithm,crossref,The two-echelon multi-objective location routing problem inspired by realistic waste collection applications: The composable model and a metaheuristic algorithm
matched,Efficient metaheuristic population-based and deterministic algorithm for resource provisioning using ant colony optimization and spanning tree,2020,1.0,0,Efficient Metaheuristic Population-Based and Deterministic Algorithm for Resource Provisioning Using Ant Colony Optimization and Spanning Tree,crossref,Efficient Metaheuristic Population-Based and Deterministic Algorithm for Resource Provisioning Using Ant Colony Optimization and Spanning Tree
matched,Introducing a novel multi-layer perceptron network based on stochastic gradient descent optimized by a meta-heuristic algorithm for landslide susceptibility mapping,2020,1.0,0,Introducing a novel multi-layer perceptron network based on stochastic gradient descent optimized by a meta-heuristic algorithm for landslide susceptibility mapping,crossref,Introducing a novel multi-layer perceptron network based on stochastic gradient descent optimized by a meta-heuristic algorithm for landslide susceptibility mapping
matched,Piston error correction of sparse aperture systems using the metaheuristic stochastic parallel gradient descent algorithm,2020,1.0,0,Piston error correction of sparse aperture systems using the metaheuristic stochastic parallel gradient descent algorithm,crossref,Piston error correction of sparse aperture systems using the metaheuristic stochastic parallel gradient descent algorithm
matched,Optimal reconfiguration of distribution network in presence of D-STATCOM and photovoltaic array using a metaheuristic algorithm,2020,1.0,0,Optimal Reconfiguration of Distribution Network in Presence of D-STATCOM and Photovoltaic Array using a Metaheuristic Algorithm,crossref,Optimal Reconfiguration of Distribution Network in Presence of D-STATCOM and Photovoltaic Array using a Metaheuristic Algorithm
matched,Complex-valued encoding metaheuristic optimization algorithm: A comprehensive survey,2020,1.0,0,Complex-valued encoding metaheuristic optimization algorithm: A comprehensive survey,crossref,Complex-valued encoding metaheuristic optimization algorithm: A comprehensive survey
rejected,Metaheuristic algorithm for capital letters images recognition,2020,0.518,6,Metaheuristic approach to optical character recognition of Old Slavic letters,crossref,
matched,Comprehensive overview of meta-heuristic algorithm applications on PV cell parameter identification,2020,1.0,0,Comprehensive overview of meta-heuristic algorithm applications on PV cell parameter identification,crossref,Comprehensive overview of meta-heuristic algorithm applications on PV cell parameter identification
rejected,Optimized resource scheduling using the meta heuristic algorithm in cloud computing,2020,0.615,4,EFO: Resource Aware Scheduling Model for Cloud Computing Using Meta-Heuristic Algorithm,crossref,
matched,Optimal placement and sizing of renewable distributed generation using hybrid metaheuristic algorithm,2020,1.0,0,Optimal Placement and Sizing of Renewable Distributed Generation Using Hybrid Metaheuristic Algorithm,crossref,Optimal Placement and Sizing of Renewable Distributed Generation Using Hybrid Metaheuristic Algorithm
matched,An elite hybrid metaheuristic optimization algorithm for maximizing wireless sensor networks lifetime with a sink node,2020,1.0,0,An Elite Hybrid Metaheuristic Optimization Algorithm for Maximizing Wireless Sensor Networks Lifetime With a Sink Node,crossref,An Elite Hybrid Metaheuristic Optimization Algorithm for Maximizing Wireless Sensor Networks Lifetime With a Sink Node
matched,Segmentation of MR brain images through hidden Markov random field and hybrid metaheuristic algorithm,2020,1.0,0,Segmentation of MR Brain Images Through Hidden Markov Random Field and Hybrid Metaheuristic Algorithm,crossref,Segmentation of MR Brain Images Through Hidden Markov Random Field and Hybrid Metaheuristic Algorithm
matched,An efficient hybrid metaheuristic algorithm for cardinality constrained portfolio optimization,2020,1.0,0,An efficient hybrid metaheuristic algorithm for cardinality constrained portfolio optimization,crossref,An efficient hybrid metaheuristic algorithm for cardinality constrained portfolio optimization
matched,A hybrid metaheuristic algorithm for a profit-oriented and energy-efficient disassembly sequencing problem,2020,1.0,0,A hybrid metaheuristic algorithm for a profit-oriented and energy-efficient disassembly sequencing problem,crossref,A hybrid metaheuristic algorithm for a profit-oriented and energy-efficient disassembly sequencing problem
matched,A new energy-aware tasks scheduling approach in fog computing using hybrid meta-heuristic algorithm,2020,1.0,0,A new energy-aware tasks scheduling approach in fog computing using hybrid meta-heuristic algorithm,crossref,A new energy-aware tasks scheduling approach in fog computing using hybrid meta-heuristic algorithm
matched,Data in intelligent approach for estimation of disc cutter life using hybrid metaheuristic algorithm,2020,1.0,0,Data in intelligent approach for estimation of disc cutter life using hybrid metaheuristic algorithm,crossref,Data in intelligent approach for estimation of disc cutter life using hybrid metaheuristic algorithm
matched,Solving renewables-integrated economic load dispatch problem by variant of metaheuristic bat-inspired algorithm,2020,1.0,0,Solving Renewables-Integrated Economic Load Dispatch Problem by Variant of Metaheuristic Bat-Inspired Algorithm,crossref,Solving Renewables-Integrated Economic Load Dispatch Problem by Variant of Metaheuristic Bat-Inspired Algorithm
matched,An energy efficient service composition mechanism using a hybrid meta-heuristic algorithm in a mobile cloud environment,2020,1.0,0,An energy efficient service composition mechanism using a hybrid meta-heuristic algorithm in a mobile cloud environment,crossref,An energy efficient service composition mechanism using a hybrid meta-heuristic algorithm in a mobile cloud environment
matched,A hybrid meta-heuristic algorithm for scientific workflow scheduling in heterogeneous distributed computing systems,2020,1.0,0,A hybrid meta-heuristic algorithm for scientific workflow scheduling in heterogeneous distributed computing systems,crossref,A hybrid meta-heuristic algorithm for scientific workflow scheduling in heterogeneous distributed computing systems
matched,A metaheuristic algorithm for routing school buses with mixed load,2020,1.0,0,A Metaheuristic Algorithm for Routing School Buses With Mixed Load,crossref,A Metaheuristic Algorithm for Routing School Buses With Mixed Load
matched,Black Hole Mechanics Optimization: a novel meta-heuristic algorithm,2020,1.0,0,Black Hole Mechanics Optimization: a novel meta-heuristic algorithm,crossref,Black Hole Mechanics Optimization: a novel meta-heuristic algorithm
matched,Red deer algorithm (RDA): a new nature-inspired meta-heuristic,2020,1.0,0,Red deer algorithm (RDA): a new nature-inspired meta-heuristic,crossref,Red deer algorithm (RDA): a new nature-inspired meta-heuristic
matched,Tunicate Swarm Algorithm: A new bio-inspired based metaheuristic paradigm for global optimization,2020,1.0,0,Tunicate Swarm Algorithm: A new bio-inspired based metaheuristic paradigm for global optimization,crossref,Tunicate Swarm Algorithm: A new bio-inspired based metaheuristic paradigm for global optimization
matched,Momentum search algorithm: A new meta-heuristic optimization algorithm inspired by momentum conservation law,2020,1.0,0,Momentum search algorithm: a new meta-heuristic optimization algorithm inspired by momentum conservation law,crossref,Momentum search algorithm: a new meta-heuristic optimization algorithm inspired by momentum conservation law
matched,"… arrhythmia diagnosis based on the combination of morphological, frequency and nonlinear features of ECG signals and metaheuristic feature selection algorithm",2020,0.981,0,"Heart arrhythmia diagnosis based on the combination of morphological, frequency and nonlinear features of ECG signals and metaheuristic feature selection algorithm",crossref,"Heart arrhythmia diagnosis based on the combination of morphological, frequency and nonlinear features of ECG signals and metaheuristic feature selection algorithm"
matched,Optimization of varying-parameter drilling for multi-hole parts using metaheuristic algorithm coupled with self-adaptive penalty method,2020,1.0,0,Optimization of varying-parameter drilling for multi-hole parts using metaheuristic algorithm coupled with self-adaptive penalty method,crossref,Optimization of varying-parameter drilling for multi-hole parts using metaheuristic algorithm coupled with self-adaptive penalty method
matched,Billiards-inspired optimization algorithm; a new meta-heuristic method,2020,1.0,0,Billiards-inspired optimization algorithm; a new meta-heuristic method,crossref,Billiards-inspired optimization algorithm; a new meta-heuristic method
matched,Meta-heuristic matrix moth–flame algorithm for optimal reconfiguration of distribution networks and placement of solar and wind renewable sources considering …,2020,0.963,0,Meta-heuristic matrix moth–flame algorithm for optimal reconfiguration of distribution networks and placement of solar and wind renewable sources considering reliability,crossref,Meta-heuristic matrix moth–flame algorithm for optimal reconfiguration of distribution networks and placement of solar and wind renewable sources considering reliability
matched,Meta-heuristic algorithm for solving vehicle routing problems with time windows and synchronized visit constraints in prefabricated systems,2020,1.0,0,Meta-heuristic algorithm for solving vehicle routing problems with time windows and synchronized visit constraints in prefabricated systems,crossref,Meta-heuristic algorithm for solving vehicle routing problems with time windows and synchronized visit constraints in prefabricated systems
matched,Artificial ecosystem-based optimization: a novel nature-inspired meta-heuristic algorithm,2020,1.0,1,Artificial ecosystem-based optimization: a novel nature-inspired meta-heuristic algorithm,crossref,Artificial ecosystem-based optimization: a novel nature-inspired meta-heuristic algorithm
matched,Electron radar search algorithm: a novel developed meta-heuristic algorithm,2020,1.0,1,Electron radar search algorithm: a novel developed meta-heuristic algorithm,crossref,Electron radar search algorithm: a novel developed meta-heuristic algorithm
matched,Autonomic cloud resource provisioning and scheduling using meta-heuristic algorithm,2020,1.0,0,Autonomic cloud resource provisioning and scheduling using meta-heuristic algorithm,crossref,Autonomic cloud resource provisioning and scheduling using meta-heuristic algorithm
matched,Optimization of low-power line-start PM motor using gray wolf metaheuristic algorithm,2020,1.0,0,Optimization of Low-Power Line-Start PM Motor Using Gray Wolf Metaheuristic Algorithm,crossref,Optimization of Low-Power Line-Start PM Motor Using Gray Wolf Metaheuristic Algorithm
matched,A new hybrid metaheuristic algorithm for multiobjective optimization problems,2020,1.0,0,A New Hybrid Metaheuristic Algorithm for Multiobjective Optimization Problems,crossref,A New Hybrid Metaheuristic Algorithm for Multiobjective Optimization Problems
matched,Optimal stochastic process optimizer: A new metaheuristic algorithm with adaptive exploration-exploitation property,2021,1.0,0,Optimal Stochastic Process Optimizer: A New Metaheuristic Algorithm With Adaptive Exploration-Exploitation Property,crossref,Optimal Stochastic Process Optimizer: A New Metaheuristic Algorithm With Adaptive Exploration-Exploitation Property
matched,A novel metaheuristic: Fast jaguar algorithm,2021,1.0,0,A Novel Metaheuristic: Fast Jaguar Algorithm,crossref,A Novel Metaheuristic: Fast Jaguar Algorithm
matched,… of metaheuristic methods for the reconfiguration of electric power distribution systems and comparison with a novel approach based on efficient genetic algorithm,2021,0.933,0,A Comprehensive Review of Metaheuristic Methods for the Reconfiguration of Electric Power Distribution Systems and Comparison With a Novel Approach Based on Efficient Genetic Algorithm,crossref,A Comprehensive Review of Metaheuristic Methods for the Reconfiguration of Electric Power Distribution Systems and Comparison With a Novel Approach Based on Efficient Genetic Algorithm
matched,Material generation algorithm: A novel metaheuristic algorithm for optimization of engineering problems,2021,1.0,0,Material Generation Algorithm: A Novel Metaheuristic Algorithm for Optimization of Engineering Problems,crossref,Material Generation Algorithm: A Novel Metaheuristic Algorithm for Optimization of Engineering Problems
matched,Blood coagulation algorithm: A novel bio-inspired meta-heuristic algorithm for global optimization,2021,1.0,0,Blood Coagulation Algorithm: A Novel Bio-Inspired Meta-Heuristic Algorithm for Global Optimization,crossref,Blood Coagulation Algorithm: A Novel Bio-Inspired Meta-Heuristic Algorithm for Global Optimization
matched,Atomic orbital search: A novel metaheuristic algorithm,2021,1.0,0,Atomic orbital search: A novel metaheuristic algorithm,crossref,Atomic orbital search: A novel metaheuristic algorithm
matched,Cooperation search algorithm: A novel metaheuristic evolutionary intelligence algorithm for numerical optimization and engineering optimization problems,2021,1.0,0,Cooperation search algorithm: A novel metaheuristic evolutionary intelligence algorithm for numerical optimization and engineering optimization problems,crossref,Cooperation search algorithm: A novel metaheuristic evolutionary intelligence algorithm for numerical optimization and engineering optimization problems
matched,BSMA: A novel metaheuristic algorithm for multi-dimensional knapsack problems: Method and comprehensive analysis,2021,1.0,0,BSMA: A novel metaheuristic algorithm for multi-dimensional knapsack problems: Method and comprehensive analysis,crossref,BSMA: A novel metaheuristic algorithm for multi-dimensional knapsack problems: Method and comprehensive analysis
matched,Aquila optimizer: a novel meta-heuristic optimization algorithm,2021,1.0,0,Aquila Optimizer: A novel meta-heuristic optimization algorithm,crossref,Aquila Optimizer: A novel meta-heuristic optimization algorithm
matched,SHADE–WOA: A metaheuristic algorithm for global optimization,2021,1.0,0,SHADE–WOA: A metaheuristic algorithm for global optimization,crossref,SHADE–WOA: A metaheuristic algorithm for global optimization
matched,Lichtenberg algorithm: A novel hybrid physics-based meta-heuristic for global optimization,2021,1.0,0,Lichtenberg algorithm: A novel hybrid physics-based meta-heuristic for global optimization,crossref,Lichtenberg algorithm: A novel hybrid physics-based meta-heuristic for global optimization
matched,A new hybrid metaheuristic method based on biogeography-based optimization and particle swarm optimization algorithm to estimate money demand in Iran,2021,1.0,0,A new hybrid metaheuristic method based on biogeography-based optimization and particle swarm optimization algorithm to estimate money demand in Iran,crossref,A new hybrid metaheuristic method based on biogeography-based optimization and particle swarm optimization algorithm to estimate money demand in Iran
matched,SSC: A hybrid nature-inspired meta-heuristic optimization algorithm for engineering applications,2021,1.0,0,SSC: A hybrid nature-inspired meta-heuristic optimization algorithm for engineering applications,crossref,SSC: A hybrid nature-inspired meta-heuristic optimization algorithm for engineering applications
matched,A novel multi-objective metaheuristic algorithm for protein-peptide docking and benchmarking on the LEADS-PEP dataset,2021,1.0,0,A novel multi-objective metaheuristic algorithm for protein-peptide docking and benchmarking on the LEADS-PEP dataset,crossref,A novel multi-objective metaheuristic algorithm for protein-peptide docking and benchmarking on the LEADS-PEP dataset
matched,Archimedes optimization algorithm: a new metaheuristic algorithm for solving optimization problems,2021,1.0,1,Archimedes optimization algorithm: a new metaheuristic algorithm for solving optimization problems,crossref,Archimedes optimization algorithm: a new metaheuristic algorithm for solving optimization problems
matched,Application of hybrid metaheuristic with perturbation-based K-nearest neighbors algorithm and densest imputation to collaborative filtering in recommender systems,2021,1.0,0,Application of hybrid metaheuristic with perturbation-based K-nearest neighbors algorithm and densest imputation to collaborative filtering in recommender systems,crossref,Application of hybrid metaheuristic with perturbation-based K-nearest neighbors algorithm and densest imputation to collaborative filtering in recommender systems
matched,A new intelligence fuzzy-based hybrid metaheuristic algorithm for analyzing the application of tea waste in concrete as natural fiber,2021,1.0,0,A new intelligence fuzzy-based hybrid metaheuristic algorithm for analyzing the application of tea waste in concrete as natural fiber,crossref,A new intelligence fuzzy-based hybrid metaheuristic algorithm for analyzing the application of tea waste in concrete as natural fiber
matched,Meta-heuristic approach for solving multi-objective path planning for autonomous guided robot using PSO–GWO optimization algorithm with evolutionary …,2021,0.961,1,Meta-heuristic approach for solving multi-objective path planning for autonomous guided robot using PSO–GWO optimization algorithm with evolutionary programming,crossref,Meta-heuristic approach for solving multi-objective path planning for autonomous guided robot using PSO–GWO optimization algorithm with evolutionary programming
matched,"… for environmental, economical and mechanical objectives in silica fume concrete: A novel frame-work based on machine learning and a new meta-heuristic algorithm",2021,0.938,0,"Mixture optimization for environmental, economical and mechanical objectives in silica fume concrete: A novel frame-work based on machine learning and a new meta-heuristic algorithm",crossref,"Mixture optimization for environmental, economical and mechanical objectives in silica fume concrete: A novel frame-work based on machine learning and a new meta-heuristic algorithm"
matched,A novel meta-heuristic optimization algorithm based MPPT control technique for PV systems under complex partial shading condition,2021,1.0,0,A novel meta-heuristic optimization algorithm based MPPT control technique for PV systems under complex partial shading condition,crossref,A novel meta-heuristic optimization algorithm based MPPT control technique for PV systems under complex partial shading condition
matched,A smart metaheuristic algorithm for solving engineering problems,2021,1.0,1,A smart metaheuristic algorithm for solving engineering problems,crossref,A smart metaheuristic algorithm for solving engineering problems
matched,Hybridization of metaheuristic algorithm for dynamic cluster-based routing protocol in wireless sensor Networksx,2021,1.0,0,Hybridization of Metaheuristic Algorithm for Dynamic Cluster-Based Routing Protocol in Wireless Sensor Networksx,crossref,Hybridization of Metaheuristic Algorithm for Dynamic Cluster-Based Routing Protocol in Wireless Sensor Networksx
matched,An efficient hybrid metaheuristic algorithm for qos-aware cloud service composition problem,2021,1.0,0,An Efficient Hybrid Metaheuristic Algorithm for QoS-Aware Cloud Service Composition Problem,crossref,An Efficient Hybrid Metaheuristic Algorithm for QoS-Aware Cloud Service Composition Problem
matched,Improved metaheuristic optimization algorithm applied to hydrogen fuel cell and photovoltaic cell parameter extraction,2021,1.0,0,Improved Metaheuristic Optimization Algorithm Applied to Hydrogen Fuel Cell and Photovoltaic Cell Parameter Extraction,crossref,Improved Metaheuristic Optimization Algorithm Applied to Hydrogen Fuel Cell and Photovoltaic Cell Parameter Extraction
matched,An optimized nature-inspired metaheuristic algorithm for application mapping in 2D-NoC,2021,1.0,0,An Optimized Nature-Inspired Metaheuristic Algorithm for Application Mapping in 2D-NoC,crossref,An Optimized Nature-Inspired Metaheuristic Algorithm for Application Mapping in 2D-NoC
matched,A Hybrid Metaheuristic Algorithm for Features Dimensionality Reduction in Network Intrusion Detection System,2021,1.0,0,A Hybrid Metaheuristic Algorithm for Features Dimensionality Reduction in Network Intrusion Detection System,crossref,A Hybrid Metaheuristic Algorithm for Features Dimensionality Reduction in Network Intrusion Detection System
matched,An energy-efficient modified metaheuristic inspired algorithm for disaster management system using WSNs,2021,1.0,0,An Energy-Efficient Modified Metaheuristic Inspired Algorithm for Disaster Management System Using WSNs,crossref,An Energy-Efficient Modified Metaheuristic Inspired Algorithm for Disaster Management System Using WSNs
matched,Efficient reduction in the annual investment costs in AC distribution networks via optimal integration of solar PV sources using the newton metaheuristic algorithm,2021,1.0,0,Efficient Reduction in the Annual Investment Costs in AC Distribution Networks via Optimal Integration of Solar PV Sources Using the Newton Metaheuristic Algorithm,crossref,Efficient Reduction in the Annual Investment Costs in AC Distribution Networks via Optimal Integration of Solar PV Sources Using the Newton Metaheuristic Algorithm
matched,A hybrid metaheuristic algorithm with novel decoding methods for flexible flow shop scheduling considering human fatigue,2021,1.0,0,A Hybrid Metaheuristic Algorithm with Novel Decoding Methods for Flexible Flow Shop Scheduling Considering Human Fatigue,crossref,A Hybrid Metaheuristic Algorithm with Novel Decoding Methods for Flexible Flow Shop Scheduling Considering Human Fatigue
matched,… of balanced and unbalanced distribution power systems via network reconfiguration and optimum capacitor allocation using a hybrid metaheuristic algorithm,2021,0.919,0,Energy Saving Maximization of Balanced and Unbalanced Distribution Power Systems via Network Reconfiguration and Optimum Capacitor Allocation Using a Hybrid Metaheuristic Algorithm,crossref,Energy Saving Maximization of Balanced and Unbalanced Distribution Power Systems via Network Reconfiguration and Optimum Capacitor Allocation Using a Hybrid Metaheuristic Algorithm
matched,Tuna swarm optimization: a novel swarm‐based metaheuristic algorithm for global optimization,2021,1.0,0,Tuna Swarm Optimization: A Novel Swarm‐Based Metaheuristic Algorithm for Global Optimization,crossref,Tuna Swarm Optimization: A Novel Swarm‐Based Metaheuristic Algorithm for Global Optimization
matched,"Utilizing the sar, gis, and novel hybrid metaheuristic-gmdh algorithm for flood susceptibility mapping",2021,1.0,0,"Utilizing the SAR, GIS, and Novel Hybrid Metaheuristic-GMDH Algorithm for Flood Susceptibility Mapping",crossref,"Utilizing the SAR, GIS, and Novel Hybrid Metaheuristic-GMDH Algorithm for Flood Susceptibility Mapping"
matched,Tiki-taka algorithm: a novel metaheuristic inspired by football playing style,2021,1.0,1,Tiki-taka algorithm: a novel metaheuristic inspired by football playing style,crossref,Tiki-taka algorithm: a novel metaheuristic inspired by football playing style
matched,Solving the traveling salesman problem: a modified metaheuristic algorithm,2021,1.0,0,Solving the Traveling Salesman Problem: A Modified Metaheuristic Algorithm,crossref,Solving the Traveling Salesman Problem: A Modified Metaheuristic Algorithm
matched,A hybrid metaheuristic algorithm for identification of continuous-time Hammerstein systems,2021,1.0,0,A hybrid metaheuristic algorithm for identification of continuous-time Hammerstein systems,crossref,A hybrid metaheuristic algorithm for identification of continuous-time Hammerstein systems
matched,Efficient Artificial neural networks based on a hybrid metaheuristic optimization algorithm for damage detection in laminated composite structures,2021,1.0,0,Efficient Artificial neural networks based on a hybrid metaheuristic optimization algorithm for damage detection in laminated composite structures,crossref,Efficient Artificial neural networks based on a hybrid metaheuristic optimization algorithm for damage detection in laminated composite structures
matched,A hybrid metaheuristic algorithm for location inventory routing problem with time windows and fuel consumption,2021,1.0,0,A hybrid metaheuristic algorithm for location inventory routing problem with time windows and fuel consumption,crossref,A hybrid metaheuristic algorithm for location inventory routing problem with time windows and fuel consumption
matched,A hybrid metaheuristic routing algorithm for low-level picker-to-part systems,2021,1.0,0,A hybrid metaheuristic routing algorithm for low-level picker-to-part systems,crossref,A hybrid metaheuristic routing algorithm for low-level picker-to-part systems
matched,Metaheuristic searching genetic algorithm based reliability assessment of hybrid power generation system,2021,1.0,1,Metaheuristic searching genetic algorithm based reliability assessment of hybrid power generation system,crossref,Metaheuristic searching genetic algorithm based reliability assessment of hybrid power generation system
matched,Computer-aided skin cancer diagnosis based on a New meta-heuristic algorithm combined with support vector method,2021,1.0,0,Computer-aided skin cancer diagnosis based on a New meta-heuristic algorithm combined with support vector method,crossref,Computer-aided skin cancer diagnosis based on a New meta-heuristic algorithm combined with support vector method
matched,Hybrid meta-heuristic algorithm based deep neural network for face recognition,2021,1.0,0,Hybrid meta-heuristic algorithm based deep neural network for face recognition,crossref,Hybrid meta-heuristic algorithm based deep neural network for face recognition
matched,Optimization of hybrid renewable energy system in radial distribution networks considering uncertainty using meta-heuristic crow search algorithm,2021,1.0,0,Optimization of hybrid renewable energy system in radial distribution networks considering uncertainty using meta-heuristic crow search algorithm,crossref,Optimization of hybrid renewable energy system in radial distribution networks considering uncertainty using meta-heuristic crow search algorithm
matched,Combined metaheuristic algorithm and radiomics strategy for the analysis of neuroanatomical structures in schizophrenia and schizoaffective disorders,2021,1.0,0,Combined Metaheuristic Algorithm and Radiomics Strategy for the Analysis of Neuroanatomical Structures in Schizophrenia and Schizoaffective Disorders,crossref,Combined Metaheuristic Algorithm and Radiomics Strategy for the Analysis of Neuroanatomical Structures in Schizophrenia and Schizoaffective Disorders
matched,"RETRACTED ARTICLE: Group search optimizer: a nature-inspired meta-heuristic optimization algorithm with its results, variants, and applications",2021,1.0,1,"RETRACTED ARTICLE: Group search optimizer: a nature-inspired meta-heuristic optimization algorithm with its results, variants, and applications",crossref,"RETRACTED ARTICLE: Group search optimizer: a nature-inspired meta-heuristic optimization algorithm with its results, variants, and applications"
matched,Design and optimization of microstrip patch antenna via improved metaheuristic algorithm,2021,1.0,0,Design and Optimization of Microstrip patch Antenna via Improved Metaheuristic Algorithm,crossref,Design and Optimization of Microstrip patch Antenna via Improved Metaheuristic Algorithm
matched,Parameter estimation of proton exchange membrane fuel cell using a novel meta-heuristic algorithm,2021,1.0,0,Parameter estimation of proton exchange membrane fuel cell using a novel meta-heuristic algorithm,crossref,Parameter estimation of proton exchange membrane fuel cell using a novel meta-heuristic algorithm
rejected,Ebola Optimization Search Algorithm (EOSA): A new metaheuristic algorithm based on the propagation model of Ebola virus disease,2021,0.596,1,Ebola Optimization Search Algorithm: A New Nature-Inspired Metaheuristic Optimization Algorithm,crossref,
matched,A metaheuristic tabu search optimization algorithm: Applications to chemical and environmental processes,2021,1.0,1,A Metaheuristic Tabu Search Optimization Algorithm: Applications to Chemical and Environmental Processes,crossref,A Metaheuristic Tabu Search Optimization Algorithm: Applications to Chemical and Environmental Processes
matched,A Novel Enhanced Metaheuristic Algorithm for Automobile Cruise Control System.,2021,1.0,0,A Novel Enhanced Metaheuristic Algorithm for Automobile Cruise Control System,crossref,A Novel Enhanced Metaheuristic Algorithm for Automobile Cruise Control System
matched,Parameter extraction of solar PV cell models using novel metaheuristic chaotic tunicate swarm algorithm,2021,0.949,0,"Review for ""Parameter extraction of solar PV cell models using novel metaheuristic chaotic tunicate swarm algorithm""",crossref,"Review for ""Parameter extraction of solar PV cell models using novel metaheuristic chaotic tunicate swarm algorithm"""
matched,Metaheuristic prediction of the compressive strength of environmentally friendly concrete modified with eggshell powder using the hybrid ANN-SFL optimization …,2021,0.969,0,Metaheuristic Prediction of the Compressive Strength of Environmentally Friendly Concrete Modified with Eggshell Powder Using the Hybrid ANN-SFL Optimization Algorithm,crossref,Metaheuristic Prediction of the Compressive Strength of Environmentally Friendly Concrete Modified with Eggshell Powder Using the Hybrid ANN-SFL Optimization Algorithm
matched,Workflow scheduling in cloud environment using a novel metaheuristic optimization algorithm,2021,1.0,0,Workflow scheduling in cloud environment using a novel metaheuristic optimization algorithm,crossref,Workflow scheduling in cloud environment using a novel metaheuristic optimization algorithm
matched,Adaptive robust optimization for the energy management of the grid-connected energy hubs based on hybrid meta-heuristic algorithm,2021,1.0,0,Adaptive robust optimization for the energy management of the grid-connected energy hubs based on hybrid meta-heuristic algorithm,crossref,Adaptive robust optimization for the energy management of the grid-connected energy hubs based on hybrid meta-heuristic algorithm
matched,Chaos game optimization: a novel metaheuristic algorithm,2021,1.0,1,Chaos Game Optimization: a novel metaheuristic algorithm,crossref,Chaos Game Optimization: a novel metaheuristic algorithm
matched,A hybrid metaheuristic algorithm for intelligent nurse scheduling,2021,1.0,0,A Hybrid Metaheuristic Algorithm for Intelligent Nurse Scheduling,crossref,A Hybrid Metaheuristic Algorithm for Intelligent Nurse Scheduling
matched,Development of a method to measure the quality of working life using the improved metaheuristic grasshopper optimization algorithm,2021,1.0,0,Development of a Method to Measure the Quality of Working Life Using the Improved Metaheuristic Grasshopper Optimization Algorithm,crossref,Development of a Method to Measure the Quality of Working Life Using the Improved Metaheuristic Grasshopper Optimization Algorithm
matched,Artificial gorilla troops optimizer: a new nature‐inspired metaheuristic algorithm for global optimization problems,2021,1.0,0,Artificial gorilla troops optimizer: A new nature‐inspired metaheuristic algorithm for global optimization problems,crossref,Artificial gorilla troops optimizer: A new nature‐inspired metaheuristic algorithm for global optimization problems
matched,A two-stage metaheuristic algorithm for the dynamic vehicle routing problem in Industry 4.0 approach,2021,1.0,1,A two-stage metaheuristic algorithm for the dynamic vehicle routing problem in Industry 4.0 approach,crossref,A two-stage metaheuristic algorithm for the dynamic vehicle routing problem in Industry 4.0 approach
matched,Plasma generation optimization: a new physically-based metaheuristic algorithm for solving constrained optimization problems,2021,1.0,1,Plasma generation optimization: a new physically-based metaheuristic algorithm for solving constrained optimization problems,crossref,Plasma generation optimization: a new physically-based metaheuristic algorithm for solving constrained optimization problems
matched,Rock hyraxes swarm optimization: A new nature-inspired metaheuristic optimization algorithm,2021,1.0,0,Rock Hyraxes Swarm Optimization: A New Nature-Inspired Metaheuristic Optimization Algorithm,crossref,Rock Hyraxes Swarm Optimization: A New Nature-Inspired Metaheuristic Optimization Algorithm
matched,The red colobuses monkey: a new nature–inspired metaheuristic optimization algorithm,2021,1.0,0,The Red Colobuses Monkey: A New Nature–Inspired Metaheuristic Optimization Algorithm,crossref,The Red Colobuses Monkey: A New Nature–Inspired Metaheuristic Optimization Algorithm
matched,Demand response of grid-connected microgrid based on metaheuristic optimization algorithm,2021,1.0,0,Demand response of grid-connected microgrid based on metaheuristic optimization algorithm,crossref,Demand response of grid-connected microgrid based on metaheuristic optimization algorithm
matched,Optimal placement of wind power plants in transmission power networks by applying an effectively proposed metaheuristic algorithm,2021,1.0,0,Optimal Placement of Wind Power Plants in Transmission Power Networks by Applying an Effectively Proposed Metaheuristic Algorithm,crossref,Optimal Placement of Wind Power Plants in Transmission Power Networks by Applying an Effectively Proposed Metaheuristic Algorithm
rejected,Optimization of Haraz dam reservoir operation using CBO metaheuristic algorithm,2021,0.75,1,Investigating dam reservoir operation optimization using metaheuristic algorithms,crossref,
matched,An effective reactive power compensation method and a modern metaheuristic algorithm for loss reduction in distribution power networks,2021,1.0,0,An Effective Reactive Power Compensation Method and a Modern Metaheuristic Algorithm for Loss Reduction in Distribution Power Networks,crossref,An Effective Reactive Power Compensation Method and a Modern Metaheuristic Algorithm for Loss Reduction in Distribution Power Networks
matched,A new meta-heuristic optimization algorithm based on a paradigm from physics: string theory,2021,1.0,0,A new meta-heuristic optimization algorithm based on a paradigm from physics: string theory,crossref,A new meta-heuristic optimization algorithm based on a paradigm from physics: string theory
matched,Modeling the scheduling problem in cellular manufacturing systems using genetic algorithm as an efficient meta-heuristic approach,2021,1.0,0,Modeling the Scheduling Problem in Cellular Manufacturing Systems Using Genetic Algorithm as an Efficient Meta-Heuristic Approach,crossref,Modeling the Scheduling Problem in Cellular Manufacturing Systems Using Genetic Algorithm as an Efficient Meta-Heuristic Approach
rejected,Tracking of player in volleyball sports using a metaheuristic algorithm,2021,0.396,2,Player Tracking Data in Sports,crossref,
matched,Crystal structure algorithm (CryStAl): a metaheuristic optimization method,2021,1.0,0,Crystal Structure Algorithm (CryStAl): A Metaheuristic Optimization Method,crossref,Crystal Structure Algorithm (CryStAl): A Metaheuristic Optimization Method
matched,Analysis and implementation of robust metaheuristic algorithm to extract essential parameters of solar cell,2021,1.0,1,Analysis and Implementation of Robust Metaheuristic Algorithm to Extract Essential Parameters of Solar Cell,crossref,Analysis and Implementation of Robust Metaheuristic Algorithm to Extract Essential Parameters of Solar Cell
matched,Efficiently vehicle route planning based on metaheuristic algorithm in 5g,2021,1.0,0,Efficiently Vehicle Route Planning based on Metaheuristic Algorithm in 5G,crossref,Efficiently Vehicle Route Planning based on Metaheuristic Algorithm in 5G
matched,Metaheuristics optimization algorithm to an optimal Moroccan diet,2021,1.0,0,Metaheuristics Optimization Algorithm to an Optimal Moroccan Diet,crossref,Metaheuristics Optimization Algorithm to an Optimal Moroccan Diet
matched,Ebola Optimization Search Algorithm: A new nature-inspired metaheuristic algorithm for global optimization problems,2021,1.0,0,Ebola Optimization Search Algorithm: A new nature-inspired metaheuristic algorithm for global optimization problems,crossref,Ebola Optimization Search Algorithm: A new nature-inspired metaheuristic algorithm for global optimization problems
matched,African vultures optimization algorithm: A new nature-inspired metaheuristic algorithm for global optimization problems,2021,1.0,0,African vultures optimization algorithm: A new nature-inspired metaheuristic algorithm for global optimization problems,crossref,African vultures optimization algorithm: A new nature-inspired metaheuristic algorithm for global optimization problems
matched,Golden eagle optimizer: A nature-inspired metaheuristic algorithm,2021,1.0,0,Golden eagle optimizer: A nature-inspired metaheuristic algorithm,crossref,Golden eagle optimizer: A nature-inspired metaheuristic algorithm
matched,Chaotic gaining sharing knowledge-based optimization algorithm: an improved metaheuristic algorithm for feature selection,2021,1.0,0,Chaotic gaining sharing knowledge-based optimization algorithm: an improved metaheuristic algorithm for feature selection,crossref,Chaotic gaining sharing knowledge-based optimization algorithm: an improved metaheuristic algorithm for feature selection
matched,A metaheuristic algorithm for flexible energy storage management in residential electricity distribution grids,2021,1.0,0,A Metaheuristic Algorithm for Flexible Energy Storage Management in Residential Electricity Distribution Grids,crossref,A Metaheuristic Algorithm for Flexible Energy Storage Management in Residential Electricity Distribution Grids
matched,An efficient metaheuristic algorithm based feature selection and recurrent neural network for DoS attack detection in cloud computing environment,2021,1.0,0,An efficient metaheuristic algorithm based feature selection and recurrent neural network for DoS attack detection in cloud computing environment,crossref,An efficient metaheuristic algorithm based feature selection and recurrent neural network for DoS attack detection in cloud computing environment
matched,Metaheuristic algorithm for anomaly detection in Internet of Things leveraging on a neural-driven multiagent system,2021,1.0,0,Metaheuristic algorithm for anomaly detection in Internet of Things leveraging on a neural-driven multiagent system,crossref,Metaheuristic algorithm for anomaly detection in Internet of Things leveraging on a neural-driven multiagent system
matched,Energy efficient neuro-fuzzy cluster based topology construction with metaheuristic route planning algorithm for unmanned aerial vehicles,2021,1.0,0,Energy Efficient Neuro-Fuzzy Cluster based Topology Construction with Metaheuristic Route Planning Algorithm for Unmanned Aerial Vehicles,crossref,Energy Efficient Neuro-Fuzzy Cluster based Topology Construction with Metaheuristic Route Planning Algorithm for Unmanned Aerial Vehicles
matched,Quantum inspired meta-heuristic approach for optimization of genetic algorithm,2021,1.0,0,Quantum inspired meta-heuristic approach for optimization of genetic algorithm,crossref,Quantum inspired meta-heuristic approach for optimization of genetic algorithm
matched,Optimal allocation of photovoltaic/wind energy system in distribution network using meta-heuristic algorithm,2021,1.0,0,Optimal allocation of photovoltaic/wind energy system in distribution network using meta-heuristic algorithm,crossref,Optimal allocation of photovoltaic/wind energy system in distribution network using meta-heuristic algorithm
matched,Hybrid metaheuristic algorithm using butterfly and flower pollination base on mutualism mechanism for global optimization problems,2021,1.0,1,Hybrid metaheuristic algorithm using butterfly and flower pollination base on mutualism mechanism for global optimization problems,crossref,Hybrid metaheuristic algorithm using butterfly and flower pollination base on mutualism mechanism for global optimization problems
matched,A hybrid multi-objective metaheuristic optimization algorithm for scientific workflow scheduling,2021,1.0,1,A hybrid multi-objective metaheuristic optimization algorithm for scientific workflow scheduling,crossref,A hybrid multi-objective metaheuristic optimization algorithm for scientific workflow scheduling
matched,Smart proxy modeling of a fractured reservoir model for production optimization: implementation of metaheuristic algorithm and probabilistic application,2021,1.0,0,Smart Proxy Modeling of a Fractured Reservoir Model for Production Optimization: Implementation of Metaheuristic Algorithm and Probabilistic Application,crossref,Smart Proxy Modeling of a Fractured Reservoir Model for Production Optimization: Implementation of Metaheuristic Algorithm and Probabilistic Application
matched,A novel meta-heuristic search algorithm for solving optimization problems: capuchin search algorithm,2021,1.0,1,A novel meta-heuristic search algorithm for solving optimization problems: capuchin search algorithm,crossref,A novel meta-heuristic search algorithm for solving optimization problems: capuchin search algorithm
matched,Attack detection in IoT devices using hybrid metaheuristic lion optimization algorithm and firefly optimization algorithm,2021,1.0,0,Attack detection in IoT devices using hybrid metaheuristic lion optimization algorithm and firefly optimization algorithm,crossref,Attack detection in IoT devices using hybrid metaheuristic lion optimization algorithm and firefly optimization algorithm
matched,Optimal design of FOPID Controller for the control of CSTR by using a novel hybrid metaheuristic algorithm,2021,1.0,0,Optimal design of FOPID Controller for the control of CSTR by using a novel hybrid metaheuristic algorithm,crossref,Optimal design of FOPID Controller for the control of CSTR by using a novel hybrid metaheuristic algorithm
matched,Groundwater vulnerability mapping using the modified DRASTIC model: the metaheuristic algorithm approach,2021,1.0,0,Groundwater vulnerability mapping using the modified DRASTIC model: the metaheuristic algorithm approach,crossref,Groundwater vulnerability mapping using the modified DRASTIC model: the metaheuristic algorithm approach
matched,Design and applications of an advanced hybrid meta-heuristic algorithm for optimization problems,2021,1.0,0,Design and applications of an advanced hybrid meta-heuristic algorithm for optimization problems,crossref,Design and applications of an advanced hybrid meta-heuristic algorithm for optimization problems
matched,Object detection using Metaheuristic algorithm for volley ball sports application,2021,1.0,1,Object detection using Metaheuristic algorithm for volley ball sports application,crossref,Object detection using Metaheuristic algorithm for volley ball sports application
matched,Ground structures-based topology optimization of a morphing wing using a metaheuristic algorithm,2021,1.0,0,Ground Structures-Based Topology Optimization of a Morphing Wing Using a Metaheuristic Algorithm,crossref,Ground Structures-Based Topology Optimization of a Morphing Wing Using a Metaheuristic Algorithm
matched,Artificial lizard search optimization (ALSO): a novel nature-inspired meta-heuristic algorithm,2021,1.0,0,Artificial lizard search optimization (ALSO): a novel nature-inspired meta-heuristic algorithm,crossref,Artificial lizard search optimization (ALSO): a novel nature-inspired meta-heuristic algorithm
matched,A hybrid meta-heuristic task scheduling algorithm based on genetic and thermodynamic simulated annealing algorithms in cloud computing environments,2021,1.0,0,A hybrid meta-heuristic task scheduling algorithm based on genetic and thermodynamic simulated annealing algorithms in cloud computing environments,crossref,A hybrid meta-heuristic task scheduling algorithm based on genetic and thermodynamic simulated annealing algorithms in cloud computing environments
matched,Giza Pyramids Construction: an ancient-inspired metaheuristic algorithm for optimization,2021,1.0,1,Giza Pyramids Construction: an ancient-inspired metaheuristic algorithm for optimization,crossref,Giza Pyramids Construction: an ancient-inspired metaheuristic algorithm for optimization
matched,Assessment of composite beam performance using GWO–ELM metaheuristic algorithm,2021,1.0,0,Assessment of composite beam performance using GWO–ELM metaheuristic algorithm,crossref,Assessment of composite beam performance using GWO–ELM metaheuristic algorithm
matched,PPO: a new nature-inspired metaheuristic algorithm based on predation for optimization,2021,1.0,0,PPO: a new nature-inspired metaheuristic algorithm based on predation for optimization,crossref,PPO: a new nature-inspired metaheuristic algorithm based on predation for optimization
matched,An efficient metaheuristic technique to control the maximum power point of a partially shaded photovoltaic system using crow search algorithm (CSA),2021,1.0,1,An Efficient Metaheuristic Technique to Control the Maximum Power Point of a Partially Shaded Photovoltaic System Using Crow Search Algorithm (CSA),crossref,An Efficient Metaheuristic Technique to Control the Maximum Power Point of a Partially Shaded Photovoltaic System Using Crow Search Algorithm (CSA)
matched,Applying a meta-heuristic algorithm to predict and optimize compressive strength of concrete samples,2021,1.0,2,Applying a meta-heuristic algorithm to predict and optimize compressive strength of concrete samples,crossref,Applying a meta-heuristic algorithm to predict and optimize compressive strength of concrete samples
matched,Optimization and characteristics analysis of high torque density 12/8 switched reluctance motor using metaheuristic gray wolf optimization algorithm,2021,1.0,0,Optimization and Characteristics Analysis of High Torque Density 12/8 Switched Reluctance Motor Using Metaheuristic Gray Wolf Optimization Algorithm,crossref,Optimization and Characteristics Analysis of High Torque Density 12/8 Switched Reluctance Motor Using Metaheuristic Gray Wolf Optimization Algorithm
matched,Binary chimp optimization algorithm (BChOA): a new binary meta-heuristic for solving optimization problems,2021,1.0,0,Binary Chimp Optimization Algorithm (BChOA): a New Binary Meta-heuristic for Solving Optimization Problems,crossref,Binary Chimp Optimization Algorithm (BChOA): a New Binary Meta-heuristic for Solving Optimization Problems
matched,A metaheuristic algorithm and structured analysis for the line-haul feeder vehicle routing problem with time windows,2021,1.0,2,A metaheuristic algorithm and structured analysis for the Line-haul Feeder Vehicle Routing Problem with Time Windows,crossref,A metaheuristic algorithm and structured analysis for the Line-haul Feeder Vehicle Routing Problem with Time Windows
matched,A new meta-heuristic pathfinder algorithm for solving optimal allocation of solar photovoltaic system in multi-lateral distribution system for improving resilience,2021,1.0,0,A new meta-heuristic pathfinder algorithm for solving optimal allocation of solar photovoltaic system in multi-lateral distribution system for improving resilience,crossref,A new meta-heuristic pathfinder algorithm for solving optimal allocation of solar photovoltaic system in multi-lateral distribution system for improving resilience
matched,Scenario reduction methodologies under uncertainties for reservoir development purposes: distance-based clustering and metaheuristic algorithm,2021,1.0,0,Scenario reduction methodologies under uncertainties for reservoir development purposes: distance-based clustering and metaheuristic algorithm,crossref,Scenario reduction methodologies under uncertainties for reservoir development purposes: distance-based clustering and metaheuristic algorithm
matched,Elephant clan optimization: A nature-inspired metaheuristic algorithm for the optimal design of structures,2021,1.0,0,Elephant clan optimization: A nature-inspired metaheuristic algorithm for the optimal design of structures,crossref,Elephant clan optimization: A nature-inspired metaheuristic algorithm for the optimal design of structures
matched,Hybridized metaheuristic search algorithm with modified initialization scheme for global optimization,2021,1.0,0,Hybridized Metaheuristic Search Algorithm with Modified Initialization Scheme for Global Optimization,crossref,Hybridized Metaheuristic Search Algorithm with Modified Initialization Scheme for Global Optimization
matched,Effectiveness of swarm-based metaheuristic algorithm in data classification using pi-sigma higher order neural network,2021,1.0,1,Effectiveness of Swarm-Based Metaheuristic Algorithm in Data Classification Using Pi-Sigma Higher Order Neural Network,crossref,Effectiveness of Swarm-Based Metaheuristic Algorithm in Data Classification Using Pi-Sigma Higher Order Neural Network
matched,Thermal exchange metaheuristic optimization algorithm,2021,1.0,0,Thermal Exchange Metaheuristic Optimization Algorithm,crossref,Thermal Exchange Metaheuristic Optimization Algorithm
matched,Multi-objective lichtenberg algorithm: A hybrid physics-based meta-heuristic for solving engineering problems,2022,1.0,0,Multi-objective lichtenberg algorithm: A hybrid physics-based meta-heuristic for solving engineering problems,crossref,Multi-objective lichtenberg algorithm: A hybrid physics-based meta-heuristic for solving engineering problems
matched,Siberian tiger optimization: A new bio-inspired metaheuristic algorithm for solving engineering optimization problems,2022,1.0,0,Siberian Tiger Optimization: A New Bio-Inspired Metaheuristic Algorithm for Solving Engineering Optimization Problems,crossref,Siberian Tiger Optimization: A New Bio-Inspired Metaheuristic Algorithm for Solving Engineering Optimization Problems
matched,A reinforcement learning driven cooperative meta-heuristic algorithm for energy-efficient distributed no-wait flow-shop scheduling with sequence-dependent setup …,2022,0.985,1,A Reinforcement Learning Driven Cooperative Meta-Heuristic Algorithm for Energy-Efficient Distributed No-Wait Flow-Shop Scheduling With Sequence-Dependent Setup Time,crossref,A Reinforcement Learning Driven Cooperative Meta-Heuristic Algorithm for Energy-Efficient Distributed No-Wait Flow-Shop Scheduling With Sequence-Dependent Setup Time
matched,An efficient power optimization approach for fixed polarity Reed–Muller logic circuits based on metaheuristic optimization algorithm,2022,1.0,0,An Efficient Power Optimization Approach for Fixed Polarity Reed–Muller Logic Circuits Based on Metaheuristic Optimization Algorithm,crossref,An Efficient Power Optimization Approach for Fixed Polarity Reed–Muller Logic Circuits Based on Metaheuristic Optimization Algorithm
matched,Giant trevally optimizer (GTO): A novel metaheuristic algorithm for global optimization and challenging engineering problems,2022,1.0,0,Giant Trevally Optimizer (GTO): A Novel Metaheuristic Algorithm for Global Optimization and Challenging Engineering Problems,crossref,Giant Trevally Optimizer (GTO): A Novel Metaheuristic Algorithm for Global Optimization and Challenging Engineering Problems
matched,"Novel meta-heuristic algorithm for feature selection, unconstrained functions and engineering problems",2022,1.0,0,"Novel Meta-Heuristic Algorithm for Feature Selection, Unconstrained Functions and Engineering Problems",crossref,"Novel Meta-Heuristic Algorithm for Feature Selection, Unconstrained Functions and Engineering Problems"
matched,Dandelion Optimizer: A nature-inspired metaheuristic algorithm for engineering applications,2022,1.0,0,Dandelion Optimizer: A nature-inspired metaheuristic algorithm for engineering applications,crossref,Dandelion Optimizer: A nature-inspired metaheuristic algorithm for engineering applications
matched,Snake Optimizer: A novel meta-heuristic optimization algorithm,2022,1.0,0,Snake Optimizer: A novel meta-heuristic optimization algorithm,crossref,Snake Optimizer: A novel meta-heuristic optimization algorithm
matched,Big data analysis using hybrid meta-heuristic optimization algorithm and MapReduce framework,2022,1.0,0,Big Data Analysis Using Hybrid Meta-Heuristic Optimization Algorithm and MapReduce Framework,crossref,Big Data Analysis Using Hybrid Meta-Heuristic Optimization Algorithm and MapReduce Framework
matched,Parallel hybrid island metaheuristic algorithm,2022,1.0,0,Parallel Hybrid Island Metaheuristic Algorithm,crossref,Parallel Hybrid Island Metaheuristic Algorithm
matched,Parameters estimation of double-cage induction motors using a hybrid metaheuristic algorithm,2022,1.0,0,Parameters estimation of double-cage induction motors using a hybrid metaheuristic algorithm,crossref,Parameters estimation of double-cage induction motors using a hybrid metaheuristic algorithm
matched,Design optimization and optimal power management of standalone solar-hydrogen system using a new metaheuristic algorithm,2022,1.0,0,Design optimization and optimal power management of standalone solar-hydrogen system using a new metaheuristic algorithm,crossref,Design optimization and optimal power management of standalone solar-hydrogen system using a new metaheuristic algorithm
matched,PID-based search algorithm: A novel metaheuristic algorithm based on PID algorithm,2023,1.0,0,PID-based search algorithm: A novel metaheuristic algorithm based on PID algorithm,crossref,PID-based search algorithm: A novel metaheuristic algorithm based on PID algorithm
matched,Kepler optimization algorithm: A new metaheuristic algorithm inspired by Kepler's laws of planetary motion,2023,1.0,0,Kepler optimization algorithm: A new metaheuristic algorithm inspired by Kepler’s laws of planetary motion,crossref,Kepler optimization algorithm: A new metaheuristic algorithm inspired by Kepler’s laws of planetary motion
matched,Optical microscope algorithm: A new metaheuristic inspired by microscope magnification for solving engineering optimization problems,2023,0.963,0,RETRACTED: Optical microscope algorithm: A new metaheuristic inspired by microscope magnification for solving engineering optimization problems,crossref,RETRACTED: Optical microscope algorithm: A new metaheuristic inspired by microscope magnification for solving engineering optimization problems
matched,Nutcracker optimizer: A novel nature-inspired metaheuristic algorithm for global optimization and engineering design problems,2023,1.0,0,Nutcracker optimizer: A novel nature-inspired metaheuristic algorithm for global optimization and engineering design problems,crossref,Nutcracker optimizer: A novel nature-inspired metaheuristic algorithm for global optimization and engineering design problems
matched,Great Wall Construction Algorithm: A novel meta-heuristic algorithm for engineer problems,2023,1.0,0,Great Wall Construction Algorithm: A novel meta-heuristic algorithm for engineer problems,crossref,Great Wall Construction Algorithm: A novel meta-heuristic algorithm for engineer problems
matched,Dujiangyan irrigation system optimization (DISO): A novel metaheuristic algorithm for dam safety monitoring,2023,1.0,0,Dujiangyan irrigation system optimization (DISO): A novel metaheuristic algorithm for dam safety monitoring,crossref,Dujiangyan irrigation system optimization (DISO): A novel metaheuristic algorithm for dam safety monitoring
matched,Wolf-Bird Optimizer (WBO): A novel metaheuristic algorithm for Building Information Modeling-based resource tradeoff,2023,1.0,2,Wolf-Bird Optimizer (WBO): A novel metaheuristic algorithm for Building Information Modeling-based resource tradeoff,crossref,Wolf-Bird Optimizer (WBO): A novel metaheuristic algorithm for Building Information Modeling-based resource tradeoff
matched,Special Forces Algorithm: A novel meta-heuristic method for global optimization,2023,1.0,0,Special Forces Algorithm: A novel meta-heuristic method for global optimization,crossref,Special Forces Algorithm: A novel meta-heuristic method for global optimization
matched,Young's double-slit experiment optimizer: A novel metaheuristic optimization algorithm for global and constraint optimization problems,2023,1.0,0,Young’s double-slit experiment optimizer : A novel metaheuristic optimization algorithm for global and constraint optimization problems,crossref,Young’s double-slit experiment optimizer : A novel metaheuristic optimization algorithm for global and constraint optimization problems
matched,Light spectrum optimizer: A novel physics-inspired metaheuristic optimization algorithm,2022,1.0,0,Light Spectrum Optimizer: A Novel Physics-Inspired Metaheuristic Optimization Algorithm,crossref,Light Spectrum Optimizer: A Novel Physics-Inspired Metaheuristic Optimization Algorithm
matched,Metaheuristic nature-based algorithm for optimal reactive power planning,2022,1.0,1,Metaheuristic nature-based algorithm for optimal reactive power planning,crossref,Metaheuristic nature-based algorithm for optimal reactive power planning
matched,Optimization of a hybrid solar/wind/storage system with bio-generator for a household by emerging metaheuristic optimization algorithm,2023,1.0,0,Optimization of a hybrid solar/wind/storage system with bio-generator for a household by emerging metaheuristic optimization algorithm,crossref,Optimization of a hybrid solar/wind/storage system with bio-generator for a household by emerging metaheuristic optimization algorithm
rejected,A novel metaheuristic MPPT technique based on enhanced autonomous group Particle Swarm Optimization Algorithm to track the GMPP under partial shading …,2023,0.895,0,A novel metaheuristic MPPT technique based on enhanced autonomous group Particle Swarm Optimization Algorithm to track the GMPP under partial shading conditions - Experimental validation,crossref,
matched,Application of the tomtit flock metaheuristic optimization algorithm to the optimal discrete time deterministic dynamical control problem,2022,1.0,0,Application of the Tomtit Flock Metaheuristic Optimization Algorithm to the Optimal Discrete Time Deterministic Dynamical Control Problem,crossref,Application of the Tomtit Flock Metaheuristic Optimization Algorithm to the Optimal Discrete Time Deterministic Dynamical Control Problem
matched,Implementation of the bio-inspired metaheuristic firefly algorithm (FA) applied to maximum power point tracking of photovoltaic systems,2022,1.0,0,Implementation of the Bio-Inspired Metaheuristic Firefly Algorithm (FA) Applied to Maximum Power Point Tracking of Photovoltaic Systems,crossref,Implementation of the Bio-Inspired Metaheuristic Firefly Algorithm (FA) Applied to Maximum Power Point Tracking of Photovoltaic Systems
matched,A new metaheuristic algorithm: Shrimp and Goby association search algorithm and its application for damage identification in large-scale and complex structures,2023,1.0,0,A new metaheuristic algorithm: Shrimp and Goby association search algorithm and its application for damage identification in large-scale and complex structures,crossref,A new metaheuristic algorithm: Shrimp and Goby association search algorithm and its application for damage identification in large-scale and complex structures
matched,Modeling multistep ahead dissolved oxygen concentration using improved support vector machines by a hybrid metaheuristic algorithm,2022,1.0,0,Modeling Multistep Ahead Dissolved Oxygen Concentration Using Improved Support Vector Machines by a Hybrid Metaheuristic Algorithm,crossref,Modeling Multistep Ahead Dissolved Oxygen Concentration Using Improved Support Vector Machines by a Hybrid Metaheuristic Algorithm
matched,A hybrid feature selection framework using improved sine cosine algorithm with metaheuristic techniques,2022,1.0,0,A Hybrid Feature Selection Framework Using Improved Sine Cosine Algorithm with Metaheuristic Techniques,crossref,A Hybrid Feature Selection Framework Using Improved Sine Cosine Algorithm with Metaheuristic Techniques
matched,Probabilistic optimal power flow solution using a novel hybrid metaheuristic and machine learning algorithm,2022,1.0,0,Probabilistic Optimal Power Flow Solution Using a Novel Hybrid Metaheuristic and Machine Learning Algorithm,crossref,Probabilistic Optimal Power Flow Solution Using a Novel Hybrid Metaheuristic and Machine Learning Algorithm
matched,Prediction of uniaxial compressive strength in rocks based on extreme learning machine improved with metaheuristic algorithm,2022,1.0,0,Prediction of Uniaxial Compressive Strength in Rocks Based on Extreme Learning Machine Improved with Metaheuristic Algorithm,crossref,Prediction of Uniaxial Compressive Strength in Rocks Based on Extreme Learning Machine Improved with Metaheuristic Algorithm
matched,Application of a novel metaheuristic algorithm based two-fold hysteresis current controller for a grid connected PV system using real time OPAL-RT based simulator,2023,1.0,0,Application of a novel metaheuristic algorithm based two-fold hysteresis current controller for a grid connected PV system using real time OPAL-RT based simulator,crossref,Application of a novel metaheuristic algorithm based two-fold hysteresis current controller for a grid connected PV system using real time OPAL-RT based simulator
matched,Enhanced metaheuristic algorithm-based load balancing in a 5G cloud radio access network,2022,1.0,0,Enhanced Metaheuristic Algorithm-Based Load Balancing in a 5G Cloud Radio Access Network,crossref,Enhanced Metaheuristic Algorithm-Based Load Balancing in a 5G Cloud Radio Access Network
matched,Stochastic-metaheuristic model for multi-criteria allocation of wind energy resources in distribution network using improved equilibrium optimization algorithm,2022,1.0,0,Stochastic-Metaheuristic Model for Multi-Criteria Allocation of Wind Energy Resources in Distribution Network Using Improved Equilibrium Optimization Algorithm,crossref,Stochastic-Metaheuristic Model for Multi-Criteria Allocation of Wind Energy Resources in Distribution Network Using Improved Equilibrium Optimization Algorithm
matched,Experimental validation of an enhanced MPPT algorithm and an optimal DC–DC converter design powered by metaheuristic optimization for PV systems,2022,1.0,0,Experimental Validation of an Enhanced MPPT Algorithm and an Optimal DC–DC Converter Design Powered by Metaheuristic Optimization for PV Systems,crossref,Experimental Validation of an Enhanced MPPT Algorithm and an Optimal DC–DC Converter Design Powered by Metaheuristic Optimization for PV Systems
matched,The Hiking Optimization Algorithm: A novel human-based metaheuristic approach,2024,1.0,0,The Hiking Optimization Algorithm: A novel human-based metaheuristic approach,crossref,The Hiking Optimization Algorithm: A novel human-based metaheuristic approach
matched,Honey Badger Algorithm: New metaheuristic algorithm for solving optimization problems,2022,1.0,0,Honey Badger Algorithm: New metaheuristic algorithm for solving optimization problems,crossref,Honey Badger Algorithm: New metaheuristic algorithm for solving optimization problems
matched,A metaheuristic algorithm for ship weather routing,2022,1.0,0,A Metaheuristic Algorithm for Ship Weather Routing,crossref,A Metaheuristic Algorithm for Ship Weather Routing
matched,Well production forecast in Volve field: Application of rigorous machine learning techniques and metaheuristic algorithm,2022,1.0,0,Well production forecast in Volve field: Application of rigorous machine learning techniques and metaheuristic algorithm,crossref,Well production forecast in Volve field: Application of rigorous machine learning techniques and metaheuristic algorithm
matched,Design of a damping controller using a metaheuristic algorithm for angle stability improvement of an MIB system,2022,1.0,0,Design of a Damping Controller Using a Metaheuristic Algorithm for Angle Stability Improvement of an MIB System,crossref,Design of a Damping Controller Using a Metaheuristic Algorithm for Angle Stability Improvement of an MIB System
matched,New DRASTIC framework for groundwater vulnerability assessment: bivariate and multi-criteria decision-making approach coupled with metaheuristic algorithm,2022,1.0,1,New DRASTIC framework for groundwater vulnerability assessment: bivariate and multi-criteria decision-making approach coupled with metaheuristic algorithm,crossref,New DRASTIC framework for groundwater vulnerability assessment: bivariate and multi-criteria decision-making approach coupled with metaheuristic algorithm
matched,New metaheuristic methodology for solving security constrained hydrothermal unit commitment based on adaptive genetic algorithm,2022,1.0,0,New metaheuristic methodology for solving security constrained hydrothermal unit commitment based on adaptive genetic algorithm,crossref,New metaheuristic methodology for solving security constrained hydrothermal unit commitment based on adaptive genetic algorithm
matched,Feature selection and classification of transformer faults based on novel meta-heuristic algorithm,2022,1.0,0,Feature Selection and Classification of Transformer Faults Based on Novel Meta-Heuristic Algorithm,crossref,Feature Selection and Classification of Transformer Faults Based on Novel Meta-Heuristic Algorithm
matched,Finite element model updating of a multispan bridge with a hybrid metaheuristic search algorithm using experimental data from wireless triaxial sensors,2022,1.0,1,Finite element model updating of a multispan bridge with a hybrid metaheuristic search algorithm using experimental data from wireless triaxial sensors,crossref,Finite element model updating of a multispan bridge with a hybrid metaheuristic search algorithm using experimental data from wireless triaxial sensors
matched,A powerful meta-heuristic search algorithm for solving global optimization and real-world solar photovoltaic parameter estimation problems,2022,1.0,0,A powerful meta-heuristic search algorithm for solving global optimization and real-world solar photovoltaic parameter estimation problems,crossref,A powerful meta-heuristic search algorithm for solving global optimization and real-world solar photovoltaic parameter estimation problems
matched,Optimizing hybrid metaheuristic algorithm with cluster head to improve performance metrics on the IoT,2022,1.0,1,Optimizing Hybrid Metaheuristic Algorithm with Cluster Head to Improve Performance Metrics on the IoT,crossref,Optimizing Hybrid Metaheuristic Algorithm with Cluster Head to Improve Performance Metrics on the IoT
matched,GA-GOA hybrid algorithm and comparative study of different metaheuristic population-based algorithms for solar tower heliostat field design,2022,1.0,0,GA-GOA hybrid algorithm and comparative study of different metaheuristic population-based algorithms for solar tower heliostat field design,crossref,GA-GOA hybrid algorithm and comparative study of different metaheuristic population-based algorithms for solar tower heliostat field design
matched,"Ensemble offshore wind turbine power curve modelling–an integration of isolation forest, fast radial basis function neural network, and metaheuristic algorithm",2022,1.0,0,"Ensemble offshore Wind Turbine Power Curve modelling – An integration of Isolation Forest, fast Radial Basis Function Neural Network, and metaheuristic algorithm",crossref,"Ensemble offshore Wind Turbine Power Curve modelling – An integration of Isolation Forest, fast Radial Basis Function Neural Network, and metaheuristic algorithm"
matched,Hybridization of meta-heuristic algorithm for load balancing in cloud computing environment,2022,1.0,0,Hybridization of meta-heuristic algorithm for load balancing in cloud computing environment,crossref,Hybridization of meta-heuristic algorithm for load balancing in cloud computing environment
matched,A new offloading method in the green mobile cloud computing based on a hybrid meta-heuristic algorithm,2022,1.0,0,A new offloading method in the green mobile cloud computing based on a hybrid meta-heuristic algorithm,crossref,A new offloading method in the green mobile cloud computing based on a hybrid meta-heuristic algorithm
matched,Hybrid deep learning with optimal feature selection for speech emotion recognition using improved meta-heuristic algorithm,2022,1.0,0,Hybrid deep learning with optimal feature selection for speech emotion recognition using improved meta-heuristic algorithm,crossref,Hybrid deep learning with optimal feature selection for speech emotion recognition using improved meta-heuristic algorithm
matched,Review of nature inspired metaheuristic algorithm selection for combinatorial t-way testing,2022,1.0,0,Review of Nature Inspired Metaheuristic Algorithm Selection for Combinatorial t-Way Testing,crossref,Review of Nature Inspired Metaheuristic Algorithm Selection for Combinatorial t-Way Testing
matched,A comprehensive survey on metaheuristic algorithm for feature selection techniques,2022,1.0,0,A Comprehensive Survey on Metaheuristic Algorithm for Feature Selection Techniques,crossref,A Comprehensive Survey on Metaheuristic Algorithm for Feature Selection Techniques
rejected,A hybrid model of wavelet neural network and metaheuristic algorithm for software development effort estimation,2022,1.0,3,A hybrid model of wavelet neural network and metaheuristic algorithm for software development effort estimation,crossref,
matched,Optimal design of PID controller for the analysis of Two TANK system using metaheuristic optimization algorithm,2022,1.0,1,Optimal Design of PID Controller for the analysis of Two TANK System Using Metaheuristic Optimization Algorithm,crossref,Optimal Design of PID Controller for the analysis of Two TANK System Using Metaheuristic Optimization Algorithm
matched,A beta salp swarm algorithm meta-heuristic for inverse kinematics and optimization,2022,1.0,0,A beta salp swarm algorithm meta-heuristic for inverse kinematics and optimization,crossref,A beta salp swarm algorithm meta-heuristic for inverse kinematics and optimization
matched,Plant competition optimization: A novel metaheuristic algorithm,2022,1.0,0,Plant competition optimization: A novel metaheuristic algorithm,crossref,Plant competition optimization: A novel metaheuristic algorithm
matched,Proposing a hybrid metaheuristic optimization algorithm and machine learning model for energy use forecast in non-residential buildings,2022,1.0,0,Proposing a hybrid metaheuristic optimization algorithm and machine learning model for energy use forecast in non-residential buildings,crossref,Proposing a hybrid metaheuristic optimization algorithm and machine learning model for energy use forecast in non-residential buildings
matched,Fuzzy-based metaheuristic algorithm for optimization of fuzzy controller: fault-tolerant control application,2022,1.0,0,Fuzzy-based metaheuristic algorithm for optimization of fuzzy controller: fault-tolerant control application,crossref,Fuzzy-based metaheuristic algorithm for optimization of fuzzy controller: fault-tolerant control application
rejected,Modified Social Forces Algorithm: from Pedestrian Dynamic to Metaheuristic Optimization.,2022,0.392,3,A novel metaheuristic algorithm: advanced social memory optimization,crossref,
matched,An intelligent demand forecasting model using a hybrid of metaheuristic optimization and deep learning algorithm for predicting concrete block production,2022,1.0,0,An intelligent demand forecasting model using a hybrid of metaheuristic optimization and deep learning algorithm for predicting concrete block production,crossref,An intelligent demand forecasting model using a hybrid of metaheuristic optimization and deep learning algorithm for predicting concrete block production
matched,Rescheduling‐based congestion management by metaheuristic algorithm: Hybridizing lion and moth search models,2022,1.0,1,Rescheduling‐based congestion management by metaheuristic algorithm: Hybridizing lion and moth search models,crossref,Rescheduling‐based congestion management by metaheuristic algorithm: Hybridizing lion and moth search models
matched,A novel metaheuristic algorithm: The team competition and cooperation optimization algorithm,2022,1.0,0,A Novel Metaheuristic Algorithm: The Team Competition and Cooperation Optimization Algorithm,crossref,A Novel Metaheuristic Algorithm: The Team Competition and Cooperation Optimization Algorithm
matched,A hybrid learning-based meta-heuristic algorithm for scheduling of an additive manufacturing system consisting of parallel SLM machines,2022,1.0,1,A hybrid learning-based meta-heuristic algorithm for scheduling of an additive manufacturing system consisting of parallel SLM machines,crossref,A hybrid learning-based meta-heuristic algorithm for scheduling of an additive manufacturing system consisting of parallel SLM machines
matched,Fault diagnosis method of rotating machinery based on collaborative hybrid metaheuristic algorithm to optimize VMD,2022,1.0,0,Fault Diagnosis Method of Rotating Machinery Based on Collaborative Hybrid Metaheuristic Algorithm to Optimize VMD,crossref,Fault Diagnosis Method of Rotating Machinery Based on Collaborative Hybrid Metaheuristic Algorithm to Optimize VMD
matched,An aphid inspired metaheuristic optimization algorithm and its application to engineering,2022,1.0,0,An aphid inspired metaheuristic optimization algorithm and its application to engineering,crossref,An aphid inspired metaheuristic optimization algorithm and its application to engineering
rejected,Application of a metaheuristic gradient‐based optimizer algorithm integrated into artificial neural network model in a local geoid modeling with global navigation …,2022,0.89,0,Application of a metaheuristic gradient‐based optimizer algorithm integrated into artificial neural network model in a local geoid modeling with global navigation satellite systems/leveling measurements,crossref,
matched,SCANM: A Novel Hybrid Metaheuristic Algorithm and Its Comparative Performance Assessment,2022,1.0,0,SCANM: A Novel Hybrid Metaheuristic Algorithm and Its Comparative Performance Assessment,crossref,SCANM: A Novel Hybrid Metaheuristic Algorithm and Its Comparative Performance Assessment
matched,A hybrid meta-heuristic scheduler algorithm for optimization of workflow scheduling in cloud heterogeneous computing environment,2022,1.0,1,A hybrid meta-heuristic scheduler algorithm for optimization of workflow scheduling in cloud heterogeneous computing environment,crossref,A hybrid meta-heuristic scheduler algorithm for optimization of workflow scheduling in cloud heterogeneous computing environment
matched,Microalgae classification using improved metaheuristic algorithm,2022,1.0,0,Microalgae Classification Using Improved Metaheuristic Algorithm,crossref,Microalgae Classification Using Improved Metaheuristic Algorithm
matched,A new human-based metaheuristic algorithm for solving optimization problems on the base of simulation of driving training process,2022,1.0,0,A new human-based metaheuristic algorithm for solving optimization problems on the base of simulation of driving training process,crossref,A new human-based metaheuristic algorithm for solving optimization problems on the base of simulation of driving training process
matched,Metaheuristic optimization algorithm for signals classification of electroencephalography channels,2022,1.0,0,Metaheuristic Optimization Algorithm for Signals Classification of Electroencephalography Channels,crossref,Metaheuristic Optimization Algorithm for Signals Classification of Electroencephalography Channels
matched,The cheetah optimizer: A nature-inspired metaheuristic algorithm for large-scale optimization problems,2022,1.0,0,The cheetah optimizer: a nature-inspired metaheuristic algorithm for large-scale optimization problems,crossref,The cheetah optimizer: a nature-inspired metaheuristic algorithm for large-scale optimization problems
matched,A new human-inspired metaheuristic algorithm for solving optimization problems based on mimicking sewing training,2022,1.0,0,A new human-inspired metaheuristic algorithm for solving optimization problems based on mimicking sewing training,crossref,A new human-inspired metaheuristic algorithm for solving optimization problems based on mimicking sewing training
matched,Circle search algorithm: A geometry-based metaheuristic optimization algorithm,2022,1.0,0,Circle Search Algorithm: A Geometry-Based Metaheuristic Optimization Algorithm,crossref,Circle Search Algorithm: A Geometry-Based Metaheuristic Optimization Algorithm
matched,War strategy optimization algorithm: a new effective metaheuristic algorithm for global optimization,2022,1.0,0,War Strategy Optimization Algorithm: A New Effective Metaheuristic Algorithm for Global Optimization,crossref,War Strategy Optimization Algorithm: A New Effective Metaheuristic Algorithm for Global Optimization
matched,Ebola optimization search algorithm: A new nature-inspired metaheuristic optimization algorithm,2022,1.0,0,Ebola Optimization Search Algorithm: A New Nature-Inspired Metaheuristic Optimization Algorithm,crossref,Ebola Optimization Search Algorithm: A New Nature-Inspired Metaheuristic Optimization Algorithm
matched,A reduced search space exploration metaheuristic algorithm for MPPT,2022,1.0,0,A Reduced Search Space Exploration Metaheuristic Algorithm for MPPT,crossref,A Reduced Search Space Exploration Metaheuristic Algorithm for MPPT
matched,Metaheuristic algorithm integrated neural networks for well-test analyses of petroleum reservoirs,2022,1.0,0,Metaheuristic algorithm integrated neural networks for well-test analyses of petroleum reservoirs,crossref,Metaheuristic algorithm integrated neural networks for well-test analyses of petroleum reservoirs
matched,A metaheuristic algorithm for coverage enhancement of wireless sensor networks,2022,1.0,0,A Metaheuristic Algorithm for Coverage Enhancement of Wireless Sensor Networks,crossref,A Metaheuristic Algorithm for Coverage Enhancement of Wireless Sensor Networks
matched,Walrus optimization algorithm: a new bio-inspired metaheuristic algorithm,2022,1.0,0,Walrus Optimization Algorithm: A New Bio-Inspired Metaheuristic Algorithm,crossref,Walrus Optimization Algorithm: A New Bio-Inspired Metaheuristic Algorithm
matched,Solving the container relocation problem by using a metaheuristic genetic algorithm,2022,1.0,0,Solving the Container Relocation Problem by Using a Metaheuristic Genetic Algorithm,crossref,Solving the Container Relocation Problem by Using a Metaheuristic Genetic Algorithm
matched,Ensemble of metaheuristic and exact algorithm based on the divide-and-conquer framework for multisatellite observation scheduling,2022,1.0,0,Ensemble of Metaheuristic and Exact Algorithm Based on the Divide-and-Conquer Framework for Multisatellite Observation Scheduling,crossref,Ensemble of Metaheuristic and Exact Algorithm Based on the Divide-and-Conquer Framework for Multisatellite Observation Scheduling
matched,Mud Ring Algorithm: A new meta-heuristic optimization algorithm for solving mathematical and engineering challenges,2022,1.0,0,Mud Ring Algorithm: A New Meta-Heuristic Optimization Algorithm for Solving Mathematical and Engineering Challenges,crossref,Mud Ring Algorithm: A New Meta-Heuristic Optimization Algorithm for Solving Mathematical and Engineering Challenges
matched,A physics-based metaheuristic algorithm based on doppler effect phenomenon and mean euclidian distance threshold,2022,1.0,0,A Physics-based Metaheuristic Algorithm Based on Doppler Effect Phenomenon and Mean Euclidian Distance Threshold,crossref,A Physics-based Metaheuristic Algorithm Based on Doppler Effect Phenomenon and Mean Euclidian Distance Threshold
matched,Vibration-based damage detection using finite element modeling and the metaheuristic particle swarm optimization algorithm,2022,1.0,0,Vibration-Based Damage Detection Using Finite Element Modeling and the Metaheuristic Particle Swarm Optimization Algorithm,crossref,Vibration-Based Damage Detection Using Finite Element Modeling and the Metaheuristic Particle Swarm Optimization Algorithm
matched,DL-MDF-OH2: Optimized Deep Learning-Based Monkeypox Diagnostic Framework Using the Metaheuristic Harris Hawks Optimizer Algorithm,2022,1.0,0,DL-MDF-OH2: Optimized Deep Learning-Based Monkeypox Diagnostic Framework Using the Metaheuristic Harris Hawks Optimizer Algorithm,crossref,DL-MDF-OH2: Optimized Deep Learning-Based Monkeypox Diagnostic Framework Using the Metaheuristic Harris Hawks Optimizer Algorithm
matched,Comparison study on economic load dispatch using metaheuristic algorithm,2022,1.0,0,Comparison Study On Economic Load Dispatch Using Metaheuristic Algorithm,crossref,Comparison Study On Economic Load Dispatch Using Metaheuristic Algorithm
matched,Optimal planning of multitype DGs and D-STATCOMs in power distribution network using an efficient parameter free metaheuristic algorithm,2022,1.0,0,Optimal Planning of Multitype DGs and D-STATCOMs in Power Distribution Network Using an Efficient Parameter Free Metaheuristic Algorithm,crossref,Optimal Planning of Multitype DGs and D-STATCOMs in Power Distribution Network Using an Efficient Parameter Free Metaheuristic Algorithm
matched,Magnetic data interpretation for 2D dikes by the metaheuristic bat algorithm: Sustainable development cases,2022,1.0,0,Magnetic data interpretation for 2D dikes by the metaheuristic bat algorithm: sustainable development cases,crossref,Magnetic data interpretation for 2D dikes by the metaheuristic bat algorithm: sustainable development cases
matched,Efficient WSN node placement by coupling KNN machine learning for signal estimations and I-HBIA metaheuristic algorithm for node position optimization,2022,1.0,0,Efficient WSN Node Placement by Coupling KNN Machine Learning for Signal Estimations and I-HBIA Metaheuristic Algorithm for Node Position Optimization,crossref,Efficient WSN Node Placement by Coupling KNN Machine Learning for Signal Estimations and I-HBIA Metaheuristic Algorithm for Node Position Optimization
matched,Optimal Placement and Sizing of Distributed Generation Using Metaheuristic Algorithm.,2022,1.0,0,Optimal Placement and Sizing of Distributed Generation Using Metaheuristic Algorithm,crossref,Optimal Placement and Sizing of Distributed Generation Using Metaheuristic Algorithm
matched,Meta-heuristic optimization algorithm-based hierarchical intrusion detection system,2022,1.0,0,Meta-Heuristic Optimization Algorithm-Based Hierarchical Intrusion Detection System,crossref,Meta-Heuristic Optimization Algorithm-Based Hierarchical Intrusion Detection System
matched,"Real-time metaheuristic algorithm for dynamic fuzzification, de-fuzzification and fuzzy reasoning processes",2022,1.0,0,"Real-Time Metaheuristic Algorithm for Dynamic Fuzzification, De-Fuzzification and Fuzzy Reasoning Processes",crossref,"Real-Time Metaheuristic Algorithm for Dynamic Fuzzification, De-Fuzzification and Fuzzy Reasoning Processes"
matched,Optimization of emission cost and economic analysis for microgrid by considering a metaheuristic algorithm‐assisted dispatch model,2022,1.0,0,Optimization of emission cost and economic analysis for microgrid by considering a metaheuristic algorithm‐assisted dispatch model,crossref,Optimization of emission cost and economic analysis for microgrid by considering a metaheuristic algorithm‐assisted dispatch model
matched,Production optimization under waterflooding with Long Short-Term Memory and metaheuristic algorithm,2022,1.0,1,Production optimization under waterflooding with long short-term memory and metaheuristic algorithm,crossref,Production optimization under waterflooding with long short-term memory and metaheuristic algorithm
matched,Advanced dipper-throated meta-heuristic optimization algorithm for digital image watermarking,2022,1.0,0,Advanced Dipper-Throated Meta-Heuristic Optimization Algorithm for Digital Image Watermarking,crossref,Advanced Dipper-Throated Meta-Heuristic Optimization Algorithm for Digital Image Watermarking
matched,Optimized Design of the Lithium Niobate for Spectrally‐Pure‐State Generation at MIR Wavelengths Using Metaheuristic Algorithm,2022,1.0,0,Optimized Design of the Lithium Niobate for Spectrally‐Pure‐State Generation at MIR Wavelengths Using Metaheuristic Algorithm,crossref,Optimized Design of the Lithium Niobate for Spectrally‐Pure‐State Generation at MIR Wavelengths Using Metaheuristic Algorithm
matched,Meta-heuristic algorithm-tuned neural network for breast cancer diagnosis using ultrasound images,2022,1.0,0,Meta-Heuristic Algorithm-Tuned Neural Network for Breast Cancer Diagnosis Using Ultrasound Images,crossref,Meta-Heuristic Algorithm-Tuned Neural Network for Breast Cancer Diagnosis Using Ultrasound Images
matched,Trees Social Relations Optimization Algorithm: A new Swarm-Based metaheuristic technique to solve continuous and discrete optimization problems,2022,1.0,0,Trees Social Relations Optimization Algorithm: A new Swarm-Based metaheuristic technique to solve continuous and discrete optimization problems,crossref,Trees Social Relations Optimization Algorithm: A new Swarm-Based metaheuristic technique to solve continuous and discrete optimization problems
matched,Comparison of metaheuristic optimization techniques including Equilibrium optimizer algorithm in power distribution network reconfiguration,2022,1.0,0,Comparison of metaheuristic optimization techniques including Equilibrium optimizer algorithm in power distribution network reconfiguration,crossref,Comparison of metaheuristic optimization techniques including Equilibrium optimizer algorithm in power distribution network reconfiguration
matched,… Distributed Generation Units in Radial Unbalanced Distribution Systems Using MATLAB and OpenDSS‐Based Cosimulation and a Proposed Metaheuristic Algorithm,2022,0.9,0,Optimal Placement of Photovoltaic Distributed Generation Units in Radial Unbalanced Distribution Systems Using MATLAB and OpenDSS-Based Cosimulation and a Proposed Metaheuristic Algorithm,crossref,Optimal Placement of Photovoltaic Distributed Generation Units in Radial Unbalanced Distribution Systems Using MATLAB and OpenDSS-Based Cosimulation and a Proposed Metaheuristic Algorithm
matched,Energy aware resource optimization using unified metaheuristic optimization algorithm allocation for cloud computing environment,2022,1.0,0,Energy Aware Resource Optimization using Unified Metaheuristic Optimization Algorithm Allocation for Cloud Computing Environment,crossref,Energy Aware Resource Optimization using Unified Metaheuristic Optimization Algorithm Allocation for Cloud Computing Environment
matched,A metaheuristic optimization algorithm for energy efficiency in digital twins,2022,1.0,0,A Metaheuristic Optimization Algorithm for energy efficiency in Digital Twins,crossref,A Metaheuristic Optimization Algorithm for energy efficiency in Digital Twins
matched,Driving training-based optimization: A new human-based metaheuristic algorithm for solving optimization problems,2022,1.0,0,Driving Training-Based Optimization: A New Human-Based Metaheuristic Algorithm for Solving Optimization Problems,crossref,Driving Training-Based Optimization: A New Human-Based Metaheuristic Algorithm for Solving Optimization Problems
rejected,Optimum cost design of reinforced concrete slabs using a metaheuristic algorithm,2022,0.841,2,Optimum Cost Design of Reinforced Concrete Slabs Using Mouth Brooding Fish Algorithm,crossref,
matched,Homonuclear molecules optimization (HMO) meta-heuristic algorithm,2022,1.0,0,Homonuclear Molecules Optimization (HMO) meta-heuristic algorithm,crossref,Homonuclear Molecules Optimization (HMO) meta-heuristic algorithm
matched,Train Scheduling Optimization for an Urban Rail Transit Line: A Simulated‐Annealing Algorithm Using a Large Neighborhood Search Metaheuristic,2022,1.0,0,Train Scheduling Optimization for an Urban Rail Transit Line: A Simulated-Annealing Algorithm Using a Large Neighborhood Search Metaheuristic,crossref,Train Scheduling Optimization for an Urban Rail Transit Line: A Simulated-Annealing Algorithm Using a Large Neighborhood Search Metaheuristic
matched,Analysis and optimal control of smart damping for porous functionally graded magneto-electro-elastic plate using smoothed FEM and metaheuristic algorithm,2022,1.0,0,Analysis and optimal control of smart damping for porous functionally graded magneto-electro-elastic plate using smoothed FEM and metaheuristic algorithm,crossref,Analysis and optimal control of smart damping for porous functionally graded magneto-electro-elastic plate using smoothed FEM and metaheuristic algorithm
matched,Optimum design of timber structures under fire using metaheuristic algorithm,2022,1.0,0,Optimum design of timber structures under fire using metaheuristic algorithm,crossref,Optimum design of timber structures under fire using metaheuristic algorithm
matched,Metaheuristic method for searching quasi-optimal route based on the ant algorithm and annealing simulation,2022,1.0,0,Metaheuristic method for searching quasi-optimal route based on the ant algorithm and annealing simulation,crossref,Metaheuristic method for searching quasi-optimal route based on the ant algorithm and annealing simulation
matched,Optimization of weight and cost of cantilever retaining wall by a hybrid metaheuristic algorithm,2022,1.0,1,Optimization of weight and cost of cantilever retaining wall by a hybrid metaheuristic algorithm,crossref,Optimization of weight and cost of cantilever retaining wall by a hybrid metaheuristic algorithm
matched,"An intelligent fuzzy-based hybrid metaheuristic algorithm for analysis the strength, energy and cost optimization of building material in construction management",2022,1.0,1,"An intelligent fuzzy-based hybrid metaheuristic algorithm for analysis the strength, energy and cost optimization of building material in construction management",crossref,"An intelligent fuzzy-based hybrid metaheuristic algorithm for analysis the strength, energy and cost optimization of building material in construction management"
matched,Locating trees to mitigate outdoor radiant load of humans in urban areas using a metaheuristic hill-climbing algorithm–introducing TreePlanter v1. 0,2022,1.0,0,Locating trees to mitigate outdoor radiant load of humans in urban areas using a metaheuristic hill-climbing algorithm – introducing TreePlanter v1.0,crossref,Locating trees to mitigate outdoor radiant load of humans in urban areas using a metaheuristic hill-climbing algorithm – introducing TreePlanter v1.0
matched,Evolutionary inverse material identification: Bespoke characterization of soft materials using a metaheuristic algorithm,2022,1.0,0,Evolutionary Inverse Material Identification: Bespoke Characterization of Soft Materials Using a Metaheuristic Algorithm,crossref,Evolutionary Inverse Material Identification: Bespoke Characterization of Soft Materials Using a Metaheuristic Algorithm
rejected,A Local Search-based Metaheuristic Algorithm Framework for the School Bus Routing Problem.,2022,0.613,9,A metaheuristic for the school bus routing problem with bus stop selection,crossref,
matched,Eurasian oystercatcher optimiser: New meta-heuristic algorithm,2022,1.0,0,Eurasian oystercatcher optimiser: New meta-heuristic algorithm,crossref,Eurasian oystercatcher optimiser: New meta-heuristic algorithm
matched,A modified teaching learning metaheuristic algorithm with opposite-based learning for permutation flow-shop scheduling problem,2022,1.0,2,A modified teaching learning metaheuristic algorithm with opposite-based learning for permutation flow-shop scheduling problem,crossref,A modified teaching learning metaheuristic algorithm with opposite-based learning for permutation flow-shop scheduling problem
rejected,Cone search: a simple metaheuristic optimization algorithm,2022,0.741,4,Interactive search algorithm: A new hybrid metaheuristic optimization algorithm,crossref,
matched,Circulatory System Based Optimization (CSBO): an expert multilevel biologically inspired meta-heuristic algorithm,2022,1.0,0,Circulatory System Based Optimization (CSBO): an expert multilevel biologically inspired meta-heuristic algorithm,crossref,Circulatory System Based Optimization (CSBO): an expert multilevel biologically inspired meta-heuristic algorithm
matched,Fusion of modern meta-heuristic optimization methods using arithmetic optimization algorithm for global optimization tasks,2022,1.0,0,Fusion of modern meta-heuristic optimization methods using arithmetic optimization algorithm for global optimization tasks,crossref,Fusion of modern meta-heuristic optimization methods using arithmetic optimization algorithm for global optimization tasks
matched,Optimal setting of membership functions for interval type-2 fuzzy tracking controllers using a shark smell metaheuristic algorithm,2022,1.0,1,Optimal Setting of Membership Functions for Interval Type-2 Fuzzy Tracking Controllers Using a Shark Smell Metaheuristic Algorithm,crossref,Optimal Setting of Membership Functions for Interval Type-2 Fuzzy Tracking Controllers Using a Shark Smell Metaheuristic Algorithm
matched,Namib beetle optimization algorithm: a new meta‐heuristic method for feature selection and dimension reduction,2022,1.0,1,Namib beetle optimization algorithm: A new meta‐heuristic method for feature selection and dimension reduction,crossref,Namib beetle optimization algorithm: A new meta‐heuristic method for feature selection and dimension reduction
matched,IPM-Model: AI and metaheuristic-enabled face recognition using image partial matching for multimedia forensics investigation with genetic algorithm,2022,1.0,0,IPM-Model: AI and metaheuristic-enabled face recognition using image partial matching for multimedia forensics investigation with genetic algorithm,crossref,IPM-Model: AI and metaheuristic-enabled face recognition using image partial matching for multimedia forensics investigation with genetic algorithm
rejected,A coupled metaheuristic algorithm and artificial intelligence for long-lead stream flow forecasting,2022,0.59,7,Artificial intelligence based models for stream-flow forecasting: 2000–2015,crossref,
matched,Geometrical similarity error function-innovative adaptive algorithm methodology in path generation synthesis of the four-bar mechanism using metaheuristic algorithms,2022,1.0,1,Geometrical Similarity Error Function-Innovative Adaptive Algorithm methodology in path generation synthesis of the four-bar mechanism using metaheuristic algorithms,crossref,Geometrical Similarity Error Function-Innovative Adaptive Algorithm methodology in path generation synthesis of the four-bar mechanism using metaheuristic algorithms
matched,A binary ancient-inspired Giza Pyramids Construction metaheuristic algorithm for solving 0-1 knapsack problem,2022,1.0,0,A binary ancient-inspired Giza Pyramids Construction metaheuristic algorithm for solving 0-1 knapsack problem,crossref,A binary ancient-inspired Giza Pyramids Construction metaheuristic algorithm for solving 0-1 knapsack problem
rejected,A multi-objective location-routing problem model for multi-device relief logistics under uncertainty using meta-heuristic algorithm,2022,0.627,4,Two-stage multi-objective location-routing-inventory model for humanitarian logistics network design under uncertainty,crossref,
matched,Hybrid metaheuristic algorithm for optimal cluster head selection in wireless sensor network,2022,1.0,0,Hybrid metaheuristic algorithm for optimal cluster head selection in wireless sensor network,crossref,Hybrid metaheuristic algorithm for optimal cluster head selection in wireless sensor network
matched,A hybrid metaheuristic algorithm based on iterated local search for vehicle routing problem with simultaneous pickup and delivery,2022,1.0,0,A hybrid metaheuristic algorithm based on iterated local search for vehicle routing problem with simultaneous pickup and delivery,crossref,A hybrid metaheuristic algorithm based on iterated local search for vehicle routing problem with simultaneous pickup and delivery
matched,Hybrid artificial neural network based on a metaheuristic optimization algorithm for the prediction of reservoir temperature using hydrogeochemical data of different …,2022,0.902,0,Hybrid artificial neural network based on a metaheuristic optimization algorithm for the prediction of reservoir temperature using hydrogeochemical data of different geothermal areas in Anatolia (Turkey),crossref,Hybrid artificial neural network based on a metaheuristic optimization algorithm for the prediction of reservoir temperature using hydrogeochemical data of different geothermal areas in Anatolia (Turkey)
matched,Optimal energy management in a microgrid under uncertainties using novel hybrid metaheuristic algorithm,2022,1.0,0,Optimal energy management in a microgrid under uncertainties using novel hybrid metaheuristic algorithm,crossref,Optimal energy management in a microgrid under uncertainties using novel hybrid metaheuristic algorithm
matched,Hybrid metaheuristic algorithm enhanced support vector machine for epileptic seizure detection,2022,1.0,0,Hybrid metaheuristic algorithm enhanced support vector machine for epileptic seizure detection,crossref,Hybrid metaheuristic algorithm enhanced support vector machine for epileptic seizure detection
matched,Intrusion detection system using hybrid classifiers with meta-heuristic algorithms for the optimization and feature selection by genetic algorithm,2022,1.0,0,Intrusion detection system using hybrid classifiers with meta-heuristic algorithms for the optimization and feature selection by genetic algorithm,crossref,Intrusion detection system using hybrid classifiers with meta-heuristic algorithms for the optimization and feature selection by genetic algorithm
matched,Walrus optimizer: A novel nature-inspired metaheuristic algorithm,2024,1.0,0,Walrus optimizer: A novel nature-inspired metaheuristic algorithm,crossref,Walrus optimizer: A novel nature-inspired metaheuristic algorithm
matched,Artificial Protozoa Optimizer (APO): A novel bio-inspired metaheuristic algorithm for engineering optimization,2024,1.0,0,Artificial Protozoa Optimizer (APO): A novel bio-inspired metaheuristic algorithm for engineering optimization,crossref,Artificial Protozoa Optimizer (APO): A novel bio-inspired metaheuristic algorithm for engineering optimization
matched,Tactical unit algorithm: A novel metaheuristic algorithm for optimal loading distribution of chillers in energy optimization,2024,1.0,0,Tactical unit algorithm: A novel metaheuristic algorithm for optimal loading distribution of chillers in energy optimization,crossref,Tactical unit algorithm: A novel metaheuristic algorithm for optimal loading distribution of chillers in energy optimization
matched,Football team training algorithm: A novel sport-inspired meta-heuristic optimization algorithm for global optimization,2024,1.0,0,Football team training algorithm: A novel sport-inspired meta-heuristic optimization algorithm for global optimization,crossref,Football team training algorithm: A novel sport-inspired meta-heuristic optimization algorithm for global optimization
matched,Snow Geese Algorithm: A novel migration-inspired meta-heuristic algorithm for constrained engineering optimization problems,2024,1.0,0,Snow Geese Algorithm: A novel migration-inspired meta-heuristic algorithm for constrained engineering optimization problems,crossref,Snow Geese Algorithm: A novel migration-inspired meta-heuristic algorithm for constrained engineering optimization problems
matched,Weighted average algorithm: A novel meta-heuristic optimization algorithm based on the weighted average position concept,2024,1.0,0,Weighted average algorithm: A novel meta-heuristic optimization algorithm based on the weighted average position concept,crossref,Weighted average algorithm: A novel meta-heuristic optimization algorithm based on the weighted average position concept
matched,Multi-Agent Cubature Kalman Optimizer: a novel metaheuristic algorithm for solving numerical optimization problems,2024,1.0,0,Multi-Agent cubature Kalman optimizer: A novel metaheuristic algorithm for solving numerical optimization problems,crossref,Multi-Agent cubature Kalman optimizer: A novel metaheuristic algorithm for solving numerical optimization problems
matched,Harmony search meta-heuristic algorithm based on the optimal sizing of wind-battery hybrid micro-grid power system with different battery technologies,2024,1.0,0,Harmony search meta-heuristic algorithm based on the optimal sizing of wind-battery hybrid micro-grid power system with different battery technologies,crossref,Harmony search meta-heuristic algorithm based on the optimal sizing of wind-battery hybrid micro-grid power system with different battery technologies
matched,Online metaheuristic algorithm selection,2022,1.0,0,Online metaheuristic algorithm selection,crossref,Online metaheuristic algorithm selection
matched,Integrated optimization algorithm: A metaheuristic approach for complicated optimization,2022,1.0,0,Integrated optimization algorithm: A metaheuristic approach for complicated optimization,crossref,Integrated optimization algorithm: A metaheuristic approach for complicated optimization
matched,Mountain gazelle optimizer: a new nature-inspired metaheuristic algorithm for global optimization problems,2022,1.0,0,Mountain Gazelle Optimizer: A new Nature-inspired Metaheuristic Algorithm for Global Optimization Problems,crossref,Mountain Gazelle Optimizer: A new Nature-inspired Metaheuristic Algorithm for Global Optimization Problems
matched,Optimal operation of multi-source electric vehicle connected microgrid using metaheuristic algorithm,2022,1.0,0,Optimal operation of multi-source electric vehicle connected microgrid using metaheuristic algorithm,crossref,Optimal operation of multi-source electric vehicle connected microgrid using metaheuristic algorithm
matched,A fast community detection algorithm based on coot bird metaheuristic optimizer in social networks,2022,1.0,0,A fast community detection algorithm based on coot bird metaheuristic optimizer in social networks,crossref,A fast community detection algorithm based on coot bird metaheuristic optimizer in social networks
matched,Integrated aviation model and metaheuristic algorithm for hub-and-spoke network design and airline fleet planning,2022,1.0,0,Integrated aviation model and metaheuristic algorithm for hub-and-spoke network design and airline fleet planning,crossref,Integrated aviation model and metaheuristic algorithm for hub-and-spoke network design and airline fleet planning
matched,A metaheuristic algorithm based on simulated annealing for optimal sizing and techno-economic analysis of PV systems with multi-type of battery energy storage,2022,1.0,0,A metaheuristic algorithm based on simulated annealing for optimal sizing and techno-economic analysis of PV systems with multi-type of battery energy storage,crossref,A metaheuristic algorithm based on simulated annealing for optimal sizing and techno-economic analysis of PV systems with multi-type of battery energy storage
matched,Fuzzy logic based metaheuristic algorithm for optimization of type-1 fuzzy controller: Fault-tolerant control for nonlinear system with actuator fault,2022,1.0,0,Fuzzy Logic Based Metaheuristic Algorithm for Optimization of Type-1 Fuzzy Controller: Fault-Tolerant Control for Nonlinear System with Actuator Fault,crossref,Fuzzy Logic Based Metaheuristic Algorithm for Optimization of Type-1 Fuzzy Controller: Fault-Tolerant Control for Nonlinear System with Actuator Fault
rejected,"… algorithm for industrial engineering problems”[EAAI, 82 (2019), 148–174] and “Tunicate Swarm Algorithm: A new bio-inspired based metaheuristic paradigm for global …",2022,0.776,0,"Commentary on: “STOA: A bio-inspired based optimization algorithm for industrial engineering problems” [EAAI, 82 (2019), 148–174] and “Tunicate Swarm Algorithm: A new bio-inspired based metaheuristic paradigm for global optimization” [EAAI, 90 (2020), no. 103541]",crossref,
matched,Hybrid meta-heuristic genetic algorithm: Differential evolution algorithms for scientific workflow scheduling in heterogeneous cloud environment,2022,1.0,0,Hybrid Meta-heuristic Genetic Algorithm: Differential Evolution Algorithms for Scientific Workflow Scheduling in Heterogeneous Cloud Environment,crossref,Hybrid Meta-heuristic Genetic Algorithm: Differential Evolution Algorithms for Scientific Workflow Scheduling in Heterogeneous Cloud Environment
matched,Automatic data clustering using farmland fertility metaheuristic algorithm,2022,1.0,0,Automatic Data Clustering Using Farmland Fertility Metaheuristic Algorithm,crossref,Automatic Data Clustering Using Farmland Fertility Metaheuristic Algorithm
matched,Ensemble hybrid model for Hindi COVID-19 text classification with metaheuristic optimization algorithm,2023,1.0,1,Ensemble hybrid model for Hindi COVID-19 text classification with metaheuristic optimization algorithm,crossref,Ensemble hybrid model for Hindi COVID-19 text classification with metaheuristic optimization algorithm
matched,PRESEP: Cluster based metaheuristic algorithm for energy-efficient wireless sensor network application in internet of things,2023,1.0,0,PRESEP: Cluster Based Metaheuristic Algorithm for Energy-Efficient Wireless Sensor Network Application in Internet of Things,crossref,PRESEP: Cluster Based Metaheuristic Algorithm for Energy-Efficient Wireless Sensor Network Application in Internet of Things
matched,A novel metaheuristic hybrid parthenogenetic algorithm for job shop scheduling problems: applying an optimization model,2023,1.0,0,A Novel Metaheuristic Hybrid Parthenogenetic Algorithm for Job Shop Scheduling Problems: Applying an Optimization Model,crossref,A Novel Metaheuristic Hybrid Parthenogenetic Algorithm for Job Shop Scheduling Problems: Applying an Optimization Model
matched,Anomaly detection in ecg using recurrent networks optimized by modified metaheuristic algorithm,2023,1.0,0,Anomaly detection in ECG using recurrent networks optimized by modified metaheuristic algorithm,crossref,Anomaly detection in ECG using recurrent networks optimized by modified metaheuristic algorithm
matched,Red panda optimization algorithm: An effective bio-inspired metaheuristic algorithm for solving engineering optimization problems,2023,1.0,0,Red Panda Optimization Algorithm: An Effective Bio-Inspired Metaheuristic Algorithm for Solving Engineering Optimization Problems,crossref,Red Panda Optimization Algorithm: An Effective Bio-Inspired Metaheuristic Algorithm for Solving Engineering Optimization Problems
matched,Addressing a collaborative maintenance planning using multiple operators by a multi-objective Metaheuristic algorithm,2023,1.0,2,Addressing a Collaborative Maintenance Planning Using Multiple Operators by a Multi-Objective Metaheuristic Algorithm,crossref,Addressing a Collaborative Maintenance Planning Using Multiple Operators by a Multi-Objective Metaheuristic Algorithm
matched,Energy efficient resource allocation in cloud environment using metaheuristic algorithm,2023,1.0,0,Energy Efficient Resource Allocation in Cloud Environment Using Metaheuristic Algorithm,crossref,Energy Efficient Resource Allocation in Cloud Environment Using Metaheuristic Algorithm
matched,D-PFA: A discrete metaheuristic method for solving traveling salesman problem using pathfinder algorithm,2023,1.0,0,D-PFA: A Discrete Metaheuristic Method for Solving Traveling Salesman Problem Using Pathfinder Algorithm,crossref,D-PFA: A Discrete Metaheuristic Method for Solving Traveling Salesman Problem Using Pathfinder Algorithm
matched,Advanced meta-heuristic algorithm based on Particle Swarm and Al-biruni Earth Radius optimization methods for oral cancer detection,2023,1.0,0,Advanced Meta-Heuristic Algorithm Based on Particle Swarm and Al-Biruni Earth Radius Optimization Methods for Oral Cancer Detection,crossref,Advanced Meta-Heuristic Algorithm Based on Particle Swarm and Al-Biruni Earth Radius Optimization Methods for Oral Cancer Detection
matched,Meta-Heuristic Algorithm Enabled Artificial Neural Network for Heart Disease Diagnosis Using IoT Smart Sensors,2023,1.0,0,Meta-Heuristic Algorithm Enabled Artificial Neural Network for Heart Disease Diagnosis Using IoT Smart Sensors,crossref,Meta-Heuristic Algorithm Enabled Artificial Neural Network for Heart Disease Diagnosis Using IoT Smart Sensors
matched,A metaheuristic-based modularity optimization algorithm driven by edge directionality for directed networks,2023,1.0,0,A Metaheuristic-Based Modularity Optimization Algorithm Driven by Edge Directionality for Directed Networks,crossref,A Metaheuristic-Based Modularity Optimization Algorithm Driven by Edge Directionality for Directed Networks
matched,Neural population dynamics optimization algorithm: A novel brain-inspired meta-heuristic method,2024,1.0,0,Neural population dynamics optimization algorithm: A novel brain-inspired meta-heuristic method,crossref,Neural population dynamics optimization algorithm: A novel brain-inspired meta-heuristic method
matched,Lévy arithmetic algorithm: an enhanced metaheuristic algorithm and its application to engineering optimization,2024,1.0,1,Lévy Arithmetic Algorithm: An Enhanced Metaheuristic Algorithm and its Application to Engineering Optimization,crossref,Lévy Arithmetic Algorithm: An Enhanced Metaheuristic Algorithm and its Application to Engineering Optimization
matched,Triangulation topology aggregation optimizer: A novel mathematics-based meta-heuristic algorithm for continuous optimization and engineering applications,2024,1.0,0,Triangulation topology aggregation optimizer: A novel mathematics-based meta-heuristic algorithm for continuous optimization and engineering applications,crossref,Triangulation topology aggregation optimizer: A novel mathematics-based meta-heuristic algorithm for continuous optimization and engineering applications
matched,Thinking Innovation Strategy (TIS): A Novel Mechanism for Metaheuristic Algorithm Design and Evolutionary Update,2025,1.0,0,Thinking Innovation Strategy (TIS): A novel mechanism for metaheuristic algorithm design and evolutionary update,crossref,Thinking Innovation Strategy (TIS): A novel mechanism for metaheuristic algorithm design and evolutionary update
matched,Golf optimization algorithm: A new game-based metaheuristic algorithm and its application to energy commitment problem considering resilience,2023,1.0,0,Golf Optimization Algorithm: A New Game-Based Metaheuristic Algorithm and Its Application to Energy Commitment Problem Considering Resilience,crossref,Golf Optimization Algorithm: A New Game-Based Metaheuristic Algorithm and Its Application to Energy Commitment Problem Considering Resilience
matched,Metaheuristic solution for stability analysis of nonlinear systems using an intelligent algorithm with potential applications,2023,1.0,0,Metaheuristic Solution for Stability Analysis of Nonlinear Systems Using an Intelligent Algorithm with Potential Applications,crossref,Metaheuristic Solution for Stability Analysis of Nonlinear Systems Using an Intelligent Algorithm with Potential Applications
matched,Sepsis prediction by using a hybrid metaheuristic algorithm: A novel approach for optimizing deep neural networks,2023,1.0,0,Sepsis Prediction by Using a Hybrid Metaheuristic Algorithm: A Novel Approach for Optimizing Deep Neural Networks,crossref,Sepsis Prediction by Using a Hybrid Metaheuristic Algorithm: A Novel Approach for Optimizing Deep Neural Networks
matched,A novel hybrid imperialist competitive algorithm–particle swarm optimization metaheuristic optimization algorithm for cost-effective energy management in multi-source …,2023,0.935,0,A Novel Hybrid Imperialist Competitive Algorithm–Particle Swarm Optimization Metaheuristic Optimization Algorithm for Cost-Effective Energy Management in Multi-Source Residential Microgrids,crossref,A Novel Hybrid Imperialist Competitive Algorithm–Particle Swarm Optimization Metaheuristic Optimization Algorithm for Cost-Effective Energy Management in Multi-Source Residential Microgrids
matched,"A novel prairie dog-based meta-heuristic optimization algorithm for improved control, better transient response, and power quality enhancement of hybrid microgrids",2023,1.0,0,"A Novel Prairie Dog-Based Meta-Heuristic Optimization Algorithm for Improved Control, Better Transient Response, and Power Quality Enhancement of Hybrid Microgrids",crossref,"A Novel Prairie Dog-Based Meta-Heuristic Optimization Algorithm for Improved Control, Better Transient Response, and Power Quality Enhancement of Hybrid Microgrids"
matched,Multi-robot exploration of unknown space using combined meta-heuristic salp swarm algorithm and deterministic coordinated multi-robot exploration,2023,1.0,0,Multi-Robot Exploration of Unknown Space Using Combined Meta-Heuristic Salp Swarm Algorithm and Deterministic Coordinated Multi-Robot Exploration,crossref,Multi-Robot Exploration of Unknown Space Using Combined Meta-Heuristic Salp Swarm Algorithm and Deterministic Coordinated Multi-Robot Exploration
matched,A framework for data privacy preserving in supply chain management using hybrid meta-heuristic algorithm with ethereum blockchain technology,2023,1.0,0,A Framework for Data Privacy Preserving in Supply Chain Management Using Hybrid Meta-Heuristic Algorithm with Ethereum Blockchain Technology,crossref,A Framework for Data Privacy Preserving in Supply Chain Management Using Hybrid Meta-Heuristic Algorithm with Ethereum Blockchain Technology
matched,Optimal design of the proton-exchange membrane fuel cell connected to the network utilizing an improved version of the metaheuristic algorithm,2023,1.0,0,Optimal Design of the Proton-Exchange Membrane Fuel Cell Connected to the Network Utilizing an Improved Version of the Metaheuristic Algorithm,crossref,Optimal Design of the Proton-Exchange Membrane Fuel Cell Connected to the Network Utilizing an Improved Version of the Metaheuristic Algorithm
matched,Lyrebird optimization algorithm: a new bio-inspired metaheuristic algorithm for solving optimization problems,2023,1.0,0,Lyrebird Optimization Algorithm: A New Bio-Inspired Metaheuristic Algorithm for Solving Optimization Problems,crossref,Lyrebird Optimization Algorithm: A New Bio-Inspired Metaheuristic Algorithm for Solving Optimization Problems
matched,Kookaburra optimization algorithm: a new bio-inspired metaheuristic algorithm for solving optimization problems,2023,1.0,0,Kookaburra Optimization Algorithm: A New Bio-Inspired Metaheuristic Algorithm for Solving Optimization Problems,crossref,Kookaburra Optimization Algorithm: A New Bio-Inspired Metaheuristic Algorithm for Solving Optimization Problems
matched,Subtraction-average-based optimizer: A new swarm-inspired metaheuristic algorithm for solving optimization problems,2023,1.0,0,Subtraction-Average-Based Optimizer: A New Swarm-Inspired Metaheuristic Algorithm for Solving Optimization Problems,crossref,Subtraction-Average-Based Optimizer: A New Swarm-Inspired Metaheuristic Algorithm for Solving Optimization Problems
matched,Green anaconda optimization: a new bio-inspired metaheuristic algorithm for solving optimization problems,2023,1.0,0,Green Anaconda Optimization: A New Bio-Inspired Metaheuristic Algorithm for Solving Optimization Problems,crossref,Green Anaconda Optimization: A New Bio-Inspired Metaheuristic Algorithm for Solving Optimization Problems
matched,Giant armadillo optimization: A new bio-inspired metaheuristic algorithm for solving optimization problems,2023,1.0,0,Giant Armadillo Optimization: A New Bio-Inspired Metaheuristic Algorithm for Solving Optimization Problems,crossref,Giant Armadillo Optimization: A New Bio-Inspired Metaheuristic Algorithm for Solving Optimization Problems
matched,Breast cancer classification using synthesized deep learning model with metaheuristic optimization algorithm,2023,1.0,0,Breast Cancer Classification Using Synthesized Deep Learning Model with Metaheuristic Optimization Algorithm,crossref,Breast Cancer Classification Using Synthesized Deep Learning Model with Metaheuristic Optimization Algorithm
matched,Energy valley optimizer: a novel metaheuristic algorithm for global and engineering optimization,2023,1.0,0,Energy valley optimizer: a novel metaheuristic algorithm for global and engineering optimization,crossref,Energy valley optimizer: a novel metaheuristic algorithm for global and engineering optimization
matched,… phosphorus fertilizer supply chain management to improve crop yield and P use efficiency using an ensemble heuristic–metaheuristic optimization algorithm,2023,0.962,0,Sustainable Phosphorus Fertilizer Supply Chain Management to Improve Crop Yield and P Use Efficiency Using an Ensemble Heuristic–Metaheuristic Optimization Algorithm,crossref,Sustainable Phosphorus Fertilizer Supply Chain Management to Improve Crop Yield and P Use Efficiency Using an Ensemble Heuristic–Metaheuristic Optimization Algorithm
matched,A metaheuristic Harris hawks optimization algorithm for weed detection using drone images,2023,1.0,0,A Metaheuristic Harris Hawks Optimization Algorithm for Weed Detection Using Drone Images,crossref,A Metaheuristic Harris Hawks Optimization Algorithm for Weed Detection Using Drone Images
matched,A new human-based metaheuristic algorithm for solving optimization problems based on technical and vocational education and training,2023,1.0,0,A New Human-Based Metaheuristic Algorithm for Solving Optimization Problems Based on Technical and Vocational Education and Training,crossref,A New Human-Based Metaheuristic Algorithm for Solving Optimization Problems Based on Technical and Vocational Education and Training
matched,Squid game optimizer (SGO): A novel metaheuristic algorithm,2023,1.0,0,Squid Game Optimizer (SGO): a novel metaheuristic algorithm,crossref,Squid Game Optimizer (SGO): a novel metaheuristic algorithm
matched,Innovative spectrum handoff process using a machine learning-based metaheuristic algorithm,2023,1.0,0,Innovative Spectrum Handoff Process Using a Machine Learning-Based Metaheuristic Algorithm,crossref,Innovative Spectrum Handoff Process Using a Machine Learning-Based Metaheuristic Algorithm
matched,An Efficient Metaheuristic Algorithm for Job Shop Scheduling in a Dynamic Environment,2023,1.0,0,An Efficient Metaheuristic Algorithm for Job Shop Scheduling in a Dynamic Environment,crossref,An Efficient Metaheuristic Algorithm for Job Shop Scheduling in a Dynamic Environment
matched,Mathematical Circuit Root Simplification Using an Ensemble Heuristic–Metaheuristic Algorithm,2023,1.0,0,Mathematical Circuit Root Simplification Using an Ensemble Heuristic–Metaheuristic Algorithm,crossref,Mathematical Circuit Root Simplification Using an Ensemble Heuristic–Metaheuristic Algorithm
matched,Optimizing Voltage Stability in Distribution Networks via Metaheuristic Algorithm-Driven Reactive Power Compensation from MDHD EVs,2023,1.0,0,Optimizing Voltage Stability in Distribution Networks via Metaheuristic Algorithm-Driven Reactive Power Compensation from MDHD EVs,crossref,Optimizing Voltage Stability in Distribution Networks via Metaheuristic Algorithm-Driven Reactive Power Compensation from MDHD EVs
matched,… leachate and groundwater quality prediction using a robust integrated artificial intelligence model: Grey wolf metaheuristic optimization algorithm and extreme learning …,2023,0.915,0,Investigating Landfill Leachate and Groundwater Quality Prediction Using a Robust Integrated Artificial Intelligence Model: Grey Wolf Metaheuristic Optimization Algorithm and Extreme Learning Machine,crossref,Investigating Landfill Leachate and Groundwater Quality Prediction Using a Robust Integrated Artificial Intelligence Model: Grey Wolf Metaheuristic Optimization Algorithm and Extreme Learning Machine
matched,… analysis of clustering public utility bus passenger's behavior during the COVID-19 pandemic: Utilization of Machine Learning with metaheuristic algorithm,2023,0.95,0,A Comprehensive Analysis of Clustering Public Utility Bus Passenger’s Behavior during the COVID-19 Pandemic: Utilization of Machine Learning with Metaheuristic Algorithm,crossref,A Comprehensive Analysis of Clustering Public Utility Bus Passenger’s Behavior during the COVID-19 Pandemic: Utilization of Machine Learning with Metaheuristic Algorithm
matched,… urban surface runoff conveying system dimensions through optimization using the non-dominated sorting differential evolution (NSDE) metaheuristic algorithm,2023,0.968,0,Enhancing Urban Surface Runoff Conveying System Dimensions through Optimization Using the Non-Dominated Sorting Differential Evolution (NSDE) Metaheuristic Algorithm,crossref,Enhancing Urban Surface Runoff Conveying System Dimensions through Optimization Using the Non-Dominated Sorting Differential Evolution (NSDE) Metaheuristic Algorithm
matched,Fungal growth optimizer: A novel nature-inspired metaheuristic algorithm for stochastic optimization,2025,1.0,0,Fungal growth optimizer: A novel nature-inspired metaheuristic algorithm for stochastic optimization,crossref,Fungal growth optimizer: A novel nature-inspired metaheuristic algorithm for stochastic optimization
matched,Chaotic evolution optimization: A novel metaheuristic algorithm inspired by chaotic dynamics,2025,1.0,0,Chaotic evolution optimization: A novel metaheuristic algorithm inspired by chaotic dynamics,crossref,Chaotic evolution optimization: A novel metaheuristic algorithm inspired by chaotic dynamics
matched,A hybrid metaheuristic algorithm for the multi-objective location-routing problem in the early post-disaster stage.,2023,1.0,0,A hybrid metaheuristic algorithm for the multi-objective location-routing problem in the early post-disaster stage,crossref,A hybrid metaheuristic algorithm for the multi-objective location-routing problem in the early post-disaster stage
matched,Artificial Satellite Search: A New Metaheuristic Algorithm for Optimizing Truss Structure Design and Project Scheduling,2025,1.0,0,Artificial satellite search: A new metaheuristic algorithm for optimizing truss structure design and project scheduling,crossref,Artificial satellite search: A new metaheuristic algorithm for optimizing truss structure design and project scheduling
matched,A novel-enhanced metaheuristic algorithm for FOPID-controlled and Bode's ideal transfer function–based buck converter system,2023,1.0,0,A novel-enhanced metaheuristic algorithm for FOPID-controlled and Bode’s ideal transfer function–based buck converter system,crossref,A novel-enhanced metaheuristic algorithm for FOPID-controlled and Bode’s ideal transfer function–based buck converter system
matched,Improving flood-prone areas mapping using geospatial artificial intelligence (GeoAI): A non-parametric algorithm enhanced by math-based metaheuristic algorithms,2025,1.0,0,Improving flood-prone areas mapping using geospatial artificial intelligence (GeoAI): A non-parametric algorithm enhanced by math-based metaheuristic algorithms,crossref,Improving flood-prone areas mapping using geospatial artificial intelligence (GeoAI): A non-parametric algorithm enhanced by math-based metaheuristic algorithms
matched,Approach to multispectral thermometry with Planck formula and hybrid metaheuristic optimization algorithm,2023,1.0,0,Approach to multispectral thermometry with Planck formula and hybrid metaheuristic optimization algorithm,crossref,Approach to multispectral thermometry with Planck formula and hybrid metaheuristic optimization algorithm
matched,A novel metaheuristic optimizer based on improved adaptive guided differential evolution algorithm for parameter identification of a PEMFC model,2025,1.0,0,A novel metaheuristic optimizer based on improved adaptive guided differential evolution algorithm for parameter identification of a PEMFC model,crossref,A novel metaheuristic optimizer based on improved adaptive guided differential evolution algorithm for parameter identification of a PEMFC model
matched,A novel metaheuristic jellyfish optimization algorithm for parameter extraction of solar module,2023,1.0,0,A Novel Metaheuristic Jellyfish Optimization Algorithm for Parameter Extraction of Solar Module,crossref,A Novel Metaheuristic Jellyfish Optimization Algorithm for Parameter Extraction of Solar Module
matched,Forecasting wind power based on an improved al-Biruni Earth radius metaheuristic optimization algorithm,2023,1.0,0,Forecasting wind power based on an improved al-Biruni Earth radius metaheuristic optimization algorithm,crossref,Forecasting wind power based on an improved al-Biruni Earth radius metaheuristic optimization algorithm
matched,Dream Optimization Algorithm (DOA): A novel metaheuristic optimization algorithm inspired by human dreams and its applications to real-world engineering problems,2025,1.0,0,Dream Optimization Algorithm (DOA): A novel metaheuristic optimization algorithm inspired by human dreams and its applications to real-world engineering problems,crossref,Dream Optimization Algorithm (DOA): A novel metaheuristic optimization algorithm inspired by human dreams and its applications to real-world engineering problems
matched,Lemurs optimizer: A new metaheuristic algorithm for global optimization,2022,1.0,0,Lemurs Optimizer: A New Metaheuristic Algorithm for Global Optimization,crossref,Lemurs Optimizer: A New Metaheuristic Algorithm for Global Optimization
matched,Optimizing hyperparameters for improved melanoma classification using metaheuristic algorithm,2023,1.0,0,Optimizing Hyperparameters for Improved Melanoma Classification using Metaheuristic Algorithm,crossref,Optimizing Hyperparameters for Improved Melanoma Classification using Metaheuristic Algorithm
rejected,Wrapper and hybrid feature selection methods using metaheuristic algorithm for chest x-ray images classification: COVID-19 as a case study,2023,0.9,0,Wrapper and Hybrid Feature Selection Methods Using Metaheuristic Algorithm for Chest X-Ray Images Classification,crossref,
matched,Martial art learning optimization: A novel metaheuristic algorithm for night image enhancement,2023,1.0,0,Martial Art Learning Optimization: A Novel Metaheuristic Algorithm for Night Image Enhancement,crossref,Martial Art Learning Optimization: A Novel Metaheuristic Algorithm for Night Image Enhancement
matched,Beluga whale optimization: A novel nature-inspired metaheuristic algorithm,2022,1.0,0,Beluga whale optimization: A novel nature-inspired metaheuristic algorithm,crossref,Beluga whale optimization: A novel nature-inspired metaheuristic algorithm
matched,Dark Forest Algorithm: A Novel Metaheuristic Algorithm for Global Optimization Problems.,2023,1.0,0,Dark Forest Algorithm: A Novel Metaheuristic Algorithm for Global Optimization Problems,crossref,Dark Forest Algorithm: A Novel Metaheuristic Algorithm for Global Optimization Problems
matched,Chaotic state of matter search with elite opposition based learning: A new hybrid metaheuristic algorithm,2023,1.0,2,Chaotic state of matter search with elite opposition based learning: A new hybrid metaheuristic algorithm,crossref,Chaotic state of matter search with elite opposition based learning: A new hybrid metaheuristic algorithm
matched,A smart privacy preserving framework for industrial IoT using hybrid meta-heuristic algorithm,2023,1.0,0,A smart privacy preserving framework for industrial IoT using hybrid meta-heuristic algorithm,crossref,A smart privacy preserving framework for industrial IoT using hybrid meta-heuristic algorithm
matched,Beampattern optimization techniques using metaheuristic algorithm for collaborative beamforming: a review,2023,1.0,0,Beampattern optimization techniques using metaheuristic algorithm for collaborative beamforming: a review,crossref,Beampattern optimization techniques using metaheuristic algorithm for collaborative beamforming: a review
matched,… a Scenario‐Based Fuzzy Model for Sustainable Closed‐Loop Supply Chain Network considering Statistical Reliability: A New Hybrid Metaheuristic Algorithm,2023,0.968,0,Designing a Scenario-Based Fuzzy Model for Sustainable Closed-Loop Supply Chain Network considering Statistical Reliability: A New Hybrid Metaheuristic Algorithm,crossref,Designing a Scenario-Based Fuzzy Model for Sustainable Closed-Loop Supply Chain Network considering Statistical Reliability: A New Hybrid Metaheuristic Algorithm
matched,GOZDE: A novel metaheuristic algorithm for global optimization,2022,1.0,0,GOZDE: A novel metaheuristic algorithm for global optimization,crossref,GOZDE: A novel metaheuristic algorithm for global optimization
matched,Design of hybrid metaheuristic optimization algorithm for trust-aware privacy preservation in cloud computing,2023,1.0,0,Design of Hybrid Metaheuristic Optimization Algorithm for Trust-Aware Privacy Preservation in Cloud Computing,crossref,Design of Hybrid Metaheuristic Optimization Algorithm for Trust-Aware Privacy Preservation in Cloud Computing
matched,Cubature Kalman optimizer: a novel metaheuristic algorithm for solving numerical optimization problems,2023,1.0,0,Cubature Kalman Optimizer: A Novel Metaheuristic Algorithm for Solving Numerical Optimization Problems,crossref,Cubature Kalman Optimizer: A Novel Metaheuristic Algorithm for Solving Numerical Optimization Problems
matched,Aphid–ant mutualism: A novel nature-inspired​ metaheuristic algorithm for solving optimization problems,2022,1.0,0,Aphid–Ant Mutualism: A novel nature-inspired​ metaheuristic algorithm for solving optimization problems,crossref,Aphid–Ant Mutualism: A novel nature-inspired​ metaheuristic algorithm for solving optimization problems
matched,Skill Optimization Algorithm: A New Human-Based Metaheuristic Technique.,2023,1.0,0,Skill Optimization Algorithm: A New Human-Based Metaheuristic Technique,crossref,Skill Optimization Algorithm: A New Human-Based Metaheuristic Technique
matched,Mother optimization algorithm: A new human-based metaheuristic approach for solving engineering optimization,2023,1.0,0,Mother optimization algorithm: a new human-based metaheuristic approach for solving engineering optimization,crossref,Mother optimization algorithm: a new human-based metaheuristic approach for solving engineering optimization
matched,Osprey optimization algorithm: A new bio-inspired metaheuristic algorithm for solving engineering optimization problems,2023,1.0,0,Osprey optimization algorithm: A new bio-inspired metaheuristic algorithm for solving engineering optimization problems,crossref,Osprey optimization algorithm: A new bio-inspired metaheuristic algorithm for solving engineering optimization problems
matched,White Shark Optimizer: A novel bio-inspired meta-heuristic algorithm for global optimization problems,2022,1.0,0,White Shark Optimizer: A novel bio-inspired meta-heuristic algorithm for global optimization problems,crossref,White Shark Optimizer: A novel bio-inspired meta-heuristic algorithm for global optimization problems
matched,Artificial rabbits optimization: A new bio-inspired meta-heuristic algorithm for solving engineering optimization problems,2022,1.0,0,Artificial rabbits optimization: A new bio-inspired meta-heuristic algorithm for solving engineering optimization problems,crossref,Artificial rabbits optimization: A new bio-inspired meta-heuristic algorithm for solving engineering optimization problems
matched,A modified metaheuristic algorithm for a home health care routing problem with health team skill levels,2023,1.0,0,A modified metaheuristic algorithm for a home health care routing problem with health team skill levels,crossref,A modified metaheuristic algorithm for a home health care routing problem with health team skill levels
matched,Total Interaction Algorithm: A Metaheuristic in which Each Agent Interacts with All Other Agents.,2023,1.0,0,Total Interaction Algorithm: A Metaheuristic in which Each Agent Interacts with All Other Agents,crossref,Total Interaction Algorithm: A Metaheuristic in which Each Agent Interacts with All Other Agents
matched,A new bio-inspired metaheuristic algorithm for solving optimization problems based on walruses behavior,2023,1.0,0,A new bio-inspired metaheuristic algorithm for solving optimization problems based on walruses behavior,crossref,A new bio-inspired metaheuristic algorithm for solving optimization problems based on walruses behavior
matched,Al-Biruni Earth Radius (BER) Metaheuristic Search Optimization Algorithm.,2023,1.0,0,Al-Biruni Earth Radius (BER) Metaheuristic Search Optimization Algorithm,crossref,Al-Biruni Earth Radius (BER) Metaheuristic Search Optimization Algorithm
matched,Multi-objective optimized high-strength concrete mix design using a hybrid machine learning and metaheuristic algorithm,2023,1.0,1,Multi-objective optimized high-strength concrete mix design using a hybrid machine learning and metaheuristic algorithm,crossref,Multi-objective optimized high-strength concrete mix design using a hybrid machine learning and metaheuristic algorithm
matched,Gold rush optimizer: A new population-based metaheuristic algorithm,2023,1.0,0,Gold rush optimizer: A new population-based metaheuristic algorithm,crossref,Gold rush optimizer: A new population-based metaheuristic algorithm
matched,A new human-based metaheuristic algorithm for solving optimization problems based on preschool education,2023,1.0,0,A new human-based metaheuristic algorithm for solving optimization problems based on preschool education,crossref,A new human-based metaheuristic algorithm for solving optimization problems based on preschool education
matched,ST-AL: a hybridized search based metaheuristic computational algorithm towards optimization of high dimensional industrial datasets,2023,1.0,1,ST-AL: a hybridized search based metaheuristic computational algorithm towards optimization of high dimensional industrial datasets,crossref,ST-AL: a hybridized search based metaheuristic computational algorithm towards optimization of high dimensional industrial datasets
matched,Enhancement in quality of routing service using metaheuristic PSO algorithm in VANET networks,2023,1.0,2,Enhancement in Quality of Routing Service Using Metaheuristic PSO Algorithm in VANET Networks,crossref,Enhancement in Quality of Routing Service Using Metaheuristic PSO Algorithm in VANET Networks
matched,Reptile Search Algorithm (RSA): A nature-inspired meta-heuristic optimizer,2022,1.0,0,Reptile Search Algorithm (RSA): A nature-inspired meta-heuristic optimizer,crossref,Reptile Search Algorithm (RSA): A nature-inspired meta-heuristic optimizer
matched,Poplar optimization algorithm: A new meta-heuristic optimization technique for numerical optimization and image segmentation,2022,1.0,0,Poplar optimization algorithm: A new meta-heuristic optimization technique for numerical optimization and image segmentation,crossref,Poplar optimization algorithm: A new meta-heuristic optimization technique for numerical optimization and image segmentation
matched,Flood susceptibility modeling based on new hybrid intelligence model: Optimization of XGboost model using GA metaheuristic algorithm,2022,1.0,0,Flood susceptibility modeling based on new hybrid intelligence model: Optimization of XGboost model using GA metaheuristic algorithm,crossref,Flood susceptibility modeling based on new hybrid intelligence model: Optimization of XGboost model using GA metaheuristic algorithm
matched,Migration Algorithm: A New Human-Based Metaheuristic Approach for Solving Optimization Problems.,2023,1.0,0,Migration Algorithm: A New Human-Based Metaheuristic Approach for Solving Optimization Problems,crossref,Migration Algorithm: A New Human-Based Metaheuristic Approach for Solving Optimization Problems
matched,A new metaheuristic optimization based on K-means clustering algorithm and its application to structural damage identification,2022,1.0,0,A new metaheuristic optimization based on K-means clustering algorithm and its application to structural damage identification,crossref,A new metaheuristic optimization based on K-means clustering algorithm and its application to structural damage identification
matched,Gannet optimization algorithm: A new metaheuristic algorithm for solving engineering optimization problems,2022,1.0,0,Gannet optimization algorithm : A new metaheuristic algorithm for solving engineering optimization problems,crossref,Gannet optimization algorithm : A new metaheuristic algorithm for solving engineering optimization problems
matched,FPSO-GA: a fuzzy metaheuristic load balancing algorithm to reduce energy consumption in cloud networks,2022,1.0,0,FPSO-GA: A Fuzzy Metaheuristic Load Balancing Algorithm to Reduce Energy Consumption in Cloud Networks,crossref,FPSO-GA: A Fuzzy Metaheuristic Load Balancing Algorithm to Reduce Energy Consumption in Cloud Networks
matched,A new metaheuristic algorithm based on water wave optimization for data clustering,2022,1.0,1,A new metaheuristic algorithm based on water wave optimization for data clustering,crossref,A new metaheuristic algorithm based on water wave optimization for data clustering
matched,The archerfish hunting optimizer: A novel metaheuristic algorithm for global optimization,2022,1.0,1,The Archerfish Hunting Optimizer: A Novel Metaheuristic Algorithm for Global Optimization,crossref,The Archerfish Hunting Optimizer: A Novel Metaheuristic Algorithm for Global Optimization
matched,Boxing match algorithm: A new meta-heuristic algorithm,2022,1.0,0,Boxing Match Algorithm: a new meta-heuristic algorithm,crossref,Boxing Match Algorithm: a new meta-heuristic algorithm
matched,Search in forest optimizer: a bioinspired metaheuristic algorithm for global optimization problems,2022,1.0,0,Search in forest optimizer: a bioinspired metaheuristic algorithm for global optimization problems,crossref,Search in forest optimizer: a bioinspired metaheuristic algorithm for global optimization problems
matched,Language Education Optimization: A New Human-Based Metaheuristic Algorithm for Solving Optimization Problems.,2023,1.0,0,Language Education Optimization: A New Human-Based Metaheuristic Algorithm for Solving Optimization Problems,crossref,Language Education Optimization: A New Human-Based Metaheuristic Algorithm for Solving Optimization Problems
matched,Running city game optimizer: A game-based metaheuristic optimization algorithm for global optimization,2023,1.0,1,Running city game optimizer: a game-based metaheuristic optimization algorithm for global optimization,crossref,Running city game optimizer: a game-based metaheuristic optimization algorithm for global optimization
matched,XECryptoGA: a metaheuristic algorithm-based block cipher to enhance the security goals,2023,1.0,1,XECryptoGA: a metaheuristic algorithm-based block cipher to enhance the security goals,crossref,XECryptoGA: a metaheuristic algorithm-based block cipher to enhance the security goals
matched,A novel metaheuristic-based robust unified control MPPT algorithm for grid-connected PV system,2023,1.0,0,A Novel Metaheuristic-Based Robust Unified Control Mppt Algorithm for Grid-Connected Pv System,crossref,A Novel Metaheuristic-Based Robust Unified Control Mppt Algorithm for Grid-Connected Pv System
matched,A multi-spectral image-based high-level classification based on a modified SVM with enhanced PCA and hybrid metaheuristic algorithm,2023,1.0,0,A multi-spectral image-based high-level classification based on a modified SVM with enhanced PCA and hybrid metaheuristic algorithm,crossref,A multi-spectral image-based high-level classification based on a modified SVM with enhanced PCA and hybrid metaheuristic algorithm
matched,Novel metaheuristic routing algorithm with optimized energy and enhanced coverage for WSNs,2023,1.0,0,Novel metaheuristic routing algorithm with optimized energy and enhanced coverage for WSNs,crossref,Novel metaheuristic routing algorithm with optimized energy and enhanced coverage for WSNs
matched,Parameter extraction of three-diode solar photovoltaic model using a new metaheuristic resistance–capacitance optimization algorithm and improved Newton …,2023,0.953,1,Parameter extraction of three-diode solar photovoltaic model using a new metaheuristic resistance–capacitance optimization algorithm and improved Newton–Raphson method,crossref,Parameter extraction of three-diode solar photovoltaic model using a new metaheuristic resistance–capacitance optimization algorithm and improved Newton–Raphson method
matched,Coati Optimization Algorithm: A new bio-inspired metaheuristic algorithm for solving optimization problems,2023,1.0,0,Coati Optimization Algorithm: A new bio-inspired metaheuristic algorithm for solving optimization problems,crossref,Coati Optimization Algorithm: A new bio-inspired metaheuristic algorithm for solving optimization problems
matched,A reinforcement learning-based metaheuristic algorithm for solving global optimization problems,2023,1.0,0,A reinforcement learning-based metaheuristic algorithm for solving global optimization problems,crossref,A reinforcement learning-based metaheuristic algorithm for solving global optimization problems
matched,Efficient multi-objective metaheuristic algorithm for sustainable harvest planning problem,2023,1.0,0,Efficient multi-objective metaheuristic algorithm for sustainable harvest planning problem,crossref,Efficient multi-objective metaheuristic algorithm for sustainable harvest planning problem
matched,FPGA implementation of metaheuristic optimization algorithm,2023,1.0,0,FPGA Implementation of Metaheuristic Optimization Algorithm,crossref,FPGA Implementation of Metaheuristic Optimization Algorithm
matched,Growth Optimizer: A powerful metaheuristic algorithm for solving continuous and discrete global optimization problems,2023,1.0,0,Growth Optimizer: A powerful metaheuristic algorithm for solving continuous and discrete global optimization problems,crossref,Growth Optimizer: A powerful metaheuristic algorithm for solving continuous and discrete global optimization problems
matched,Performance enhancement in clustering cooperative spectrum sensing for cognitive radio network using metaheuristic algorithm,2023,1.0,0,Performance enhancement in clustering cooperative spectrum sensing for cognitive radio network using metaheuristic algorithm,crossref,Performance enhancement in clustering cooperative spectrum sensing for cognitive radio network using metaheuristic algorithm
matched,Pair barracuda swarm optimization algorithm: a natural-inspired metaheuristic method for high dimensional optimization problems,2023,1.0,0,Pair barracuda swarm optimization algorithm: a natural-inspired metaheuristic method for high dimensional optimization problems,crossref,Pair barracuda swarm optimization algorithm: a natural-inspired metaheuristic method for high dimensional optimization problems
matched,Metaheuristic approaches for prediction of water quality indices with relief algorithm-based feature selection,2023,1.0,0,Metaheuristic approaches for prediction of water quality indices with relief algorithm-based feature selection,crossref,Metaheuristic approaches for prediction of water quality indices with relief algorithm-based feature selection
matched,An inverse reinforcement learning framework with the Q-learning mechanism for the metaheuristic algorithm,2023,1.0,0,An inverse reinforcement learning framework with the Q-learning mechanism for the metaheuristic algorithm,crossref,An inverse reinforcement learning framework with the Q-learning mechanism for the metaheuristic algorithm
matched,Deep learning-based metaheuristic weighted k-nearest neighbor algorithm for the severity classification of breast cancer,2023,1.0,0,Deep Learning-Based Metaheuristic Weighted K-Nearest Neighbor Algorithm for the Severity Classification of Breast Cancer,crossref,Deep Learning-Based Metaheuristic Weighted K-Nearest Neighbor Algorithm for the Severity Classification of Breast Cancer
matched,Metaheuristic algorithm for energy efficient clustering scheme in wireless sensor networks,2023,1.0,0,Metaheuristic algorithm for energy efficient clustering scheme in wireless sensor networks,crossref,Metaheuristic algorithm for energy efficient clustering scheme in wireless sensor networks
matched,Gravity data inversion applying a metaheuristic Bat algorithm for various ore and mineral models,2023,1.0,0,Gravity data inversion applying a metaheuristic Bat algorithm for various ore and mineral models,crossref,Gravity data inversion applying a metaheuristic Bat algorithm for various ore and mineral models
matched,Altruistic population algorithm: A metaheuristic search algorithm for solving multimodal multi-objective optimization problems,2023,1.0,0,Altruistic population algorithm: A metaheuristic search algorithm for solving multimodal multi-objective optimization problems,crossref,Altruistic population algorithm: A metaheuristic search algorithm for solving multimodal multi-objective optimization problems
matched,Enhancing the performance of Piezoelectric Energy Harvester under electrostatic actuation using a robust metaheuristic algorithm,2023,1.0,0,Enhancing the performance of Piezoelectric Energy Harvester under electrostatic actuation using a robust metaheuristic algorithm,crossref,Enhancing the performance of Piezoelectric Energy Harvester under electrostatic actuation using a robust metaheuristic algorithm
matched,Three-stage fuzzy-metaheuristic algorithm for smart cities: Scheduling mobile charging and automatic rule tuning in WRSNs,2023,1.0,0,Three-stage fuzzy-metaheuristic algorithm for smart cities: Scheduling mobile charging and automatic rule tuning in WRSNs,crossref,Three-stage fuzzy-metaheuristic algorithm for smart cities: Scheduling mobile charging and automatic rule tuning in WRSNs
matched,Experimental validation of an advanced metaheuristic algorithm for maximum power point tracking of a shaded photovoltaic system: A comparative study between …,2023,0.948,0,Experimental validation of an advanced metaheuristic algorithm for maximum power point tracking of a shaded photovoltaic system: A comparative study between three approaches,crossref,Experimental validation of an advanced metaheuristic algorithm for maximum power point tracking of a shaded photovoltaic system: A comparative study between three approaches
matched,Optimal design of mixed structures under time-history loading using metaheuristic algorithm,2023,1.0,1,Optimal Design of Mixed Structures under Time-history Loading Using Metaheuristic Algorithm,crossref,Optimal Design of Mixed Structures under Time-history Loading Using Metaheuristic Algorithm
matched,The use of machine learning and metaheuristic algorithm for wear performance optimization of AISI 1040 steel and investigation of corrosion resistance,2023,1.0,1,The use of machine learning and metaheuristic algorithm for wear performance optimization of AISI 1040 steel and investigation of corrosion resistance,crossref,The use of machine learning and metaheuristic algorithm for wear performance optimization of AISI 1040 steel and investigation of corrosion resistance
matched,A metaheuristic algorithm for vertex cover based link monitoring and backbone formation in wireless ad hoc networks,2023,1.0,0,A Metaheuristic Algorithm for Vertex Cover based Link Monitoring and Backbone Formation in Wireless Ad hoc Networks,crossref,A Metaheuristic Algorithm for Vertex Cover based Link Monitoring and Backbone Formation in Wireless Ad hoc Networks
matched,Improving the performance of grid connected wind generator with a PI control scheme based on the metaheuristic golden eagle optimization algorithm,2023,1.0,1,Improving the Performance of Grid Connected Wind Generator with a Pi Control Scheme Based on the Metaheuristic Golden Eagle Optimization Algorithm,crossref,Improving the Performance of Grid Connected Wind Generator with a Pi Control Scheme Based on the Metaheuristic Golden Eagle Optimization Algorithm
matched,Source-seeking multi-robot team simulator as container of nature-inspired metaheuristic algorithms and Astar algorithm,2023,1.0,0,Source-seeking multi-robot team simulator as container of nature-inspired metaheuristic algorithms and Astar algorithm,crossref,Source-seeking multi-robot team simulator as container of nature-inspired metaheuristic algorithms and Astar algorithm
matched,A metaheuristic approach for multi-objective optimization of the Stirling cycle with internal irreversibilities and regenerative losses using artificial bee colony algorithm,2023,1.0,0,A metaheuristic approach for multi-objective optimization of the Stirling cycle with internal irreversibilities and regenerative losses using artificial bee colony algorithm,crossref,A metaheuristic approach for multi-objective optimization of the Stirling cycle with internal irreversibilities and regenerative losses using artificial bee colony algorithm
matched,Mocraw: A meta-heuristic optimized cluster head selection based routing algorithm for wsns,2023,1.0,0,MOCRAW: A Meta-heuristic Optimized Cluster head selection based Routing Algorithm for WSNs,crossref,MOCRAW: A Meta-heuristic Optimized Cluster head selection based Routing Algorithm for WSNs
matched,Fault location algorithm for distribution systems with distributed generation based on impedance and metaheuristic methods,2023,1.0,0,Fault location algorithm for distribution systems with distributed generation based on impedance and metaheuristic methods,crossref,Fault location algorithm for distribution systems with distributed generation based on impedance and metaheuristic methods
matched,Meerkat optimization algorithm: A new meta-heuristic optimization algorithm for solving constrained engineering problems,2023,1.0,0,Meerkat optimization algorithm: A new meta-heuristic optimization algorithm for solving constrained engineering problems,crossref,Meerkat optimization algorithm: A new meta-heuristic optimization algorithm for solving constrained engineering problems
matched,Billiards Optimization Algorithm: A New Game-Based Metaheuristic Approach.,2023,1.0,0,Billiards Optimization Algorithm: A New Game-Based Metaheuristic Approach,crossref,Billiards Optimization Algorithm: A New Game-Based Metaheuristic Approach
matched,Orchard Algorithm (OA): A new meta-heuristic algorithm for solving discrete and continuous optimization problems,2023,1.0,0,Orchard Algorithm (OA): A new meta-heuristic algorithm for solving discrete and continuous optimization problems,crossref,Orchard Algorithm (OA): A new meta-heuristic algorithm for solving discrete and continuous optimization problems
matched,Multifrequency-based tension intelligent identification for cables with unknown end-restraints using a metaheuristic algorithm,2023,1.0,0,Multifrequency-based tension intelligent identification for cables with unknown end-restraints using a metaheuristic algorithm,crossref,Multifrequency-based tension intelligent identification for cables with unknown end-restraints using a metaheuristic algorithm
matched,Tyrannosaurus optimization algorithm: A new nature-inspired meta-heuristic algorithm for solving optimal control problems,2023,1.0,0,Tyrannosaurus optimization algorithm: A new nature-inspired meta-heuristic algorithm for solving optimal control problems,crossref,Tyrannosaurus optimization algorithm: A new nature-inspired meta-heuristic algorithm for solving optimal control problems
matched,A metaheuristic algorithm for a locomotive routing problem arising in the steel industry,2023,1.0,0,A metaheuristic algorithm for a locomotive routing problem arising in the steel industry,crossref,A metaheuristic algorithm for a locomotive routing problem arising in the steel industry
matched,Improving audit opinion prediction accuracy using metaheuristics-tuned XGBoost algorithm with interpretable results through SHAP value analysis,2023,1.0,0,Improving audit opinion prediction accuracy using metaheuristics-tuned XGBoost algorithm with interpretable results through SHAP value analysis,crossref,Improving audit opinion prediction accuracy using metaheuristics-tuned XGBoost algorithm with interpretable results through SHAP value analysis
matched,"A fuzzy adaptive metaheuristic algorithm for identifying sustainable, economical, and earthquake-resistant reinforced concrete cantilever retaining walls",2023,1.0,0,"A fuzzy adaptive metaheuristic algorithm for identifying sustainable, economical, and earthquake-resistant reinforced concrete cantilever retaining walls",crossref,"A fuzzy adaptive metaheuristic algorithm for identifying sustainable, economical, and earthquake-resistant reinforced concrete cantilever retaining walls"
matched,A multi-objective home healthcare delivery model and its solution using a branch-and-price algorithm and a two-stage meta-heuristic algorithm,2023,1.0,0,A multi-objective home healthcare delivery model and its solution using a branch-and-price algorithm and a two-stage meta-heuristic algorithm,crossref,A multi-objective home healthcare delivery model and its solution using a branch-and-price algorithm and a two-stage meta-heuristic algorithm
matched,Hyperparameter optimization of support vector regression algorithm using metaheuristic algorithm for student performance prediction,2023,1.0,0,Hyperparameter Optimization of Support Vector Regression Algorithm using Metaheuristic Algorithm for Student Performance Prediction,crossref,Hyperparameter Optimization of Support Vector Regression Algorithm using Metaheuristic Algorithm for Student Performance Prediction
matched,Damage identification in high-rise concrete structures using a bio-inspired meta-heuristic optimization algorithm,2023,1.0,0,Damage identification in high-rise concrete structures using a bio-inspired meta-heuristic optimization algorithm,crossref,Damage identification in high-rise concrete structures using a bio-inspired meta-heuristic optimization algorithm
matched,Seizure detection using integrated metaheuristic algorithm based ensemble extreme learning machine,2023,1.0,0,Seizure detection using integrated metaheuristic algorithm based ensemble extreme learning machine,crossref,Seizure detection using integrated metaheuristic algorithm based ensemble extreme learning machine
matched,Selection of Metaheuristic Algorithm to Design Wireless Sensor Network.,2023,1.0,0,Selection of Metaheuristic Algorithm to Design Wireless Sensor Network,crossref,Selection of Metaheuristic Algorithm to Design Wireless Sensor Network
matched,Availability Capacity Evaluation and Reliability Assessment of Integrated Systems Using Metaheuristic Algorithm.,2023,1.0,0,Availability Capacity Evaluation and Reliability Assessment of Integrated Systems Using Metaheuristic Algorithm,crossref,Availability Capacity Evaluation and Reliability Assessment of Integrated Systems Using Metaheuristic Algorithm
matched,Artificial rat optimization with decision-making: A bio-inspired metaheuristic algorithm for solving the traveling salesman problem,2023,1.0,0,Artificial rat optimization with decision-making: A bio-inspired metaheuristic algorithm for solving the traveling salesman problem,crossref,Artificial rat optimization with decision-making: A bio-inspired metaheuristic algorithm for solving the traveling salesman problem
matched,Intelligent Metaheuristic-based Handover Algorithm for Vehicular Ad hoc Networks.,2023,1.0,0,Intelligent Metaheuristic-based Handover Algorithm for Vehicular Ad hoc Networks,crossref,Intelligent Metaheuristic-based Handover Algorithm for Vehicular Ad hoc Networks
matched,Indoor localization for the blind based on the fusion of a metaheuristic algorithm with a neural network using energy-efficient WSN,2023,1.0,1,Indoor Localization for the Blind Based on the Fusion of a Metaheuristic Algorithm with a Neural Network Using Energy-Efficient WSN,crossref,Indoor Localization for the Blind Based on the Fusion of a Metaheuristic Algorithm with a Neural Network Using Energy-Efficient WSN
matched,A new approach to energy-aware routing in the Internet of Things using improved Grasshopper Metaheuristic Algorithm with Chaos theory and Fuzzy Logic,2023,1.0,1,A new approach to energy-aware routing in the Internet of Things using improved Grasshopper Metaheuristic Algorithm with Chaos theory and Fuzzy Logic,crossref,A new approach to energy-aware routing in the Internet of Things using improved Grasshopper Metaheuristic Algorithm with Chaos theory and Fuzzy Logic
matched,A hybrid metaheuristic algorithm to solve the electric vehicle routing problem with battery recharging stations for sustainable environmental and energy optimization,2023,1.0,1,A hybrid metaheuristic algorithm to solve the electric vehicle routing problem with battery recharging stations for sustainable environmental and energy optimization,crossref,A hybrid metaheuristic algorithm to solve the electric vehicle routing problem with battery recharging stations for sustainable environmental and energy optimization
matched,A multi-criteria metaheuristic algorithm for distributed optimization of electric energy storage,2023,1.0,1,A Multi-Criteria Metaheuristic Algorithm for Distributed Optimization of Electric Energy Storage,crossref,A Multi-Criteria Metaheuristic Algorithm for Distributed Optimization of Electric Energy Storage
matched,A dual fuzzy with hybrid deep learning architecture based on CNN with hybrid metaheuristic algorithm for effective segmentation and classification,2023,1.0,1,A dual fuzzy with hybrid deep learning architecture based on CNN with hybrid metaheuristic algorithm for effective segmentation and classification,crossref,A dual fuzzy with hybrid deep learning architecture based on CNN with hybrid metaheuristic algorithm for effective segmentation and classification
matched,Tree optimization algorithm (TOA): A novel metaheuristic approach for solving mathematical test functions and engineering problems,2023,1.0,1,Tree optimization algorithm (TOA): a novel metaheuristic approach for solving mathematical test functions and engineering problems,crossref,Tree optimization algorithm (TOA): a novel metaheuristic approach for solving mathematical test functions and engineering problems
rejected,… amalgamation of stacked BiLSTM and CNN+ LSTM‐based classification networks with the assistance of Mayfly metaheuristic optimization algorithm in cyber‐attack,2023,0.731,0,An innovative malware detection methodology employing the amalgamation of stacked <scp>BiLSTM</scp> and <scp>CNN</scp>+<scp>LSTM</scp>‐based classification networks with the assistance of Mayfly metaheuristic optimization algorithm in cyber‐attack,crossref,
matched,Real Estate Market-Based Optimization Algorithm (REMARK): a market-inspired metaheuristic optimization algorithm based on the law of supply and demand,2023,1.0,1,Real Estate Market-Based Optimization Algorithm (REMARK): a market-inspired metaheuristic optimization algorithm based on the law of supply and demand,crossref,Real Estate Market-Based Optimization Algorithm (REMARK): a market-inspired metaheuristic optimization algorithm based on the law of supply and demand
matched,Optimization of neural-network model using a meta-heuristic algorithm for the estimation of dynamic Poisson's ratio of selected rock types,2023,1.0,0,Optimization of neural-network model using a meta-heuristic algorithm for the estimation of dynamic Poisson’s ratio of selected rock types,crossref,Optimization of neural-network model using a meta-heuristic algorithm for the estimation of dynamic Poisson’s ratio of selected rock types
matched,Metaheuristic optimization algorithm-based enhancement of photovoltaic energy system performance,2023,1.0,0,Metaheuristic Optimization Algorithm-Based Enhancement of Photovoltaic Energy System Performance,crossref,Metaheuristic Optimization Algorithm-Based Enhancement of Photovoltaic Energy System Performance
matched,Utilizing a hybrid metaheuristic algorithm to solve capacitated vehicle routing problem,2023,1.0,0,Utilizing a hybrid metaheuristic algorithm to solve capacitated vehicle routing problem,crossref,Utilizing a hybrid metaheuristic algorithm to solve capacitated vehicle routing problem
matched,A hybrid metaheuristic algorithm for resource-constrained proactive project scheduling with uncertainty-handling effort,2023,1.0,0,A hybrid metaheuristic algorithm for resource-constrained proactive project scheduling with uncertainty-handling effort,crossref,A hybrid metaheuristic algorithm for resource-constrained proactive project scheduling with uncertainty-handling effort
matched,"… detecting soluble sugar, total acids, and bacterial concentration during kombucha fermentation based on the visible/near infrared combined meta-heuristic algorithm",2023,0.976,0,"On-line detecting soluble sugar, total acids, and bacterial concentration during kombucha fermentation based on the visible/near infrared combined meta-heuristic algorithm",crossref,"On-line detecting soluble sugar, total acids, and bacterial concentration during kombucha fermentation based on the visible/near infrared combined meta-heuristic algorithm"
matched,A new robust hybrid model based on support vector machine and firefly meta-heuristic algorithm to predict pistachio yields and select effective soil variables,2023,1.0,0,A new robust hybrid model based on support vector machine and firefly meta-heuristic algorithm to predict pistachio yields and select effective soil variables,crossref,A new robust hybrid model based on support vector machine and firefly meta-heuristic algorithm to predict pistachio yields and select effective soil variables
matched,Integrating artificial immune genetic algorithm and metaheuristic ant colony optimizer with two-dose vaccination and modeling for residual fluid catalytic cracking …,2023,0.976,0,Integrating Artificial Immune Genetic Algorithm and Metaheuristic Ant Colony Optimizer with Two-Dose Vaccination and Modeling for Residual Fluid Catalytic Cracking Process,crossref,Integrating Artificial Immune Genetic Algorithm and Metaheuristic Ant Colony Optimizer with Two-Dose Vaccination and Modeling for Residual Fluid Catalytic Cracking Process
matched,Criminal search optimization algorithm: a population-based meta-heuristic optimization technique to solve real-world optimization problems,2022,1.0,0,Criminal Search Optimization Algorithm: A Population-Based Meta-Heuristic Optimization Technique to Solve Real-World Optimization Problems,crossref,Criminal Search Optimization Algorithm: A Population-Based Meta-Heuristic Optimization Technique to Solve Real-World Optimization Problems
matched,A novel meta-heuristic algorithm for solving numerical optimization problems: Ali Baba and the forty thieves,2022,1.0,1,A novel meta-heuristic algorithm for solving numerical optimization problems: Ali Baba and the forty thieves,crossref,A novel meta-heuristic algorithm for solving numerical optimization problems: Ali Baba and the forty thieves
matched,Joint optimization of energy consumption and time delay in IoT-fog-cloud computing environments using NSGA-II metaheuristic algorithm,2023,1.0,2,Joint optimization of energy consumption and time delay in IoT-fog-cloud computing environments using NSGA-II metaheuristic algorithm,crossref,Joint optimization of energy consumption and time delay in IoT-fog-cloud computing environments using NSGA-II metaheuristic algorithm
matched,Chaotic vortex search algorithm: metaheuristic algorithm for feature selection,2022,1.0,1,Chaotic vortex search algorithm: metaheuristic algorithm for feature selection,crossref,Chaotic vortex search algorithm: metaheuristic algorithm for feature selection
matched,Color image enhancement: a metaheuristic chimp optimization algorithm,2022,1.0,0,Color Image Enhancement: A Metaheuristic Chimp Optimization Algorithm,crossref,Color Image Enhancement: A Metaheuristic Chimp Optimization Algorithm
matched,The water optimization algorithm: a novel metaheuristic for solving optimization problems,2022,1.0,0,The water optimization algorithm: a novel metaheuristic for solving optimization problems,crossref,The water optimization algorithm: a novel metaheuristic for solving optimization problems
matched,Wild horse optimizer: A new meta-heuristic algorithm for solving engineering optimization problems,2022,1.0,1,Wild horse optimizer: a new meta-heuristic algorithm for solving engineering optimization problems,crossref,Wild horse optimizer: a new meta-heuristic algorithm for solving engineering optimization problems
matched,A novel radiality maintenance algorithm for the metaheuristic based co-optimization of network reconfiguration with battery storage,2023,1.0,0,A Novel Radiality Maintenance Algorithm for the Metaheuristic Based Co-Optimization of Network Reconfiguration With Battery Storage,crossref,A Novel Radiality Maintenance Algorithm for the Metaheuristic Based Co-Optimization of Network Reconfiguration With Battery Storage
matched,A novel metaheuristic based method for software mutation test using the discretized and modified forrest optimization algorithm,2023,1.0,0,A Novel Metaheuristic Based Method for Software Mutation Test Using the Discretized and Modified Forrest Optimization Algorithm,crossref,A Novel Metaheuristic Based Method for Software Mutation Test Using the Discretized and Modified Forrest Optimization Algorithm
matched,Demand-side management in microgrid using novel hybrid metaheuristic algorithm,2023,1.0,0,Demand-side management in microgrid using novel hybrid metaheuristic algorithm,crossref,Demand-side management in microgrid using novel hybrid metaheuristic algorithm
matched,An Enhanced Machine Learning Technique with a Hybrid Metaheuristic Algorithm to Identify the Fish Disease,2023,1.0,0,An Enhanced Machine Learning Technique with a Hybrid Metaheuristic Algorithm to Identify the Fish Disease,crossref,An Enhanced Machine Learning Technique with a Hybrid Metaheuristic Algorithm to Identify the Fish Disease
matched,An Archimedes metaheuristic algorithm based optimum relay coordination in microgrid and combined overhead/cable distribution network,2023,1.0,0,An Archimedes metaheuristic algorithm based optimum relay coordination in microgrid and combined overhead/cable distribution network,crossref,An Archimedes metaheuristic algorithm based optimum relay coordination in microgrid and combined overhead/cable distribution network
matched,A novel meta-heuristic algorithm for numerical and engineering optimization problems: Piranha foraging optimization algorithm (PFOA),2023,1.0,0,A Novel Meta-Heuristic Algorithm for Numerical and Engineering Optimization Problems: Piranha Foraging Optimization Algorithm (PFOA),crossref,A Novel Meta-Heuristic Algorithm for Numerical and Engineering Optimization Problems: Piranha Foraging Optimization Algorithm (PFOA)
matched,Advances in Henry gas solubility optimization: A physics-inspired metaheuristic algorithm with its variants and applications,2024,1.0,0,Advances in Henry Gas Solubility Optimization: A Physics-Inspired Metaheuristic Algorithm With Its Variants and Applications,crossref,Advances in Henry Gas Solubility Optimization: A Physics-Inspired Metaheuristic Algorithm With Its Variants and Applications
matched,Automated metaheuristic algorithm design with autoregressive learning,2024,1.0,1,Automated Metaheuristic Algorithm Design With Autoregressive Learning,crossref,Automated Metaheuristic Algorithm Design With Autoregressive Learning
matched,An opposition-based great wall construction metaheuristic algorithm with Gaussian mutation for feature selection,2024,1.0,0,An Opposition-Based Great Wall Construction Metaheuristic Algorithm With Gaussian Mutation for Feature Selection,crossref,An Opposition-Based Great Wall Construction Metaheuristic Algorithm With Gaussian Mutation for Feature Selection
matched,Elevating survivability in next-gen IoT-Fog-Cloud networks: Scheduling optimization with the metaheuristic mountain gazelle algorithm,2024,1.0,0,Elevating Survivability in Next-Gen IoT-Fog-Cloud Networks: Scheduling Optimization With the Metaheuristic Mountain Gazelle Algorithm,crossref,Elevating Survivability in Next-Gen IoT-Fog-Cloud Networks: Scheduling Optimization With the Metaheuristic Mountain Gazelle Algorithm
matched,Llamea: A large language model evolutionary algorithm for automatically generating metaheuristics,2024,1.0,1,LLaMEA: A Large Language Model Evolutionary Algorithm for Automatically Generating Metaheuristics,crossref,LLaMEA: A Large Language Model Evolutionary Algorithm for Automatically Generating Metaheuristics
matched,A metaheuristic search algorithm based on sampling and clustering,2024,1.0,0,A Metaheuristic Search Algorithm Based on Sampling and Clustering,crossref,A Metaheuristic Search Algorithm Based on Sampling and Clustering
matched,A Feature Importance Method based on Cosine Similarity and Metaheuristic Algorithm,2024,1.0,0,A Feature Importance Method based on Cosine Similarity and Metaheuristic Algorithm,crossref,A Feature Importance Method based on Cosine Similarity and Metaheuristic Algorithm
matched,Dynamic events in the flexible job-shop scheduling problem: rescheduling with a hybrid metaheuristic algorithm,2024,1.0,0,Dynamic Events in the Flexible Job-Shop Scheduling Problem: Rescheduling with a Hybrid Metaheuristic Algorithm,crossref,Dynamic Events in the Flexible Job-Shop Scheduling Problem: Rescheduling with a Hybrid Metaheuristic Algorithm
matched,A Chlorophyll-a Concentration Inversion Model Based on Backpropagation Neural Network Optimized by an Improved Metaheuristic Algorithm,2024,1.0,0,A Chlorophyll-a Concentration Inversion Model Based on Backpropagation Neural Network Optimized by an Improved Metaheuristic Algorithm,crossref,A Chlorophyll-a Concentration Inversion Model Based on Backpropagation Neural Network Optimized by an Improved Metaheuristic Algorithm
matched,Botox optimization algorithm: A new human-based metaheuristic algorithm for solving optimization problems,2024,1.0,0,Botox Optimization Algorithm: A New Human-Based Metaheuristic Algorithm for Solving Optimization Problems,crossref,Botox Optimization Algorithm: A New Human-Based Metaheuristic Algorithm for Solving Optimization Problems
matched,Pufferfish optimization algorithm: a new bio-inspired metaheuristic algorithm for solving optimization problems,2024,1.0,0,Pufferfish Optimization Algorithm: A New Bio-Inspired Metaheuristic Algorithm for Solving Optimization Problems,crossref,Pufferfish Optimization Algorithm: A New Bio-Inspired Metaheuristic Algorithm for Solving Optimization Problems
matched,Election optimizer algorithm: a new meta-heuristic optimization algorithm for solving industrial engineering design problems,2024,1.0,0,Election Optimizer Algorithm: A New Meta-Heuristic Optimization Algorithm for Solving Industrial Engineering Design Problems,crossref,Election Optimizer Algorithm: A New Meta-Heuristic Optimization Algorithm for Solving Industrial Engineering Design Problems
matched,Metaheuristic optimization algorithm based cascaded control schemes for nonlinear ball and balancer system,2024,1.0,0,Metaheuristic Optimization Algorithm Based Cascaded Control Schemes for Nonlinear Ball and Balancer System,crossref,Metaheuristic Optimization Algorithm Based Cascaded Control Schemes for Nonlinear Ball and Balancer System
matched,Metaheuristic optimization of functionally graded 2D and 3D discrete structures using the red fox algorithm,2024,1.0,0,Metaheuristic Optimization of Functionally Graded 2D and 3D Discrete Structures Using the Red Fox Algorithm,crossref,Metaheuristic Optimization of Functionally Graded 2D and 3D Discrete Structures Using the Red Fox Algorithm
matched,Metaheuristic Algorithm-Based Proportional–Integrative–Derivative Control of a Twin Rotor Multi Input Multi Output System,2024,1.0,0,Metaheuristic Algorithm-Based Proportional–Integrative–Derivative Control of a Twin Rotor Multi Input Multi Output System,crossref,Metaheuristic Algorithm-Based Proportional–Integrative–Derivative Control of a Twin Rotor Multi Input Multi Output System
matched,Waterwheel plant algorithm: a novel metaheuristic optimization method,2023,1.0,0,Waterwheel Plant Algorithm: A Novel Metaheuristic Optimization Method,crossref,Waterwheel Plant Algorithm: A Novel Metaheuristic Optimization Method
matched,OOBO: a new metaheuristic algorithm for solving optimization problems,2023,1.0,0,OOBO: A New Metaheuristic Algorithm for Solving Optimization Problems,crossref,OOBO: A New Metaheuristic Algorithm for Solving Optimization Problems
matched,Drawer algorithm: a new metaheuristic approach for solving optimization problems in engineering,2023,1.0,0,Drawer Algorithm: A New Metaheuristic Approach for Solving Optimization Problems in Engineering,crossref,Drawer Algorithm: A New Metaheuristic Approach for Solving Optimization Problems in Engineering
matched,Mountaineering team-based optimization: A novel human-based metaheuristic algorithm,2023,1.0,0,Mountaineering Team-Based Optimization: A Novel Human-Based Metaheuristic Algorithm,crossref,Mountaineering Team-Based Optimization: A Novel Human-Based Metaheuristic Algorithm
matched,Solving the inverse graph model for conflict resolution using a hybrid metaheuristic algorithm,2023,1.0,0,Solving the inverse graph model for conflict resolution using a hybrid metaheuristic algorithm,crossref,Solving the inverse graph model for conflict resolution using a hybrid metaheuristic algorithm
matched,City councils evolution: a socio-inspired metaheuristic optimization algorithm,2023,1.0,1,City councils evolution: a socio-inspired metaheuristic optimization algorithm,crossref,City councils evolution: a socio-inspired metaheuristic optimization algorithm
matched,Fire Hawk Optimizer: A novel metaheuristic algorithm,2023,1.0,1,Fire Hawk Optimizer: a novel metaheuristic algorithm,crossref,Fire Hawk Optimizer: a novel metaheuristic algorithm
matched,Gazelle optimization algorithm: a novel nature-inspired metaheuristic optimizer,2023,1.0,1,Gazelle optimization algorithm: a novel nature-inspired metaheuristic optimizer,crossref,Gazelle optimization algorithm: a novel nature-inspired metaheuristic optimizer
matched,Group learning algorithm: a new metaheuristic algorithm,2023,1.0,0,Group learning algorithm: a new metaheuristic algorithm,crossref,Group learning algorithm: a new metaheuristic algorithm
matched,A brick-up model for recombining metaheuristic optimisation algorithm using analytic hierarchy process,2023,1.0,1,A brick-up model for recombining metaheuristic optimisation algorithm using analytic hierarchy process,crossref,A brick-up model for recombining metaheuristic optimisation algorithm using analytic hierarchy process
matched,Dung beetle optimizer: A new meta-heuristic algorithm for global optimization,2023,1.0,1,Dung beetle optimizer: a new meta-heuristic algorithm for global optimization,crossref,Dung beetle optimizer: a new meta-heuristic algorithm for global optimization
matched,Football optimization algorithm (fboa): A novel metaheuristic inspired by team strategy dynamics,2024,1.0,0,Football Optimization Algorithm (FbOA): A Novel Metaheuristic Inspired by Team Strategy Dynamics,crossref,Football Optimization Algorithm (FbOA): A Novel Metaheuristic Inspired by Team Strategy Dynamics
matched,Nioa: A novel metaheuristic algorithm modeled on the stealth and precision of Japanese ninjas,2024,1.0,0,NiOA: A Novel Metaheuristic Algorithm Modeled on the Stealth and Precision of Japanese Ninjas,crossref,NiOA: A Novel Metaheuristic Algorithm Modeled on the Stealth and Precision of Japanese Ninjas
matched,Electrical search algorithm: a new metaheuristic algorithm for clustering problem,2023,1.0,1,Electrical Search Algorithm: A New Metaheuristic Algorithm for Clustering Problem,crossref,Electrical Search Algorithm: A New Metaheuristic Algorithm for Clustering Problem
matched,Ship rescue optimization: a new metaheuristic algorithm for solving engineering problems,2024,1.0,0,Ship Rescue Optimization: A New Metaheuristic Algorithm for Solving Engineering Problems,crossref,Ship Rescue Optimization: A New Metaheuristic Algorithm for Solving Engineering Problems
matched,A novel metaheuristic algorithm inspired by COVID-19 for real-parameter optimization,2023,1.0,0,A novel metaheuristic algorithm inspired by COVID-19 for real-parameter optimization,crossref,A novel metaheuristic algorithm inspired by COVID-19 for real-parameter optimization
matched,Uncertainty quantification of the flexural strengthening of RC beams with UHPC using improved metaheuristic algorithm,2024,1.0,0,Uncertainty quantification of the flexural strengthening of RC beams with UHPC using improved metaheuristic algorithm,crossref,Uncertainty quantification of the flexural strengthening of RC beams with UHPC using improved metaheuristic algorithm
matched,The bedbug meta-heuristic algorithm to solve optimization problems,2023,1.0,0,The Bedbug Meta-heuristic Algorithm to Solve Optimization Problems,crossref,The Bedbug Meta-heuristic Algorithm to Solve Optimization Problems
matched,Red piranha optimization (RPO): a natural inspired meta-heuristic algorithm for solving complex optimization problems,2023,1.0,0,Red piranha optimization (RPO): a natural inspired meta-heuristic algorithm for solving complex optimization problems,crossref,Red piranha optimization (RPO): a natural inspired meta-heuristic algorithm for solving complex optimization problems
matched,Optimizing traveling salesman problem using tabu search metaheuristic algorithm with Pythagorean fuzzy uncertainty,2024,1.0,0,Optimizing traveling salesman problem using tabu search metaheuristic algorithm with Pythagorean fuzzy uncertainty,crossref,Optimizing traveling salesman problem using tabu search metaheuristic algorithm with Pythagorean fuzzy uncertainty
matched,A metaheuristic algorithm based on a radial basis function neural networks,2024,1.0,0,A metaheuristic algorithm based on a radial basis function neural networks,crossref,A metaheuristic algorithm based on a radial basis function neural networks
matched,Arctic puffin optimization: A bio-inspired metaheuristic algorithm for solving engineering design optimization,2024,1.0,0,Arctic puffin optimization: A bio-inspired metaheuristic algorithm for solving engineering design optimization,crossref,Arctic puffin optimization: A bio-inspired metaheuristic algorithm for solving engineering design optimization
matched,Newton-Raphson-based optimizer: A new population-based metaheuristic algorithm for continuous optimization problems,2024,1.0,0,Newton-Raphson-based optimizer: A new population-based metaheuristic algorithm for continuous optimization problems,crossref,Newton-Raphson-based optimizer: A new population-based metaheuristic algorithm for continuous optimization problems
matched,Fossa optimization algorithm: A new bio-inspired metaheuristic algorithm for engineering applications,2024,1.0,0,Fossa Optimization Algorithm: A New Bio-Inspired Metaheuristic Algorithm for Engineering Applications,crossref,Fossa Optimization Algorithm: A New Bio-Inspired Metaheuristic Algorithm for Engineering Applications
matched,Exposing the chimp optimization algorithm: a misleading metaheuristic technique with structural bias,2024,1.0,0,Exposing the chimp optimization algorithm: A misleading metaheuristic technique with structural bias,crossref,Exposing the chimp optimization algorithm: A misleading metaheuristic technique with structural bias
matched,Augmented weighted K-means grey wolf optimizer: An enhanced metaheuristic algorithm for data clustering problems,2024,1.0,0,Augmented weighted K-means grey wolf optimizer: An enhanced metaheuristic algorithm for data clustering problems,crossref,Augmented weighted K-means grey wolf optimizer: An enhanced metaheuristic algorithm for data clustering problems
matched,Particle guided metaheuristic algorithm for global optimization and feature selection problems,2024,1.0,0,Particle guided metaheuristic algorithm for global optimization and feature selection problems,crossref,Particle guided metaheuristic algorithm for global optimization and feature selection problems
matched,Enhancing deep learning-based slope stability classification using a novel metaheuristic optimization algorithm for feature selection,2024,1.0,0,Enhancing deep learning-based slope stability classification using a novel metaheuristic optimization algorithm for feature selection,crossref,Enhancing deep learning-based slope stability classification using a novel metaheuristic optimization algorithm for feature selection
matched,Application of a novel metaheuristic algorithm inspired by stadium spectators in global optimization problems,2024,1.0,0,Application of a novel metaheuristic algorithm inspired by stadium spectators in global optimization problems,crossref,Application of a novel metaheuristic algorithm inspired by stadium spectators in global optimization problems
matched,Carpet Weaver Optimization: A Novel Simple and Effective Human-Inspired Metaheuristic Algorithm.,2024,1.0,0,Carpet Weaver Optimization: A Novel Simple and Effective Human-Inspired Metaheuristic Algorithm,crossref,Carpet Weaver Optimization: A Novel Simple and Effective Human-Inspired Metaheuristic Algorithm
matched,Optimal allocation of distribution generation sources with sustainable energy management in radial distribution networks using metaheuristic algorithm,2024,1.0,0,Optimal allocation of distribution generation sources with sustainable energy management in radial distribution networks using metaheuristic algorithm,crossref,Optimal allocation of distribution generation sources with sustainable energy management in radial distribution networks using metaheuristic algorithm
matched,Nonlinear FOPID controller design for pressure regulation of steam condenser via improved metaheuristic algorithm,2024,1.0,0,Nonlinear FOPID controller design for pressure regulation of steam condenser via improved metaheuristic algorithm,crossref,Nonlinear FOPID controller design for pressure regulation of steam condenser via improved metaheuristic algorithm
matched,A novel exploration strategy for the YUKI algorithm for topology optimization with metaheuristic structural binary distribution,2024,1.0,0,A novel exploration strategy for the YUKI algorithm for topology optimization with metaheuristic structural binary distribution,crossref,A novel exploration strategy for the YUKI algorithm for topology optimization with metaheuristic structural binary distribution
matched,Metaheuristic algorithm inspired by enterprise development for global optimization and structural engineering problems with frequency constraints,2024,1.0,0,Metaheuristic algorithm inspired by enterprise development for global optimization and structural engineering problems with frequency constraints,crossref,Metaheuristic algorithm inspired by enterprise development for global optimization and structural engineering problems with frequency constraints
matched,Innovative metaheuristic algorithm with comparative analysis of MPPT for 5.5 kW floating photovoltaic system,2024,1.0,0,Innovative metaheuristic algorithm with comparative analysis of MPPT for 5.5 kW floating photovoltaic system,crossref,Innovative metaheuristic algorithm with comparative analysis of MPPT for 5.5 kW floating photovoltaic system
matched,… effective metaheuristic technology of people duality psychological tendency and feedback mechanism-based Inherited Optimization Algorithm for solving engineering …,2024,0.953,0,An effective metaheuristic technology of people duality psychological tendency and feedback mechanism-based Inherited Optimization Algorithm for solving engineering applications,crossref,An effective metaheuristic technology of people duality psychological tendency and feedback mechanism-based Inherited Optimization Algorithm for solving engineering applications
matched,EEG-based optimization of eye state classification using modified-BER metaheuristic algorithm,2024,1.0,0,EEG-based optimization of eye state classification using modified-BER metaheuristic algorithm,crossref,EEG-based optimization of eye state classification using modified-BER metaheuristic algorithm
matched,Dynamic characterization and FE model updating via metaheuristic algorithm of two confined masonry buildings,2024,1.0,0,Dynamic characterization and FE model updating via metaheuristic algorithm of two confined masonry buildings,crossref,Dynamic characterization and FE model updating via metaheuristic algorithm of two confined masonry buildings
matched,Optimizing fog device deployment for maximal network connectivity and edge coverage using metaheuristic algorithm,2024,1.0,0,Optimizing fog device deployment for maximal network connectivity and edge coverage using metaheuristic algorithm,crossref,Optimizing fog device deployment for maximal network connectivity and edge coverage using metaheuristic algorithm
matched,Metaheuristics exposed: Unmasking the design pitfalls of arithmetic optimization algorithm in benchmarking,2024,1.0,0,Metaheuristics exposed: Unmasking the design pitfalls of arithmetic optimization algorithm in benchmarking,crossref,Metaheuristics exposed: Unmasking the design pitfalls of arithmetic optimization algorithm in benchmarking
matched,Experimental study and numerical prediction of the bond-slip law for concrete elements strengthened with FRP using metaheuristic algorithm,2024,1.0,0,Experimental study and numerical prediction of the bond-slip law for concrete elements strengthened with FRP using metaheuristic algorithm,crossref,Experimental study and numerical prediction of the bond-slip law for concrete elements strengthened with FRP using metaheuristic algorithm
matched,Innovative heat management method and metaheuristic algorithm optimized power supply-demand balance for PEMFC-ASHP-CHP system,2024,1.0,1,Innovative Heat Management Method and Metaheuristic Algorithm Optimized Power Supply-Demand Balance for Pemfc-Ashp-Chp System,crossref,Innovative Heat Management Method and Metaheuristic Algorithm Optimized Power Supply-Demand Balance for Pemfc-Ashp-Chp System
matched,Thermal resistance optimization of ultra-thin vapor chamber based on data-driven model and metaheuristic algorithm,2024,1.0,0,Thermal resistance optimization of ultra-thin vapor chamber based on data-driven model and metaheuristic algorithm,crossref,Thermal resistance optimization of ultra-thin vapor chamber based on data-driven model and metaheuristic algorithm
matched,Prediction of drought hydrological and water scarcity based on optimal artificial intelligence by developing a metaheuristic optimization algorithm,2024,1.0,0,Prediction of drought hydrological and water scarcity based on optimal artificial intelligence by developing a metaheuristic optimization algorithm,crossref,Prediction of drought hydrological and water scarcity based on optimal artificial intelligence by developing a metaheuristic optimization algorithm
matched,Dynamic optimization scheme for load balancing and energy efficiency in software-defined networks utilizing the krill herd meta-heuristic algorithm,2024,1.0,0,Dynamic optimization scheme for load balancing and energy efficiency in software-defined networks utilizing the krill herd meta-heuristic algorithm,crossref,Dynamic optimization scheme for load balancing and energy efficiency in software-defined networks utilizing the krill herd meta-heuristic algorithm
matched,… objective optimization of abrasive water jet machining process of composite laminates using a hybrid approach based on neural networks and metaheuristic algorithm,2024,0.945,1,Modeling and multi-objective optimization of abrasive water jet machining process of composite laminates using a hybrid approach based on neural networks and metaheuristic algorithm,crossref,Modeling and multi-objective optimization of abrasive water jet machining process of composite laminates using a hybrid approach based on neural networks and metaheuristic algorithm
matched,Frog-Snake prey-predation Relationship Optimization (FSRO): A novel nature-inspired metaheuristic algorithm for feature selection,2024,1.0,0,Frog-Snake prey-predation Relationship Optimization (FSRO) : A novel nature-inspired metaheuristic algorithm for feature selection,crossref,Frog-Snake prey-predation Relationship Optimization (FSRO) : A novel nature-inspired metaheuristic algorithm for feature selection
matched,A hybrid metaheuristic algorithm for antimicrobial peptide toxicity prediction,2024,1.0,0,A hybrid metaheuristic algorithm for antimicrobial peptide toxicity prediction,crossref,A hybrid metaheuristic algorithm for antimicrobial peptide toxicity prediction
matched,Hybrid metaheuristic algorithm methods and econometric models in prediction of dogecoin price,2024,1.0,0,Hybrid metaheuristic algorithm methods and econometric models in prediction of dogecoin price,crossref,Hybrid metaheuristic algorithm methods and econometric models in prediction of dogecoin price
rejected,Triple Shake Algorithm: A New Metaheuristic with Strict and Cross Dimension Mappings.,2024,0.688,0,Focus and Shake Algorithm: A New Stochastic Optimization Employing Strict and Randomized Dimension Mappings,crossref,
matched,Narwhal optimizer: A novel nature-inspired metaheuristic algorithm,2024,1.0,0,Narwhal Optimizer: A Novel Nature-Inspired Metaheuristic Algorithm,crossref,Narwhal Optimizer: A Novel Nature-Inspired Metaheuristic Algorithm
matched,Application of a novel metaheuristic algorithm inspired by connected banking system in truss size and layout optimum design problems and optimization problems,2024,1.0,0,Application of a novel metaheuristic algorithm inspired by connected banking system in truss size and layout optimum design problems and optimization problems,crossref,Application of a novel metaheuristic algorithm inspired by connected banking system in truss size and layout optimum design problems and optimization problems
matched,Artificial meerkat algorithm: a new metaheuristic algorithm for solving optimization problems,2024,1.0,0,Artificial meerkat algorithm: a new metaheuristic algorithm for solving optimization problems,crossref,Artificial meerkat algorithm: a new metaheuristic algorithm for solving optimization problems
matched,SSKHOA: hybrid metaheuristic algorithm for resource aware task scheduling in cloud-fog computing,2024,1.0,0,SSKHOA: Hybrid Metaheuristic Algorithm for Resource Aware Task Scheduling in Cloud-fog Computing,crossref,SSKHOA: Hybrid Metaheuristic Algorithm for Resource Aware Task Scheduling in Cloud-fog Computing
matched,Frilled lizard optimization: A novel nature-inspired metaheuristic algorithm for solving optimization problems,2024,1.0,0,Frilled Lizard Optimization: A Novel Nature-Inspired Metaheuristic Algorithm for Solving Optimization Problems,crossref,Frilled Lizard Optimization: A Novel Nature-Inspired Metaheuristic Algorithm for Solving Optimization Problems
matched,Optimal adaptive coordination of overcurrent relays in power systems protection using a new hybrid metaheuristic algorithm,2024,1.0,0,Optimal adaptive coordination of overcurrent relays in power systems protection using a new hybrid metaheuristic algorithm,crossref,Optimal adaptive coordination of overcurrent relays in power systems protection using a new hybrid metaheuristic algorithm
matched,Flood algorithm: a novel metaheuristic algorithm for optimization problems,2024,1.0,0,Flood algorithm: a novel metaheuristic algorithm for optimization problems,crossref,Flood algorithm: a novel metaheuristic algorithm for optimization problems
matched,HWOA‐TTA: A New Hybrid Metaheuristic Algorithm for Global Optimization and Engineering Design Applications,2024,1.0,0,HWOA‐TTA: A New Hybrid Metaheuristic Algorithm for Global Optimization and Engineering Design Applications,crossref,HWOA‐TTA: A New Hybrid Metaheuristic Algorithm for Global Optimization and Engineering Design Applications
matched,Visual re-initialization model development methodology for solving problems regarding metaheuristic algorithm-based MPPT applications,2024,1.0,0,Visual Re-Initialization Model Development Methodology for Solving Problems Regarding Metaheuristic Algorithm-Based MPPT Applications,crossref,Visual Re-Initialization Model Development Methodology for Solving Problems Regarding Metaheuristic Algorithm-Based MPPT Applications
matched,Parkinson's Disease Detection with Deep Long Short-term Memory Networks Optimized by Modified Metaheuristic Algorithm,2024,1.0,0,Parkinson's Disease Detection with Deep Long Short-term Memory Networks Optimized by Modified Metaheuristic Algorithm,crossref,Parkinson's Disease Detection with Deep Long Short-term Memory Networks Optimized by Modified Metaheuristic Algorithm
matched,An Effective Hybrid Metaheuristic Approach Based on the Genetic Algorithm.,2024,1.0,0,An Effective Hybrid Metaheuristic Approach Based on the Genetic Algorithm,crossref,An Effective Hybrid Metaheuristic Approach Based on the Genetic Algorithm
matched,Solution of inverse problem for diffusion equation with fractional derivatives using metaheuristic optimization algorithm,2024,1.0,0,Solution of Inverse Problem for Diffusion Equation with Fractional Derivatives Using Metaheuristic Optimization Algorithm,crossref,Solution of Inverse Problem for Diffusion Equation with Fractional Derivatives Using Metaheuristic Optimization Algorithm
rejected,Best couple algorithm: A new metaheuristic with two types of equal size swarm splits,2024,0.624,0,Swarm Bipolar Algorithm: A Metaheuristic Based on Polarization of Two Equal Size Sub Swarms,crossref,
matched,A novel chaotic artificial rabbits algorithm for optimization of constrained engineering problems,2024,1.0,0,A novel chaotic artificial rabbits algorithm for optimization of constrained engineering problems,crossref,A novel chaotic artificial rabbits algorithm for optimization of constrained engineering problems
matched,Greater cane rat algorithm (GCRA): A nature-inspired metaheuristic for optimization problems,2024,1.0,0,Greater cane rat algorithm (GCRA): A nature-inspired metaheuristic for optimization problems,crossref,Greater cane rat algorithm (GCRA): A nature-inspired metaheuristic for optimization problems
matched,Sculptor Optimization Algorithm: A New Human-Inspired Metaheuristic Algorithm for Solving Optimization Problems.,2024,1.0,0,Sculptor Optimization Algorithm: A New Human-Inspired Metaheuristic Algorithm for Solving Optimization Problems,crossref,Sculptor Optimization Algorithm: A New Human-Inspired Metaheuristic Algorithm for Solving Optimization Problems
matched,Swarm Bipolar Algorithm: A Metaheuristic Based on Polarization of Two Equal Size Sub Swarms.,2024,1.0,0,Swarm Bipolar Algorithm: A Metaheuristic Based on Polarization of Two Equal Size Sub Swarms,crossref,Swarm Bipolar Algorithm: A Metaheuristic Based on Polarization of Two Equal Size Sub Swarms
matched,Migration-Crossover Algorithm: A Swarm-based Metaheuristic Enriched with Crossover Technique and Unbalanced Neighbourhood Search.,2024,1.0,0,Migration-Crossover Algorithm: A Swarm-based Metaheuristic Enriched with Crossover Technique and Unbalanced Neighbourhood Search,crossref,Migration-Crossover Algorithm: A Swarm-based Metaheuristic Enriched with Crossover Technique and Unbalanced Neighbourhood Search
matched,Apiary Organizational-Based Optimization Algorithm: A New Nature-Inspired Metaheuristic Algorithm.,2024,1.0,0,Apiary Organizational-Based Optimization Algorithm: A New Nature-Inspired Metaheuristic Algorithm,crossref,Apiary Organizational-Based Optimization Algorithm: A New Nature-Inspired Metaheuristic Algorithm
matched,MPPT algorithm based on metaheuristic techniques (PSO & GA) dedicated to improve wind energy water pumping system performance,2024,0.984,0,MPPT algorithm based on metaheuristic techniques (PSO &amp; GA) dedicated to improve wind energy water pumping system performance,crossref,MPPT algorithm based on metaheuristic techniques (PSO &amp; GA) dedicated to improve wind energy water pumping system performance
matched,iHow optimization algorithm: a human-inspired metaheuristic approach for complex problem solving and feature selection,2024,1.0,0,iHow Optimization Algorithm: A Human-Inspired Metaheuristic Approach for Complex Problem Solving and Feature Selection,crossref,iHow Optimization Algorithm: A Human-Inspired Metaheuristic Approach for Complex Problem Solving and Feature Selection
matched,Optimization and inventory management under stochastic demand using metaheuristic algorithm,2024,1.0,0,Optimization and inventory management under stochastic demand using metaheuristic algorithm,crossref,Optimization and inventory management under stochastic demand using metaheuristic algorithm
matched,Bobcat Optimization Algorithm: an effective bio-inspired metaheuristic algorithm for solving supply chain optimization problems,2024,1.0,0,Bobcat Optimization Algorithm: an effective bio-inspired metaheuristic algorithm for solving supply chain optimization problems,crossref,Bobcat Optimization Algorithm: an effective bio-inspired metaheuristic algorithm for solving supply chain optimization problems
matched,Bio-inspired metaheuristic algorithm for network intrusion detection system of architecture,2024,1.0,0,Bio-Inspired Metaheuristic Algorithm for Network Intrusion Detection System of Architecture,crossref,Bio-Inspired Metaheuristic Algorithm for Network Intrusion Detection System of Architecture
matched,Gravity profiles interpretation applying a metaheuristic particle optimization algorithm of mineralized bodies resembled by finite elements,2024,1.0,0,Gravity profiles interpretation applying a metaheuristic particle optimization algorithm of mineralized bodies resembled by finite elements,crossref,Gravity profiles interpretation applying a metaheuristic particle optimization algorithm of mineralized bodies resembled by finite elements
matched,A generalized evolutionary metaheuristic (GEM) algorithm for engineering optimization,2024,1.0,0,A generalized evolutionary metaheuristic (GEM) algorithm for engineering optimization,crossref,A generalized evolutionary metaheuristic (GEM) algorithm for engineering optimization
rejected,Group Better-Worse Algorithm: A Superior Swarm-based Metaheuristic Embedded with Jump Search,2024,0.485,2,Farthest better or nearest worse optimizer: a novel metaheuristic algorithm,crossref,
matched,Stochastic Shaking Algorithm: A New Swarm-Based Metaheuristic and Its Implementation in Economic Load Dispatch Problem.,2024,1.0,0,Stochastic Shaking Algorithm: A New Swarm-Based Metaheuristic and Its Implementation in Economic Load Dispatch Problem,crossref,Stochastic Shaking Algorithm: A New Swarm-Based Metaheuristic and Its Implementation in Economic Load Dispatch Problem
matched,The use of metaheuristic optimization algorithm in abrasive water jet machining of white marble,2024,1.0,0,The use of metaheuristic optimization algorithm in abrasive water jet machining of white marble,crossref,The use of metaheuristic optimization algorithm in abrasive water jet machining of white marble
matched,Leaf in wind optimization: A new metaheuristic algorithm for solving optimization problems,2024,1.0,0,Leaf in Wind Optimization: A New Metaheuristic Algorithm for Solving Optimization Problems,crossref,Leaf in Wind Optimization: A New Metaheuristic Algorithm for Solving Optimization Problems
matched,Optimal planning of power distribution system employing electric vehicle charging stations and distributed generators using metaheuristic algorithm,2024,1.0,0,Optimal planning of power distribution system employing electric vehicle charging stations and distributed generators using metaheuristic algorithm,crossref,Optimal planning of power distribution system employing electric vehicle charging stations and distributed generators using metaheuristic algorithm
matched,"Metaheuristic optimization and computational investigation of resistance spot welding process parameter employing Jaya, TLBO and Rao-II algorithm",2024,1.0,0,"Metaheuristic optimization and computational investigation of resistance spot welding process parameter employing Jaya, TLBO and Rao-II algorithm",crossref,"Metaheuristic optimization and computational investigation of resistance spot welding process parameter employing Jaya, TLBO and Rao-II algorithm"
matched,… well-structured metaheuristic optimization technique for magnetic data inversion of 2D dipping dyke-like geological structures using the Cuckoo optimization algorithm,2024,0.994,0,A Well-Structured Metaheuristic Optimization Technique for Magnetic Data Inversion of 2D Dipping Dyke-like Geological Structures Using the Cuckoo Optimization Algorithm,crossref,A Well-Structured Metaheuristic Optimization Technique for Magnetic Data Inversion of 2D Dipping Dyke-like Geological Structures Using the Cuckoo Optimization Algorithm
matched,Enhancing spatial prediction of groundwater-prone areas through optimization of a boosting algorithm with bio-inspired metaheuristic algorithms,2024,1.0,0,Enhancing spatial prediction of groundwater-prone areas through optimization of a boosting algorithm with bio-inspired metaheuristic algorithms,crossref,Enhancing spatial prediction of groundwater-prone areas through optimization of a boosting algorithm with bio-inspired metaheuristic algorithms
matched,Energy-efficient routing protocol for underwater wireless sensor networks using a hybrid metaheuristic algorithm,2024,1.0,0,Energy-efficient routing protocol for underwater wireless sensor networks using a hybrid metaheuristic algorithm,crossref,Energy-efficient routing protocol for underwater wireless sensor networks using a hybrid metaheuristic algorithm
matched,A metaheuristic algorithm for regulating virtual inertia of a standalone microgrid incorporating electric vehicles,2024,1.0,0,A metaheuristic algorithm for regulating virtual inertia of a standalone microgrid incorporating electric vehicles,crossref,A metaheuristic algorithm for regulating virtual inertia of a standalone microgrid incorporating electric vehicles
matched,Cooperative metaheuristic algorithm for global optimization and engineering problems inspired by heterosis theory,2024,1.0,0,Cooperative metaheuristic algorithm for global optimization and engineering problems inspired by heterosis theory,crossref,Cooperative metaheuristic algorithm for global optimization and engineering problems inspired by heterosis theory
matched,Multi-satellite cooperative scheduling method for large-scale tasks based on hybrid graph neural network and metaheuristic algorithm,2024,1.0,0,Multi-satellite cooperative scheduling method for large-scale tasks based on hybrid graph neural network and metaheuristic algorithm,crossref,Multi-satellite cooperative scheduling method for large-scale tasks based on hybrid graph neural network and metaheuristic algorithm
matched,A Review of Enhancing Sine Cosine Algorithm: Common Approaches for Improved Metaheuristic Algorithms,2024,1.0,0,A Review of Enhancing Sine Cosine Algorithm: Common Approaches for Improved Metaheuristic Algorithms,crossref,A Review of Enhancing Sine Cosine Algorithm: Common Approaches for Improved Metaheuristic Algorithms
matched,Heavy metals prediction in coastal marine sediments using hybridized machine learning models with metaheuristic optimization algorithm,2024,1.0,0,Heavy metals prediction in coastal marine sediments using hybridized machine learning models with metaheuristic optimization algorithm,crossref,Heavy metals prediction in coastal marine sediments using hybridized machine learning models with metaheuristic optimization algorithm
matched,Selective disassembly sequence planning under uncertainty using trapezoidal fuzzy numbers: A novel hybrid metaheuristic algorithm,2024,1.0,0,Selective disassembly sequence planning under uncertainty using trapezoidal fuzzy numbers: A novel hybrid metaheuristic algorithm,crossref,Selective disassembly sequence planning under uncertainty using trapezoidal fuzzy numbers: A novel hybrid metaheuristic algorithm
matched,A metaheuristic algorithm for model predictive control of the oil-cooled motor in hybrid electric vehicles,2024,1.0,0,A metaheuristic algorithm for model predictive control of the oil-cooled motor in hybrid electric vehicles,crossref,A metaheuristic algorithm for model predictive control of the oil-cooled motor in hybrid electric vehicles
rejected,Facial expression recognition through optimal filter design using a metaheuristic kidney algorithm,2024,0.639,9,Facial Expression Recognition using PCA Algorithm,crossref,
matched,DEVELOPMENT OF A METHOD FOR INCREASING THE EFFICIENCY OF PROCESSING HETEROGENEOUS DATA USING A METAHEURISTIC ALGORITHM.,2024,1.0,0,Development of a method for increasing the efficiency of processing heterogeneous data using a metaheuristic algorithm,crossref,Development of a method for increasing the efficiency of processing heterogeneous data using a metaheuristic algorithm
matched,A two layer hybrid approach for parkinson's disease detection optimized via modified metaheuristic algorithm,2024,1.0,0,A Two Layer Hybrid Approach for Parkinson’s Disease Detection Optimized via Modified Metaheuristic Algorithm,crossref,A Two Layer Hybrid Approach for Parkinson’s Disease Detection Optimized via Modified Metaheuristic Algorithm
matched,Hermit crab shell exchange algorithm: A new metaheuristic,2024,1.0,2,Hermit crab shell exchange algorithm: a new metaheuristic,crossref,Hermit crab shell exchange algorithm: a new metaheuristic
matched,Numeric crunch algorithm: a new metaheuristic algorithm for solving global and engineering optimization problems,2023,1.0,0,Numeric Crunch Algorithm: a new metaheuristic algorithm for solving global and engineering optimization problems,crossref,Numeric Crunch Algorithm: a new metaheuristic algorithm for solving global and engineering optimization problems
matched,Metaheuristic algorithm based hyper-parameters optimization for skin lesion classification,2023,1.0,0,Metaheuristic algorithm based hyper-parameters optimization for skin lesion classification,crossref,Metaheuristic algorithm based hyper-parameters optimization for skin lesion classification
matched,Spider wasp optimizer: A novel meta-heuristic optimization algorithm,2023,1.0,0,Spider wasp optimizer: a novel meta-heuristic optimization algorithm,crossref,Spider wasp optimizer: a novel meta-heuristic optimization algorithm
matched,A new improved Newton metaheuristic algorithm for solving mathematical and structural optimization problems,2024,1.0,0,A new improved Newton metaheuristic algorithm for solving mathematical and structural optimization problems,crossref,A new improved Newton metaheuristic algorithm for solving mathematical and structural optimization problems
matched,Geyser inspired algorithm: a new geological-inspired meta-heuristic for real-parameter and constrained engineering optimization,2024,1.0,1,Geyser Inspired Algorithm: A New Geological-inspired Meta-heuristic for Real-parameter and Constrained Engineering Optimization,crossref,Geyser Inspired Algorithm: A New Geological-inspired Meta-heuristic for Real-parameter and Constrained Engineering Optimization
matched,Dynamic-fitness-distance-balance stochastic fractal search (dFDB-SFS algorithm): an effective metaheuristic for global optimization and accurate photovoltaic …,2024,0.972,1,Dynamic-fitness-distance-balance stochastic fractal search (dFDB-SFS algorithm): an effective metaheuristic for global optimization and accurate photovoltaic modeling,crossref,Dynamic-fitness-distance-balance stochastic fractal search (dFDB-SFS algorithm): an effective metaheuristic for global optimization and accurate photovoltaic modeling
matched,Puma optimizer (PO): a novel metaheuristic optimization algorithm and its application in machine learning,2024,1.0,0,Puma optimizer (PO): a novel metaheuristic optimization algorithm and its application in machine learning,crossref,Puma optimizer (PO): a novel metaheuristic optimization algorithm and its application in machine learning
matched,Social welfare maximization in deregulated power market incorporating wind power plants using metaheuristic algorithm,2024,1.0,1,Social welfare maximization in deregulated power market incorporating wind power plants using metaheuristic algorithm,crossref,Social welfare maximization in deregulated power market incorporating wind power plants using metaheuristic algorithm
matched,Secretary bird optimization algorithm: a new metaheuristic for solving global optimization problems,2024,1.0,0,Secretary bird optimization algorithm: a new metaheuristic for solving global optimization problems,crossref,Secretary bird optimization algorithm: a new metaheuristic for solving global optimization problems
matched,Prism refraction search: A novel physics-based metaheuristic algorithm,2024,1.0,0,Prism refraction search: a novel physics-based metaheuristic algorithm,crossref,Prism refraction search: a novel physics-based metaheuristic algorithm
matched,Leveraging large language model to generate a novel metaheuristic algorithm with CRISPE framework,2024,1.0,0,Leveraging large language model to generate a novel metaheuristic algorithm with CRISPE framework,crossref,Leveraging large language model to generate a novel metaheuristic algorithm with CRISPE framework
matched,Elk herd optimizer: a novel nature-inspired metaheuristic algorithm,2024,1.0,0,Elk herd optimizer: a novel nature-inspired metaheuristic algorithm,crossref,Elk herd optimizer: a novel nature-inspired metaheuristic algorithm
matched,An effective hybrid metaheuristic algorithm for solving global optimization algorithms,2024,1.0,0,An Effective Hybrid Metaheuristic Algorithm for Solving Global Optimization Algorithms,crossref,An Effective Hybrid Metaheuristic Algorithm for Solving Global Optimization Algorithms
matched,Nizar optimization algorithm: a novel metaheuristic algorithm for global optimization and engineering applications,2024,1.0,1,Nizar optimization algorithm: a novel metaheuristic algorithm for global optimization and engineering applications,crossref,Nizar optimization algorithm: a novel metaheuristic algorithm for global optimization and engineering applications
matched,Red-billed blue magpie optimizer: a novel metaheuristic algorithm for 2D/3D UAV path planning and engineering design problems,2024,1.0,0,Red-billed blue magpie optimizer: a novel metaheuristic algorithm for 2D/3D UAV path planning and engineering design problems,crossref,Red-billed blue magpie optimizer: a novel metaheuristic algorithm for 2D/3D UAV path planning and engineering design problems
matched,Lung cancer detection and classification using deep neural network based on hybrid metaheuristic algorithm,2024,1.0,1,Lung cancer detection and classification using deep neural network based on hybrid metaheuristic algorithm,crossref,Lung cancer detection and classification using deep neural network based on hybrid metaheuristic algorithm
matched,Controller placement in SDN using game theory and a discrete hybrid metaheuristic algorithm,2024,1.0,1,Controller placement in SDN using game theory and a discrete hybrid metaheuristic algorithm,crossref,Controller placement in SDN using game theory and a discrete hybrid metaheuristic algorithm
matched,An improved method for diagnosis of Parkinson's disease using deep learning models enhanced with metaheuristic algorithm,2024,1.0,0,An improved method for diagnosis of Parkinson’s disease using deep learning models enhanced with metaheuristic algorithm,crossref,An improved method for diagnosis of Parkinson’s disease using deep learning models enhanced with metaheuristic algorithm
matched,Polar fox optimization algorithm: a novel meta-heuristic algorithm,2024,1.0,0,Polar fox optimization algorithm: a novel meta-heuristic algorithm,crossref,Polar fox optimization algorithm: a novel meta-heuristic algorithm
matched,Optimization of truss structures by using a hybrid population-based metaheuristic algorithm,2024,1.0,1,Optimization of Truss Structures by Using a Hybrid Population-Based Metaheuristic Algorithm,crossref,Optimization of Truss Structures by Using a Hybrid Population-Based Metaheuristic Algorithm
matched,A novel approach for code coverage testing using hybrid metaheuristic algorithm,2024,1.0,0,A novel approach for code coverage testing using hybrid metaheuristic algorithm,crossref,A novel approach for code coverage testing using hybrid metaheuristic algorithm
matched,Hyperbolic Sine Optimizer: a new metaheuristic algorithm for high performance computing to address computationally intensive tasks,2024,1.0,0,Hyperbolic Sine Optimizer: a new metaheuristic algorithm for high performance computing to address computationally intensive tasks,crossref,Hyperbolic Sine Optimizer: a new metaheuristic algorithm for high performance computing to address computationally intensive tasks
matched,Optimizing last-mile delivery services: a robust truck-drone cooperation model and hybrid metaheuristic algorithm,2024,1.0,0,Optimizing last-mile delivery services: a robust truck-drone cooperation model and hybrid metaheuristic algorithm,crossref,Optimizing last-mile delivery services: a robust truck-drone cooperation model and hybrid metaheuristic algorithm
matched,An optimum generation scheduling of electrical power system considering the effect of renewable energy sources by using a hybrid metaheuristic search algorithm,2024,1.0,0,An optimum generation scheduling of electrical power system considering the effect of renewable energy sources by using a hybrid metaheuristic search algorithm,crossref,An optimum generation scheduling of electrical power system considering the effect of renewable energy sources by using a hybrid metaheuristic search algorithm
matched,Literature research optimizer: A new human-based metaheuristic algorithm for optimization problems,2024,1.0,0,Literature Research Optimizer: A New Human-Based Metaheuristic Algorithm for Optimization Problems,crossref,Literature Research Optimizer: A New Human-Based Metaheuristic Algorithm for Optimization Problems
matched,Dynamic routing optimization in software-defined networking based on a metaheuristic algorithm,2024,1.0,0,Dynamic routing optimization in software-defined networking based on a metaheuristic algorithm,crossref,Dynamic routing optimization in software-defined networking based on a metaheuristic algorithm
matched,A metaheuristic-based algorithm for optimizing node deployment in wireless sensor network,2024,1.0,0,A metaheuristic-based algorithm for optimizing node deployment in wireless sensor network,crossref,A metaheuristic-based algorithm for optimizing node deployment in wireless sensor network
matched,Genetic engineering algorithm (GEA): an efficient metaheuristic algorithm for solving combinatorial optimization problems,2024,1.0,0,Genetic Engineering Algorithm (GEA): An Efficient Metaheuristic Algorithm for Solving Combinatorial Optimization Problems,crossref,Genetic Engineering Algorithm (GEA): An Efficient Metaheuristic Algorithm for Solving Combinatorial Optimization Problems
matched,Adaptive recursive system identification using optimally tuned Kalman filter by the metaheuristic algorithm,2024,1.0,0,Adaptive recursive system identification using optimally tuned Kalman filter by the metaheuristic algorithm,crossref,Adaptive recursive system identification using optimally tuned Kalman filter by the metaheuristic algorithm
matched,Artificial Afterimage Algorithm: A New Bio-Inspired Metaheuristic Algorithm and Its Clustering Application,2025,1.0,0,Artificial Afterimage Algorithm: A New Bio-Inspired Metaheuristic Algorithm and Its Clustering Application,crossref,Artificial Afterimage Algorithm: A New Bio-Inspired Metaheuristic Algorithm and Its Clustering Application
matched,Flood algorithm (FLA): an efficient inspired meta-heuristic for engineering optimization,2024,1.0,0,Flood algorithm (FLA): an efficient inspired meta-heuristic for engineering optimization,crossref,Flood algorithm (FLA): an efficient inspired meta-heuristic for engineering optimization
matched,Black-winged kite algorithm: a nature-inspired meta-heuristic for solving benchmark functions and engineering problems,2024,1.0,0,Black-winged kite algorithm: a nature-inspired meta-heuristic for solving benchmark functions and engineering problems,crossref,Black-winged kite algorithm: a nature-inspired meta-heuristic for solving benchmark functions and engineering problems
matched,The Golf Sport Inspired Search metaheuristic algorithm and the game theoretic analysis of its operators' effectiveness,2024,1.0,1,The Golf Sport Inspired Search metaheuristic algorithm and the game theoretic analysis of its operators’ effectiveness,crossref,The Golf Sport Inspired Search metaheuristic algorithm and the game theoretic analysis of its operators’ effectiveness
matched,A metaheuristic algorithm based clustering protocol for energy harvesting in IoT-enabled WSN,2024,1.0,0,A Metaheuristic Algorithm Based Clustering Protocol for Energy Harvesting in IoT-Enabled WSN,crossref,A Metaheuristic Algorithm Based Clustering Protocol for Energy Harvesting in IoT-Enabled WSN
matched,Cleaner fish optimization algorithm: a new bio-inspired meta-heuristic optimization algorithm,2024,1.0,0,Cleaner fish optimization algorithm: a new bio-inspired meta-heuristic optimization algorithm,crossref,Cleaner fish optimization algorithm: a new bio-inspired meta-heuristic optimization algorithm
matched,Pore structure analysis and prediction of characteristics by metaheuristic algorithm of manufactured sand polymer-modified repair mortar,2025,1.0,0,Pore structure analysis and prediction of characteristics by metaheuristic algorithm of manufactured sand polymer-modified repair mortar,crossref,Pore structure analysis and prediction of characteristics by metaheuristic algorithm of manufactured sand polymer-modified repair mortar
matched,Fast and accurate estimation of PEMFCs model parameters using a dimension learning-based modified grey wolf metaheuristic algorithm,2025,1.0,0,Fast and accurate estimation of PEMFCs model parameters using a dimension learning-based modified grey wolf metaheuristic algorithm,crossref,Fast and accurate estimation of PEMFCs model parameters using a dimension learning-based modified grey wolf metaheuristic algorithm
matched,From constraints fusion to manifold optimization: A new directional transport manifold metaheuristic algorithm,2025,1.0,1,From Constraints Fusion to Manifold Optimization: A New Directional Transport Manifold Metaheuristic Algorithm,crossref,From Constraints Fusion to Manifold Optimization: A New Directional Transport Manifold Metaheuristic Algorithm
matched,AIoT-based Indoor Air Quality Prediction for Building Using Enhanced Metaheuristic Algorithm and Hybrid Deep Learning,2025,1.0,0,AIoT-based indoor air quality prediction for building using enhanced metaheuristic algorithm and hybrid deep learning,crossref,AIoT-based indoor air quality prediction for building using enhanced metaheuristic algorithm and hybrid deep learning
matched,Optimizing quay crane scheduling using deep reinforcement learning with hybrid metaheuristic algorithm,2025,1.0,0,Optimizing quay crane scheduling using deep reinforcement learning with hybrid metaheuristic algorithm,crossref,Optimizing quay crane scheduling using deep reinforcement learning with hybrid metaheuristic algorithm
rejected,Au octahedrons monolayer film SERS substrate coupled with a hybrid metaheuristic algorithm-optimized ELM model: An analytical strategy for rapid and label-free …,2025,0.895,0,Au octahedrons monolayer film SERS substrate coupled with a hybrid metaheuristic algorithm-optimized ELM model: An analytical strategy for rapid and label-free detection of zearalenone in corn oil,crossref,
matched,Tower crane location optimization problem: a comprehensive metaheuristic algorithm approach,2025,1.0,0,Tower crane location optimization problem: a comprehensive metaheuristic algorithm approach,crossref,Tower crane location optimization problem: a comprehensive metaheuristic algorithm approach
matched,AI-enabled frequency synchronization control considering FDI attack using metaheuristic algorithm,2025,1.0,0,AI-enabled frequency synchronization control considering FDI attack using metaheuristic algorithm,crossref,AI-enabled frequency synchronization control considering FDI attack using metaheuristic algorithm
matched,An energy-aware migration framework using metaheuristic algorithm in cloud computing,2025,1.0,1,An energy-aware migration framework using metaheuristic algorithm in cloud computing,crossref,An energy-aware migration framework using metaheuristic algorithm in cloud computing
matched,TreeC: a method to generate interpretable energy management systems using a metaheuristic algorithm,2025,1.0,0,TreeC: A method to generate interpretable energy management systems using a metaheuristic algorithm,crossref,TreeC: A method to generate interpretable energy management systems using a metaheuristic algorithm
matched,Metaheuristic-driven enhancement of categorical boosting algorithm for flood-prone areas mapping,2025,1.0,0,Metaheuristic-driven enhancement of categorical boosting algorithm for flood-prone areas mapping,crossref,Metaheuristic-driven enhancement of categorical boosting algorithm for flood-prone areas mapping
matched,Success-Based Optimization Algorithm (SBOA): Development and enhancement of a metaheuristic optimizer,2025,1.0,0,Success-Based Optimization Algorithm (SBOA): Development and enhancement of a metaheuristic optimizer,crossref,Success-Based Optimization Algorithm (SBOA): Development and enhancement of a metaheuristic optimizer
matched,Optimizing vehicle security: A multiclassification framework using deep transfer learning and metaheuristic-based genetic algorithm optimization,2025,1.0,0,Optimizing vehicle security: A multiclassification framework using deep transfer learning and metaheuristic-based genetic algorithm optimization,crossref,Optimizing vehicle security: A multiclassification framework using deep transfer learning and metaheuristic-based genetic algorithm optimization
matched,An incorporation of metaheuristic algorithm and two-stage deep learnings for fault classified framework for diesel generator maintenance,2025,1.0,0,An incorporation of metaheuristic algorithm and two-stage deep learnings for fault classified framework for diesel generator maintenance,crossref,An incorporation of metaheuristic algorithm and two-stage deep learnings for fault classified framework for diesel generator maintenance
matched,Spider-Tailed Horned Viper Optimization: An Effective Bio-Inspired Metaheuristic Algorithm for Solving Engineering Applications.,2025,1.0,0,Spider-Tailed Horned Viper Optimization: An Effective Bio-Inspired Metaheuristic Algorithm for Solving Engineering Applications,crossref,Spider-Tailed Horned Viper Optimization: An Effective Bio-Inspired Metaheuristic Algorithm for Solving Engineering Applications
matched,Substitution Box Construction Using Transfer‐Function Assisted Metaheuristic and Booster Algorithm: A Hybrid Approach,2025,1.0,1,Substitution Box Construction Using Transfer‐Function Assisted Metaheuristic and Booster Algorithm: A Hybrid Approach,crossref,Substitution Box Construction Using Transfer‐Function Assisted Metaheuristic and Booster Algorithm: A Hybrid Approach
matched,Enhancing water security through advanced modeling: integrating deep learning and a novel metaheuristic optimization algorithm for accurate pan evaporation …,2025,0.966,1,Enhancing water security through advanced modeling: integrating deep learning and a novel metaheuristic optimization algorithm for accurate pan evaporation prediction,crossref,Enhancing water security through advanced modeling: integrating deep learning and a novel metaheuristic optimization algorithm for accurate pan evaporation prediction
matched,A novel metaheuristic population algorithm for optimising the connection weights of neural networks,2025,1.0,1,A novel metaheuristic population algorithm for optimising the connection weights of neural networks,crossref,A novel metaheuristic population algorithm for optimising the connection weights of neural networks
rejected,An Improved Metaheuristic Algorithm for On-site Workshop Availability Cost Problem,2025,0.662,10,A Scatter Search Hybrid Algorithm for Resource Availability Cost Problem,crossref,
matched,Orangutan optimization algorithm: An innovative bio-inspired metaheuristic approach for solving engineering optimization problems,2025,1.0,0,Orangutan Optimization Algorithm: An Innovative Bio-Inspired Metaheuristic Approach for Solving Engineering Optimization Problems,crossref,Orangutan Optimization Algorithm: An Innovative Bio-Inspired Metaheuristic Approach for Solving Engineering Optimization Problems
matched,Divine Religions Algorithm: a novel social-inspired metaheuristic algorithm for engineering and continuous optimization problems,2025,1.0,0,Divine Religions Algorithm: a novel social-inspired metaheuristic algorithm for engineering and continuous optimization problems,crossref,Divine Religions Algorithm: a novel social-inspired metaheuristic algorithm for engineering and continuous optimization problems
matched,Exploring Fault Plane geometry through metaheuristic Bat Algorithm (MBA) analysis of potential field data: Environmental and engineering applications,2025,1.0,1,Exploring Fault Plane Geometry through Metaheuristic Bat Algorithm (MBA) Analysis of Potential Field Data: Environmental and Engineering Applications,crossref,Exploring Fault Plane Geometry through Metaheuristic Bat Algorithm (MBA) Analysis of Potential Field Data: Environmental and Engineering Applications
matched,A new binary chaos-based metaheuristic algorithm for software defect prediction,2024,1.0,0,A new binary chaos-based metaheuristic algorithm for software defect prediction,crossref,A new binary chaos-based metaheuristic algorithm for software defect prediction
matched,Predicting carbon dioxide emissions using deep learning and Ninja metaheuristic optimization algorithm,2025,1.0,0,Predicting carbon dioxide emissions using deep learning and Ninja metaheuristic optimization algorithm,crossref,Predicting carbon dioxide emissions using deep learning and Ninja metaheuristic optimization algorithm
matched,A prosperous and thorough analysis of gravity profiles for resources exploration utilizing the metaheuristic Bat Algorithm,2025,1.0,0,A prosperous and thorough analysis of gravity profiles for resources exploration utilizing the metaheuristic Bat Algorithm,crossref,A prosperous and thorough analysis of gravity profiles for resources exploration utilizing the metaheuristic Bat Algorithm
matched,Study on a new metaheuristic algorithm–Tribal intelligent evolution optimization and its application in optimal control of cooling plants,2025,1.0,0,Study on a new metaheuristic algorithm – Tribal intelligent evolution optimization and its application in optimal control of cooling plants,crossref,Study on a new metaheuristic algorithm – Tribal intelligent evolution optimization and its application in optimal control of cooling plants
matched,A mathematical multi-objective optimization model and metaheuristic algorithm for effective advertising in the social internet of things,2024,1.0,0,A mathematical multi-objective optimization model and metaheuristic algorithm for effective advertising in the social internet of things,crossref,A mathematical multi-objective optimization model and metaheuristic algorithm for effective advertising in the social internet of things
matched,Supercell thunderstorm algorithm (STA): a nature-inspired metaheuristic algorithm for engineering optimization,2025,1.0,0,Supercell thunderstorm algorithm (STA): a nature-inspired metaheuristic algorithm for engineering optimization,crossref,Supercell thunderstorm algorithm (STA): a nature-inspired metaheuristic algorithm for engineering optimization
matched,A novel metaheuristic population algorithm for optimising the connection weights of neural networks,2025,1.0,1,A novel metaheuristic population algorithm for optimising the connection weights of neural networks,crossref,A novel metaheuristic population algorithm for optimising the connection weights of neural networks
matched,Enhancing machine learning performance in cardiac surgery ICU: Hyperparameter optimization with metaheuristic algorithm,2025,1.0,0,Enhancing machine learning performance in cardiac surgery ICU: Hyperparameter optimization with metaheuristic algorithm,crossref,Enhancing machine learning performance in cardiac surgery ICU: Hyperparameter optimization with metaheuristic algorithm
matched,Superb Fairy-wren Optimization Algorithm: a novel metaheuristic algorithm for solving feature selection problems,2025,1.0,0,Superb Fairy-wren Optimization Algorithm: a novel metaheuristic algorithm for solving feature selection problems,crossref,Superb Fairy-wren Optimization Algorithm: a novel metaheuristic algorithm for solving feature selection problems
matched,Simulation-based metaheuristic optimization algorithm for material handling,2025,1.0,1,Simulation-based metaheuristic optimization algorithm for material handling,crossref,Simulation-based metaheuristic optimization algorithm for material handling
matched,Starfish optimization algorithm (SFOA): a bio-inspired metaheuristic algorithm for global optimization compared with 100 optimizers,2025,1.0,1,Starfish optimization algorithm (SFOA): a bio-inspired metaheuristic algorithm for global optimization compared with 100 optimizers,crossref,Starfish optimization algorithm (SFOA): a bio-inspired metaheuristic algorithm for global optimization compared with 100 optimizers
matched,Groupers and moray eels (GME) optimization: a nature-inspired metaheuristic algorithm for solving complex engineering problems,2025,1.0,1,Groupers and moray eels (GME) optimization: a nature-inspired metaheuristic algorithm for solving complex engineering problems,crossref,Groupers and moray eels (GME) optimization: a nature-inspired metaheuristic algorithm for solving complex engineering problems
matched,Enhancing Surgery Scheduling in Health Care Settings With Metaheuristic Optimization Models: Algorithm Validation Study,2025,1.0,0,Enhancing Surgery Scheduling in Health Care Settings With Metaheuristic Optimization Models: Algorithm Validation Study,crossref,Enhancing Surgery Scheduling in Health Care Settings With Metaheuristic Optimization Models: Algorithm Validation Study
matched,Evaluation of Metaheuristic Algorithms for TAS Scheduling in Time-Sensitive Networking,2022,1.0,0,Evaluation of Metaheuristic Algorithms for TAS Scheduling in Time-Sensitive Networking,crossref,Evaluation of Metaheuristic Algorithms for TAS Scheduling in Time-Sensitive Networking
matched,Combining a convolutional neural network with autoencoders to predict the survival chance of COVID-19 patients,2021,1.0,0,Combining a convolutional neural network with autoencoders to predict the survival chance of COVID-19 patients,crossref,Combining a convolutional neural network with autoencoders to predict the survival chance of COVID-19 patients
matched,A Multi-Objective approach to the Electric Vehicle Routing Problem,2022,1.0,0,A Multi-Objective approach to the Electric Vehicle Routing Problem,openalex,A Multi-Objective approach to the Electric Vehicle Routing Problem
matched,Una herramienta para el diseño de redes MSMN de banda ancha en líneas de transmisión basada en algoritmos heurísticos de optimización comparados,2022,1.0,1,Una herramienta para el diseño de redes MSMN de banda ancha en líneas de transmisión basada en algoritmos heurísticos de optimización comparados,crossref,Una herramienta para el diseño de redes MSMN de banda ancha en líneas de transmisión basada en algoritmos heurísticos de optimización comparados
matched,Prediction and Optimization of Pile Bearing Capacity Considering Effects of Time,2022,1.0,0,Prediction and Optimization of Pile Bearing Capacity Considering Effects of Time,crossref,Prediction and Optimization of Pile Bearing Capacity Considering Effects of Time
rejected,The Evolutionary Computation Methods No One Should Use,2023,0.524,10,Evolutionary Methods and Evolutionary Computation,crossref,
matched,Schedule Peer-to-Peer Transactions of an Energy Community Using Particle Swarm,2022,1.0,0,Schedule Peer-to-Peer Transactions of an Energy Community Using Particle Swarm,crossref,Schedule Peer-to-Peer Transactions of an Energy Community Using Particle Swarm
matched,Forecasting PM 2.5 emissions in open-pit minesusing a functional link neural network optimized by various optimization algorithms,2022,0.928,0,Forecasting PM&lt;sub&gt;2.5&lt;/sub&gt; emissions in open-pit minesusing a functional link neural network optimized by various optimization algorithms,crossref,Forecasting PM&lt;sub&gt;2.5&lt;/sub&gt; emissions in open-pit minesusing a functional link neural network optimized by various optimization algorithms
matched,Enhancement of Transmission System Security with Archimedes Optimization Algorithm.,2022,1.0,0,Enhancement of Transmission System Security with Archimedes Optimization Algorithm,openalex,Enhancement of Transmission System Security with Archimedes Optimization Algorithm
matched,Electricity theft detection using CNN-GRU and manta ray foraging optimization algorithm,2020,1.0,0,Electricity Theft Detection using CNN-GRU and Manta Ray Foraging Optimization Algorithm,crossref,Electricity Theft Detection using CNN-GRU and Manta Ray Foraging Optimization Algorithm
matched,Photo-decolorization of Eriochrome Black T: process optimization with Differential Evolution algorithm,2022,1.0,0,Photo-decolorization of Eriochrome Black T: process optimization with Differential Evolution algorithm,crossref,Photo-decolorization of Eriochrome Black T: process optimization with Differential Evolution algorithm
matched,A prescription of methodological guidelines for comparing bio-inspired optimization algorithms,2021,1.0,0,A prescription of methodological guidelines for comparing bio-inspired optimization algorithms,crossref,A prescription of methodological guidelines for comparing bio-inspired optimization algorithms
matched,A CNN-LSTM Model Trained with Grey Wolf Optimizer for Prediction of Household Power Consumption,2021,1.0,0,A CNN-LSTM Model Trained with Grey Wolf Optimizer for Prediction of Household Power Consumption,crossref,A CNN-LSTM Model Trained with Grey Wolf Optimizer for Prediction of Household Power Consumption
matched,Prospects of Ant Colony Optimization (ACO) in Various Domains,2022,1.0,0,Prospects of Ant Colony Optimization(ACO) in Various Domains,crossref,Prospects of Ant Colony Optimization(ACO) in Various Domains
matched,Big data analytics for short and medium-term electricity load forecasting using an AI techniques ensembler,2020,1.0,0,Big Data Analytics for Short and Medium-Term Electricity Load Forecasting Using an AI Techniques Ensembler,crossref,Big Data Analytics for Short and Medium-Term Electricity Load Forecasting Using an AI Techniques Ensembler
matched,Experimentation and Simulation with Autonomous Coverage Path Planning for UAVs,2022,1.0,0,Experimentation and Simulation with Autonomous Coverage Path Planning for UAVs,crossref,Experimentation and Simulation with Autonomous Coverage Path Planning for UAVs
matched,An Optimized Hyperparameter of Convolutional Neural Network Algorithm for Bug Severity Prediction in Alzheimer’s-Based IoT System,2022,1.0,0,An Optimized Hyperparameter of Convolutional Neural Network Algorithm for Bug Severity Prediction in Alzheimer’s-Based IoT System,crossref,An Optimized Hyperparameter of Convolutional Neural Network Algorithm for Bug Severity Prediction in Alzheimer’s-Based IoT System
matched,The research of a novel WOG-YOLO algorithm for autonomous driving object detection,2023,1.0,0,The research of a novel WOG-YOLO algorithm for autonomous driving object detection,crossref,The research of a novel WOG-YOLO algorithm for autonomous driving object detection
matched,Flood susceptibility computation using state-of-the-art machine learning and optimization algorithms.,2022,1.0,0,Flood susceptibility computation using state-of-the-art machine learning and optimization algorithms,crossref,Flood susceptibility computation using state-of-the-art machine learning and optimization algorithms
matched,More is not always better: insights from a massive comparison of meta-heuristic algorithms over real-parameter optimization problems,2021,1.0,0,More is not Always Better: Insights from a Massive Comparison of Meta-heuristic Algorithms over Real-Parameter Optimization Problems,crossref,More is not Always Better: Insights from a Massive Comparison of Meta-heuristic Algorithms over Real-Parameter Optimization Problems
matched,White Blood Cell Classification Using Texture and RGB Features of Oversampled Microscopic Images,2022,1.0,0,White Blood Cell Classification Using Texture and RGB Features of Oversampled Microscopic Images,crossref,White Blood Cell Classification Using Texture and RGB Features of Oversampled Microscopic Images
matched,Optimal sizing and financial analysis of a stand-alone SPV-micro-hydropower hybrid system considering generation uncertainty,2021,1.0,0,Optimal sizing and financial analysis of a stand-alone SPV-micro-hydropower hybrid system considering generation uncertainty,crossref,Optimal sizing and financial analysis of a stand-alone SPV-micro-hydropower hybrid system considering generation uncertainty
matched,Energy consumption prediction of air-conditioning systems in eco-buildings using hunger games search optimization-based artificial neural network model,2022,1.0,0,Energy consumption prediction of air-conditioning systems in eco-buildings using hunger games search optimization-based artificial neural network model,crossref,Energy consumption prediction of air-conditioning systems in eco-buildings using hunger games search optimization-based artificial neural network model
matched,Novel integrated approaches for predicting the compressibility of clay using cascade forward neural networks optimized by swarm-and evolution-based algorithms,2022,1.0,1,Novel integrated approaches for predicting the compressibility of clay using cascade forward neural networks optimized by swarm- and evolution-based algorithms,crossref,Novel integrated approaches for predicting the compressibility of clay using cascade forward neural networks optimized by swarm- and evolution-based algorithms
matched,The research of a novel WOG-YOLO algorithm forautonomous driving object detection.,2022,1.0,0,The research of a novel WOG-YOLO algorithm forautonomous driving object detection,crossref,The research of a novel WOG-YOLO algorithm forautonomous driving object detection
matched,Optimized functional linked neural network for predicting diaphragm wall deflection induced by braced excavations in clays,2022,1.0,0,Optimized functional linked neural network for predicting diaphragm wall deflection induced by braced excavations in clays,crossref,Optimized functional linked neural network for predicting diaphragm wall deflection induced by braced excavations in clays
matched,A Dynamic Quantum-Inspired Genetic Algorithm with Lengthening Chromosome Size.,2022,1.0,0,A Dynamic Quantum-Inspired Genetic Algorithm with Lengthening Chromosome Size,crossref,A Dynamic Quantum-Inspired Genetic Algorithm with Lengthening Chromosome Size
matched,Computer vision-based classification of concrete spall severity using metaheuristic-optimized Extreme Gradient Boosting Machine and Deep Convolutional Neural Network,2022,1.0,0,Computer vision-based classification of concrete spall severity using metaheuristic-optimized Extreme Gradient Boosting Machine and Deep Convolutional Neural Network,crossref,Computer vision-based classification of concrete spall severity using metaheuristic-optimized Extreme Gradient Boosting Machine and Deep Convolutional Neural Network
matched,Coinage-metal-based cyclic trinuclear complexes with metal–metal interactions: Theories to experiments and structures to functions,2020,1.0,0,Coinage-Metal-Based Cyclic Trinuclear Complexes with Metal–Metal Interactions: Theories to Experiments and Structures to Functions,crossref,Coinage-Metal-Based Cyclic Trinuclear Complexes with Metal–Metal Interactions: Theories to Experiments and Structures to Functions
matched,Groundwater level modeling using Augmented Artificial Ecosystem Optimization,2023,1.0,0,Groundwater level modeling using Augmented Artificial Ecosystem Optimization,crossref,Groundwater level modeling using Augmented Artificial Ecosystem Optimization
matched,Intelligent Informative Frequency Band Searching Assisted by a Dynamic Bandit Tree Method for Machine Fault Diagnosis,2022,1.0,1,Intelligent Informative Frequency Band Searching Assisted by a Dynamic Bandit Tree Method for Machine Fault Diagnosis,crossref,Intelligent Informative Frequency Band Searching Assisted by a Dynamic Bandit Tree Method for Machine Fault Diagnosis
matched,An Efficient Model for Sentiment Analysis using Artificial Rabbits Optimized Vector Functional Link Network,2023,1.0,0,An efficient model for sentiment analysis using artificial rabbits optimized vector functional link network,crossref,An efficient model for sentiment analysis using artificial rabbits optimized vector functional link network
matched,An optimized fuzzy ensemble of convolutional neural networks for detecting tuberculosis from Chest X-ray images,2022,1.0,0,An optimized fuzzy ensemble of convolutional neural networks for detecting tuberculosis from Chest X-ray images,crossref,An optimized fuzzy ensemble of convolutional neural networks for detecting tuberculosis from Chest X-ray images
rejected,Population-based JPEG Image Compression: Problem Re-Formulation,2022,0.611,2,FBSE-Based JPEG Image Compression,crossref,
rejected,"Optimal Sizing and Performance Analysis of Solar PV-Micro hydropower Hybrid System in the Context of Rural Area of Nepal (Doctoral dissertation, Pulchowk Campus).",2020,0.547,3,"Optimal Sizing and Analysis of Solar PV, Wind, and Energy Storage Hybrid System for Campus Microgrid",crossref,
rejected,Otimização dos custos operacionais de uma comunidade energética considerando transações locais em “peer-to-peer” (Doctoral dissertation).,2022,0.396,3,OTIMIZAçãO DE CUSTOS OPERACIONAIS COM MATERIAIS REFRIGERANTES: BALANçO ENERGéTICO E VALIDAçãO COM TESTES INDUSTRIAIS EM UM FORNO DE OTIMIZAçãO ENERGéTICA (EOF),crossref,
matched,Using DarkNet models and metaheuristic optimization methods together to detect weeds growing along with seedlings,2022,1.0,0,Using DarkNet models and metaheuristic optimization methods together to detect weeds growing along with seedlings,crossref,Using DarkNet models and metaheuristic optimization methods together to detect weeds growing along with seedlings
matched,"Detection of segmented uterine cancer images by Hotspot Detection method using deep learning models, Pigeon-Inspired Optimization, types-based dominant activation selection approaches",2021,1.0,0,"Detection of segmented uterine cancer images by Hotspot Detection method using deep learning models, Pigeon-Inspired Optimization, types-based dominant activation selection approaches",crossref,"Detection of segmented uterine cancer images by Hotspot Detection method using deep learning models, Pigeon-Inspired Optimization, types-based dominant activation selection approaches"
matched,Energy Consumption Cost Benefits through Smart Home Energy Management in Residential Buildings: An Indian Case Study,2022,1.0,0,Energy Consumption Cost Benefits through Smart Home Energy Management in Residential Buildings: An Indian Case Study,crossref,Energy Consumption Cost Benefits through Smart Home Energy Management in Residential Buildings: An Indian Case Study
matched,A novel whale optimization algorithm optimized XGBoost regression for estimating bearing capacity of concrete piles,2022,1.0,0,A novel whale optimization algorithm optimized XGBoost regression for estimating bearing capacity of concrete piles,crossref,A novel whale optimization algorithm optimized XGBoost regression for estimating bearing capacity of concrete piles
matched,Meta-heuristic optimization of control structure and design for MMC-HVdc applications,2022,1.0,0,Meta-heuristic optimization of control structure and design for MMC-HVdc applications,crossref,Meta-heuristic optimization of control structure and design for MMC-HVdc applications
matched,Black-Box for Blockchain Parameters Adjustment,2022,1.0,0,Black-Box for Blockchain Parameters Adjustment,crossref,Black-Box for Blockchain Parameters Adjustment
matched,Novel hybrid machine learning models including support vector machine with meta-heuristic algorithms in predicting unconfined compressive strength of organic soils stabilised with cement and lime,2022,1.0,0,Novel hybrid machine learning models including support vector machine with meta-heuristic algorithms in predicting unconfined compressive strength of organic soils stabilised with cement and lime,crossref,Novel hybrid machine learning models including support vector machine with meta-heuristic algorithms in predicting unconfined compressive strength of organic soils stabilised with cement and lime
matched,Unified Algorithm Framework for Nonconvex Stochastic Optimization in Deep Neural Networks,2021,1.0,0,Unified Algorithm Framework for Nonconvex Stochastic Optimization in Deep Neural Networks,crossref,Unified Algorithm Framework for Nonconvex Stochastic Optimization in Deep Neural Networks
matched,A review of recent advances in quantum-inspired metaheuristics,2022,1.0,0,A review of recent advances in quantum-inspired metaheuristics,crossref,A review of recent advances in quantum-inspired metaheuristics
rejected,Machine learning based modelling and optimization in hard turning of AISI D6 steel with newly developed AlTiSiN coated carbide tool,2022,0.556,0,Experimental investigation into machinability of hardened AISI D6 steel using newly developed AlTiSiN coated carbide tools under sustainable finish dry hard turning,crossref,
matched,Optimal energy management system for residential buildings considering the time of use price with swarm intelligence algorithms,2022,1.0,0,Optimal energy management system for residential buildings considering the time of use price with swarm intelligence algorithms,crossref,Optimal energy management system for residential buildings considering the time of use price with swarm intelligence algorithms
rejected,Algoritmo para la detección de vehículos y peatones combinando CNN´ sy técnicas de búsqueda.,2022,0.363,2,Detección e identificación de peatones y vehículos mediante radar para ayuda a la conducción,crossref,
matched,An efficient EGWO algorithm as feature selection for B-ALL diagnoses and its subtypes classification using peripheral blood smear images,2023,1.0,0,An efficient EGWO algorithm as feature selection for B-ALL diagnoses and its subtypes classification using peripheral blood smear images,crossref,An efficient EGWO algorithm as feature selection for B-ALL diagnoses and its subtypes classification using peripheral blood smear images
