key,title,doi,source,final_url,sha256,bytes,status,note
0602c5131da99daa,Machine learning based modelling and optimization in hard turning of AISI D6 steel with newly developed AlTiSiN coated carbide tool,,,,,,no-doi,sci-hub needs a DOI
06662e59bcc89cc3,Buzzard optimization algorithm: A nature-inspired metaheuristic algorithm,,,,,,no-doi,sci-hub needs a DOI
073dbbf4c1325f73,Metaheuristic algorithm for capital letters images recognition,,direct,https://future-in-tech.net/16.2/R-Muna.pdf,4b10226e9eb102ac7bf6,98391,ok,
0a326c81f84190a3,"Optimal Sizing and Performance Analysis of Solar PV-Micro hydropower Hybrid System in the Context of Rural Area of Nepal (Doctoral dissertation, Pulchowk Campus).",,,,,,no-doi,sci-hub needs a DOI
10_1002_2050_7038_13244_v1_review4,Parameter extraction of solar PV cell models using novel metaheuristic chaotic tunicate swarm algorithm,10.1002/2050-7038.13244/v1/review4,,,,,unavailable,no pdf link on sci-hub.mx
10_1002_9781119769088_ch11,A hybrid metaheuristic algorithm for intelligent nurse scheduling,10.1002/9781119769088.ch11,existing,,,,cached,295758
10_1002_cpe_6524,Namib beetle optimization algorithm: a new meta‐heuristic method for feature selection and dimension reduction,10.1002/cpe.6524,sci-hub,https://sci-hub.box/storage/zero/8893/fd3821f9fe1caa5e65247ff5d6cf60c974ce6ca5a994ced26b451bf7cc2c9092/chahardoli2021.pdf,fd3821f9fe1caa5e6524,3362902,ok,
10_1002_cpe_7017,Application of a metaheuristic gradient‐based optimizer algorithm integrated into artificial neural network model in a local geoid modeling with global navigation …,10.1002/cpe.7017,sci-hub,https://sci-hub.box/storage/2024/9020/06a4e41b0cf2d306b69c509b4ac2c0ec1944109dc2218f7923d254e9b0d4228a/konakoglu2022.pdf,06a4e41b0cf2d306b69c,2177072,ok,
10_1002_cpe_7679,… amalgamation of stacked BiLSTM and CNN+ LSTM‐based classification networks with the assistance of Mayfly metaheuristic optimization algorithm in cyber‐attack,10.1002/cpe.7679,sci-hub,,,,mismatch,title mismatch on sci-hub.box
10_1002_cplx_21634,A new metaheuristic algorithm based on shark smell optimization,10.1002/cplx.21634,existing,,,,cached,897613
10_1002_dac_4746,Workflow scheduling in cloud environment using a novel metaheuristic optimization algorithm,10.1002/dac.4746,sci-hub,https://sci-hub.box/storage/dace/8511/4ab12671e7524a7d7c16ba2cbda6bb72/ramathilagam2021.pdf,3c5bfc8d7dc41b6771ab,5501422,ok,http 502
10_1002_int_22535,Artificial gorilla troops optimizer: a new nature‐inspired metaheuristic algorithm for global optimization problems,10.1002/int.22535,,,,,unavailable,no pdf link on sci-hub.mx
10_1002_jcc_23891,Gradient gravitational search: an efficient metaheuristic algorithm for global optimization,10.1002/jcc.23891,sci-hub,https://sci-hub.box/storage/dace/3731/06426b76e4efe7aa97080e92a0118a46/dash2015.pdf,5ff4db335eada66d74a8,613189,ok,http 502
10_1002_jnm_2952,Rescheduling‐based congestion management by metaheuristic algorithm: Hybridizing lion and moth search models,10.1002/jnm.2952,sci-hub,https://sci-hub.box/storage/zero/9077/4ea19224ff396ecf3734fc1072e53d7eb2e4cf8dbccd9871e64a022b267bf369/srivastava2021.pdf,4ea19224ff396ecf3734,2173033,ok,
10_1002_jnm_2993,Optimization of emission cost and economic analysis for microgrid by considering a metaheuristic algorithm‐assisted dispatch model,10.1002/jnm.2993,sci-hub,https://sci-hub.box/storage/2024/8919/677a83660217308003f8f5710510f7b3f2783f5278f94e99136fdc9a453a40a1/somakumar2022.pdf,677a83660217308003f8,11307112,ok,
10_1002_oca_2810,Chaotic state of matter search with elite opposition based learning: A new hybrid metaheuristic algorithm,10.1002/oca.2810,sci-hub,https://sci-hub.box/storage/2024/8945/fa379cc9f69ee7f01594d10e0c4b6e2ddcf972f8a7efd710509eb2b03140c8a3/khanduja2021.pdf,fa379cc9f69ee7f01594,1521819,ok,
10_1002_qute_202200028,Optimized Design of the Lithium Niobate for Spectrally‐Pure‐State Generation at MIR Wavelengths Using Metaheuristic Algorithm,10.1002/qute.202200028,sci-hub,https://sci-hub.box/storage/2024/8988/d8a0bd1726c3358983bc490e590d2fe341ad282af8b8dc427159cc3cbfcc22ad/cai2022.pdf,d8a0bd1726c3358983bc,2351562,ok,
10_1002_spy2_462,Substitution Box Construction Using Transfer‐Function Assisted Metaheuristic and Booster Algorithm: A Hybrid Approach,10.1002/spy2.462,,,,,unavailable,no pdf link on sci-hub.mx
10_1007_978_3_030_59392_6_23,Thermal exchange metaheuristic optimization algorithm,10.1007/978-3-030-59392-6_23,,,,,unavailable,no pdf link on sci-hub.mx
10_1007_978_3_030_70917_4_17,Hybridized metaheuristic search algorithm with modified initialization scheme for global optimization,10.1007/978-3-030-70917-4_17,,,,,unavailable,no pdf link on sci-hub.mx
10_1007_978_3_030_87013_3_8,A Hybrid Metaheuristic Algorithm for Features Dimensionality Reduction in Network Intrusion Detection System,10.1007/978-3-030-87013-3_8,,,,,unavailable,no pdf link on sci-hub.mx
10_1007_978_3_030_99079_4_8,Big data analysis using hybrid meta-heuristic optimization algorithm and MapReduce framework,10.1007/978-3-030-99079-4_8,,,,,unavailable,no pdf link on sci-hub.mx
10_1007_978_3_031_09835_2_11,Automatic data clustering using farmland fertility metaheuristic algorithm,10.1007/978-3-031-09835-2_11,sci-hub,https://sci-hub.box/storage/2024/3151050/3cc51cf08d1818dba987234b7a632a1b6e46f274b010821be427ac177684efc8/Automatic-Data-Clustering-Using-Farmland-Fertility-Metaheuristic-Algorithm.pdf#view=FitH&navpanes=0,3cc51cf08d1818dba987,483605,ok,
10_1007_978_3_031_18344_7_2,Hybrid meta-heuristic genetic algorithm: Differential evolution algorithms for scientific workflow scheduling in heterogeneous cloud environment,10.1007/978-3-031-18344-7_2,,,,,unavailable,no pdf link on sci-hub.mx
10_1007_978_3_031_69197_3_16,A two layer hybrid approach for parkinson's disease detection optimized via modified metaheuristic algorithm,10.1007/978-3-031-69197-3_16,,,,,unavailable,no pdf link on sci-hub.st
10_1007_978_3_319_72550_5_1,A percentile transition ranking algorithm applied to binarization of continuous swarm intelligence metaheuristics,10.1007/978-3-319-72550-5_1,sci-hub,https://sci-hub.box/storage/twin/7142/2fdbc156f75e32c4f8f19d19749178c4/10.1007@978-3-319-72550-51.pdf,427a2ba660c1167811bd,680413,ok,pdf 502 not-pdf
10_1007_978_981_10_1627_1_40,A cad system for the detection of abnormalities in the mammograms using the metaheuristic algorithm particle swarm optimization (pso),10.1007/978-981-10-1627-1_40,existing,,,,cached,474818
10_1007_978_981_10_1837_4_34,A warfare inspired optimization algorithm: the find-fix-finish-exploit-analyze (F3EA) metaheuristic algorithm,10.1007/978-981-10-1837-4_34,sci-hub,https://sci-hub.box/storage/twin/5881/eac0dcc0fdcd21b83ebbaa9121409456/kashan2016.pdf,e510fcb6fd0e413f3f81,663971,ok,pdf 502 not-pdf
10_1007_978_981_13_8196_6_2,Jaya: a new meta-heuristic algorithm for the optimization of braced dome structures,10.1007/978-981-13-8196-6_2,sci-hub,https://sci-hub.box/storage/2024/7480/03b9f892a966147b38be613bfa370ce2/dede2019.pdf,52e02366795f1f018d20,410852,ok,
10_1007_978_981_15_6353_9_8,Effectiveness of swarm-based metaheuristic algorithm in data classification using pi-sigma higher order neural network,10.1007/978-981-15-6353-9_8,,,,,unavailable,no pdf link on sci-hub.st
10_1007_s00170_014_6390_6,Efficient metaheuristic algorithm and re-formulations for the unrelated parallel machine scheduling problem with sequence and machine-dependent setup times,10.1007/s00170-014-6390-6,sci-hub,https://sci-hub.box/storage/moscow/3504/10395654621402c072aaa6422b73fa88/avalos-rosales2014.pdf,0ec3b92f3b109573d55b,1433183,ok,http 502
10_1007_s00170_015_7052_z,A Metaheuristic algorithm for the manufacturing cell formation problem based on grouping efficacy,10.1007/s00170-015-7052-z,existing,,,,cached,986478
10_1007_s00202_017_0518_2,Solution of multi-objective optimal power flow using efficient meta-heuristic algorithm,10.1007/s00202-017-0518-2,sci-hub,https://sci-hub.box/storage/twin/6285/ee5a4481ffd28c48801ab5abc9122446/reddy2017.pdf,b19b3403013f02caa5d1,628657,ok,http 502
10_1007_s00202_023_01778_7,Demand-side management in microgrid using novel hybrid metaheuristic algorithm,10.1007/s00202-023-01778-7,sci-hub,https://sci-hub.box/storage/2024/1919442/01d99a61e8fc46358f37289c6cc04cbbb9585a563557a850f7f977a94586f176/Demand-side-management-in-microgrid-using-novel-hybrid-metaheuristic-algorithm.pdf#view=FitH&navpanes=0,01d99a61e8fc46358f37,2462772,ok,
10_1007_s00202_023_02198_3,Optimal planning of power distribution system employing electric vehicle charging stations and distributed generators using metaheuristic algorithm,10.1007/s00202-023-02198-3,,,,,unavailable,no pdf link on sci-hub.mx
10_1007_s00289_019_02700_7,Bees metaheuristic algorithm with the aid of artificial neural networks for optimization of acid red 27 dye adsorption onto novel polypyrrole/SrFe12O19/graphene …,10.1007/s00289-019-02700-7,sci-hub,https://sci-hub.box/storage/zero/7371/9fa7685c28b94e8c1ccd5b008ae03a2b/ebrahimpoor2019.pdf,da34412e8aeba802c618,1806763,ok,
10_1007_s00366_017_0535_9,Optimization of flyrock and rock fragmentation in the Tajareh limestone mine using metaheuristics method of firefly algorithm,10.1007/s00366-017-0535-9,sci-hub,https://sci-hub.box/storage/dace/6438/b89e267c47b5a25580d97f88fd01210b/asl2017.pdf,ef6c8117dd92dfdbb848,2249721,ok,http 502
10_1007_s00366_019_00875_1,Applying a meta-heuristic algorithm to predict and optimize compressive strength of concrete samples,10.1007/s00366-019-00875-1,sci-hub,https://sci-hub.box/storage/zero/7708/ac59bd5f32b7b5544d4c933a37ec2724/sun2019.pdf,88fe019b362d3e762bf7,2671308,ok,
10_1007_s00366_020_00951_x,A smart metaheuristic algorithm for solving engineering problems,10.1007/s00366-020-00951-x,existing,,,,cached,4831613
10_1007_s00366_020_01025_8,Hybrid metaheuristic algorithm using butterfly and flower pollination base on mutualism mechanism for global optimization problems,10.1007/s00366-020-01025-8,sci-hub,https://sci-hub.box/storage/dace/8130/70150fe81e20544d298b9ad3e2dc9f32/wang2020.pdf,9855a975c11cdf0d262e,5225868,ok,http 502
10_1007_s00366_021_01294_x,Optimization of weight and cost of cantilever retaining wall by a hybrid metaheuristic algorithm,10.1007/s00366-021-01294-x,sci-hub,https://sci-hub.mx/storage/dace/8542/cced101c200fe871e5700be53bd8d571/sharma2021.pdf,def453fec28621527020,2580587,ok,http 502
10_1007_s00366_021_01307_9,Finite element model updating of a multispan bridge with a hybrid metaheuristic search algorithm using experimental data from wireless triaxial sensors,10.1007/s00366-021-01307-9,sci-hub,https://sci-hub.box/storage/2024/8543/ab43e149f2cff55286467afe215478ed/tran-ngoc2021.pdf,499ca4dc3aa1e3af7915,3638469,ok,
10_1007_s00366_021_01363_1,Assessment of composite beam performance using GWO–ELM metaheuristic algorithm,10.1007/s00366-021-01363-1,sci-hub,https://sci-hub.box/storage/dace/8566/626465edbc0dccdfec7173f8b2b83e95/ma2021.pdf,cea72974f4b209059b15,3399024,ok,http 502
10_1007_s00366_021_01420_9,"An intelligent fuzzy-based hybrid metaheuristic algorithm for analysis the strength, energy and cost optimization of building material in construction management",10.1007/s00366-021-01420-9,sci-hub,https://sci-hub.box/storage/2024/8664/84c267a212e3996384ae4473c55b3228/ronghui2021.pdf,bbb7879c669a66ccb857,3338134,ok,
10_1007_s00366_021_01438_z,Wild horse optimizer: A new meta-heuristic algorithm for solving engineering optimization problems,10.1007/s00366-021-01438-z,sci-hub,https://sci-hub.box/storage/zero/8845/740d2a00ec4a6dfe0ef7f511ea499a967be37707b4041182a30f7149509bd086/naruei2021.pdf,740d2a00ec4a6dfe0ef7,3034719,ok,
10_1007_s00500_017_2845_7,A new metaheuristic algorithm: car tracking optimization algorithm,10.1007/s00500-017-2845-7,existing,,,,cached,2276043
10_1007_s00500_018_3188_8,A new optimization meta-heuristic algorithm based on self-defense mechanism of the plants with three reproduction operators,10.1007/s00500-018-3188-8,existing,,,,cached,1840607
10_1007_s00500_019_04410_8,Electron radar search algorithm: a novel developed meta-heuristic algorithm,10.1007/s00500-019-04410-8,sci-hub,https://sci-hub.box/storage/zero/7629/54a9257ed041be663c086c6b611f9a19/rahmanzadeh2019.pdf,1fa1eac65063b659fab5,4036754,ok,
10_1007_s00500_019_04646_4,Color harmony algorithm: an art-inspired metaheuristic for mathematical function optimization,10.1007/s00500-019-04646-4,sci-hub,https://sci-hub.box/storage/dace/7908/988ce29a4a036495d867436b4d4d4664/zaeimi2020.pdf,f79fa0e7cb31a97225fc,11455146,ok,http 502
10_1007_s00500_020_04721_1,A novel nature-inspired meta-heuristic algorithm for optimization: bear smell search algorithm,10.1007/s00500-020-04721-1,existing,,,,cached,2103528
10_1007_s00500_020_04812_z,Red deer algorithm (RDA): a new nature-inspired meta-heuristic,10.1007/s00500-020-04812-z,sci-hub,https://sci-hub.box/storage/2024/8066/d35c513fbea38f6c1d6760b846aa6639/fathollahi-fard2020.pdf,545cc2bbff42503b0d26,1878301,ok,
10_1007_s00500_020_05046_9,MoSSE: a novel hybrid multi-objective meta-heuristic algorithm for engineering design problems,10.1007/s00500-020-05046-9,sci-hub,https://sci-hub.box/storage/2024/8175/b5f6b269b9fdf316b138f756f444fe6e/dhiman2020.pdf,a06492410a265ec37420,1510863,ok,
10_1007_s00500_021_05606_7,Artificial lizard search optimization (ALSO): a novel nature-inspired meta-heuristic algorithm,10.1007/s00500-021-05606-7,sci-hub,https://sci-hub.box/storage/dace/8563/906fa6d7fbe734386601485df62acd8c/kumar2021.pdf,4bd61591de176957ffc6,1938484,ok,http 502
10_1007_s00500_021_05874_3,Chaotic gaining sharing knowledge-based optimization algorithm: an improved metaheuristic algorithm for feature selection,10.1007/s00500-021-05874-3,sci-hub,https://sci-hub.box/storage/2024/8664/153f072b3d0fc1a96424493055963258/agrawal2021.pdf,91d97f9b0040b2a716c0,3372719,ok,
10_1007_s00500_021_06188_0,Enhancement in quality of routing service using metaheuristic PSO algorithm in VANET networks,10.1007/s00500-021-06188-0,sci-hub,https://sci-hub.box/storage/zero/8913/44270fdd6db54a609b171cb9d538a1ef43ab24e107bd20675ba86478b89008d2/javadpour2021.pdf,44270fdd6db54a609b17,3123904,ok,
10_1007_s00500_021_06404_x,PPO: a new nature-inspired metaheuristic algorithm based on predation for optimization,10.1007/s00500-021-06404-x,sci-hub,https://sci-hub.box/storage/zero/8963/f1b562fdda46930ba2ebaf4d8b5fce2175acb1c2ddd3348b9a6de6120cf9584a/mohammadhasanizade2021.pdf,f1b562fdda46930ba2eb,23429454,ok,
10_1007_s00500_021_06522_6,Search in forest optimizer: a bioinspired metaheuristic algorithm for global optimization problems,10.1007/s00500-021-06522-6,sci-hub,https://sci-hub.box/storage/zero/8974/64eb0532218d55b6b92025e2db4185bcffe3af4ac6954cbec05a89c15161c9eb/ahwazian2022.pdf,64eb0532218d55b6b920,2908561,ok,
10_1007_s00500_022_07079_8,Fusion of modern meta-heuristic optimization methods using arithmetic optimization algorithm for global optimization tasks,10.1007/s00500-022-07079-8,sci-hub,https://sci-hub.box/storage/2024/9002/bba624981f5eac8b640ce70e3c432c061979d51c574e699736c9b0f2dfcbabc1/mahajan2022.pdf,bba624981f5eac8b640c,1631227,ok,
10_1007_s00500_022_07115_7,ST-AL: a hybridized search based metaheuristic computational algorithm towards optimization of high dimensional industrial datasets,10.1007/s00500-022-07115-7,sci-hub,https://sci-hub.box/storage/2024/8932/a8ab04d9c2387f5a477ecd183b31c02fc32d25d6dfd007ee7be4640aede4c181/mostafa2022.pdf,a8ab04d9c2387f5a477e,4377908,ok,
10_1007_s00500_022_07285_4,A binary ancient-inspired Giza Pyramids Construction metaheuristic algorithm for solving 0-1 knapsack problem,10.1007/s00500-022-07285-4,existing,,,,cached,2257995
10_1007_s00500_022_07518_6,Boxing match algorithm: A new meta-heuristic algorithm,10.1007/s00500-022-07518-6,sci-hub,https://sci-hub.box/storage/2024/8975/bc4dc8ed55ae8531426a5889fb7dd6b90e5aee388d0497ea04115b4138d62c66/tanhaeean2022.pdf,bc4dc8ed55ae8531426a,3367948,ok,
10_1007_s00500_023_08845_y,Lung cancer detection and classification using deep neural network based on hybrid metaheuristic algorithm,10.1007/s00500-023-08845-y,sci-hub,https://sci-hub.box/storage/2024/4766964/b94e48a038239dd6fbfd87715bd68c03392829b6b522944bc4a0dcaf6281663b/Lung-cancer-detection-and-classification-using-deep-neural-network-based-on-hybrid-metaheuristic.pdf#view=FitH&navpanes=0,b94e48a038239dd6fbfd,4809049,ok,
10_1007_s00500_023_08925_z,Numeric crunch algorithm: a new metaheuristic algorithm for solving global and engineering optimization problems,10.1007/s00500-023-08925-z,sci-hub,https://sci-hub.box/storage/2024/4199839/325933fe6066e5c4bc3eb6ae5d8caf43e2041d646c865fbec85c975c33a36888/Numeric-Crunch-Algorithm-a-new-metaheuristic-algorithm-for-solving-global-and-engineering.pdf#view=FitH&navpanes=0,325933fe6066e5c4bc3e,3695763,ok,
10_1007_s00500_023_09151_3,The Golf Sport Inspired Search metaheuristic algorithm and the game theoretic analysis of its operators' effectiveness,10.1007/s00500-023-09151-3,sci-hub,https://sci-hub.box/storage/2024/3990571/eda9e221651201132d515837934c4517ecaee39ed7c4a166ef9357923c0b3313/The-Golf-Sport-Inspired-Search-metaheuristic-algorithm-and-the-game-theoretic-analysis-of.pdf#view=FitH&navpanes=0,eda9e221651201132d51,4559847,ok,
10_1007_s00500_023_09503_z,Adaptive recursive system identification using optimally tuned Kalman filter by the metaheuristic algorithm,10.1007/s00500-023-09503-z,,,,,unavailable,no pdf link on sci-hub.mx
10_1007_s00500_023_09505_x,Dynamic-fitness-distance-balance stochastic fractal search (dFDB-SFS algorithm): an effective metaheuristic for global optimization and accurate photovoltaic …,10.1007/s00500-023-09505-x,sci-hub,https://sci-hub.box/storage/2024/4749046/1609b3cd847b8b13af2d8d1e00560316e2be1c66399f7052e3ea0a0035c0f741/Dynamic-fitness-distance-balance-stochastic-fractal-search-dFDB-SFS-algorithm-an-effective.pdf#view=FitH&navpanes=0,1609b3cd847b8b13af2d,3224130,ok,
10_1007_s00521_014_1804_9,A hybrid meta-heuristic algorithm for VM scheduling with load balancing in cloud computing,10.1007/s00521-014-1804-9,existing,,,,cached,564164
10_1007_s00521_015_1920_1,"Dragonfly algorithm: a new meta-heuristic optimization technique for solving single-objective, discrete, and multi-objective problems",10.1007/s00521-015-1920-1,sci-hub,https://sci-hub.box/storage/zero/7459/9105e17ef398ef1b1a79b1ee701065ce/mirjalili2015.pdf,20829e7666e19c20f621,3926224,ok,
10_1007_s00521_018_3440_2,A novel hybrid metaheuristic algorithm for model order reduction in the delta domain: a unified approach,10.1007/s00521-018-3440-2,existing,,,,cached,734606
10_1007_s00521_018_3808_3,MOGSABAT: a metaheuristic hybrid algorithm for solving multi-objective optimisation problems,10.1007/s00521-018-3808-3,sci-hub,https://sci-hub.box/storage/2024/7169/387a76114f390cd36ccaf3ecdddaa3ff/tariq2018.pdf,f931fa5e9b03bfcff36b,9076225,ok,
10_1007_s00521_019_04452_x,Artificial ecosystem-based optimization: a novel nature-inspired meta-heuristic algorithm,10.1007/s00521-019-04452-x,sci-hub,https://sci-hub.box/storage/2024/7591/8280185d7f6f833199cfd410366ffd30/zhao2019.pdf,61efdd44147d0ad04b54,5806955,ok,
10_1007_s00521_020_04955_y,Autonomic cloud resource provisioning and scheduling using meta-heuristic algorithm,10.1007/s00521-020-04955-y,sci-hub,https://sci-hub.box/storage/2024/8119/92c6734b25168cda7da377116844c4ee/kumar2020.pdf,b1d317153827787815b7,2279302,ok,
10_1007_s00521_020_05107_y,"RETRACTED ARTICLE: Group search optimizer: a nature-inspired meta-heuristic optimization algorithm with its results, variants, and applications",10.1007/s00521-020-05107-y,sci-hub,https://sci-hub.box/storage/2024/8224/4638ec0690d1ba25bb02b91535a03575/abualigah2020.pdf,6155a721b40787354f85,1295076,ok,
10_1007_s00521_020_05145_6,A novel meta-heuristic search algorithm for solving optimization problems: capuchin search algorithm,10.1007/s00521-020-05145-6,existing,,,,cached,3385998
10_1007_s00521_021_06289_9,A hybrid meta-heuristic task scheduling algorithm based on genetic and thermodynamic simulated annealing algorithms in cloud computing environments,10.1007/s00521-021-06289-9,existing,,,,cached,6038087
10_1007_s00521_021_06392_x,A novel meta-heuristic algorithm for solving numerical optimization problems: Ali Baba and the forty thieves,10.1007/s00521-021-06392-x,existing,,,,cached,2682191
10_1007_s00521_022_07854_6,Gazelle optimization algorithm: a novel nature-inspired metaheuristic optimizer,10.1007/s00521-022-07854-6,sci-hub,https://sci-hub.box/storage/2024/4288910/588bba068f3547f19b54dfe0129a725c45a89a25a9bb4adf9d90217f0a212c07/Gazelle-optimization-algorithm-a-novel-nature-inspired-metaheuristic-optimizer.pdf#view=FitH&navpanes=0,588bba068f3547f19b54,6615327,ok,
10_1007_s00521_022_07896_w,A novel whale optimization algorithm optimized XGBoost regression for estimating bearing capacity of concrete piles,10.1007/s00521-022-07896-w,existing,,,,cached,2542583
10_1007_s00521_023_08229_1,A novel metaheuristic algorithm inspired by COVID-19 for real-parameter optimization,10.1007/s00521-023-08229-1,existing,,,,cached,4278587
10_1007_s00521_023_08465_5,Group learning algorithm: a new metaheuristic algorithm,10.1007/s00521-023-08465-5,sci-hub,https://sci-hub.box/storage/2024/1395181/d648b4cba6e07376fd6d7634587b61f98047c2fd9fd479390fa1fe60a5303817/Group-learning-algorithm-a-new-metaheuristic-algorithm.pdf#view=FitH&navpanes=0,d648b4cba6e07376fd6d,1512707,ok,
10_1007_s00521_024_09722_x,A metaheuristic-based algorithm for optimizing node deployment in wireless sensor network,10.1007/s00521-024-09722-x,,,,,unavailable,http 200 not-pdf
10_1007_s00521_024_10346_4,Polar fox optimization algorithm: a novel meta-heuristic algorithm,10.1007/s00521-024-10346-4,,,,,unavailable,no pdf link on sci-hub.mx
10_1007_s00521_024_10372_2,A metaheuristic algorithm based on a radial basis function neural networks,10.1007/s00521-024-10372-2,,,,,unavailable,no pdf link on sci-hub.mx
10_1007_s00521_024_10384_y,Groupers and moray eels (GME) optimization: a nature-inspired metaheuristic algorithm for solving complex engineering problems,10.1007/s00521-024-10384-y,sci-hub,https://link.springer.com/content/pdf/10.1007/s00521-024-10384-y.pdf,0da2ca992a0a4d3f795d,8733625,ok,
10_1007_s00521_024_10694_1,Starfish optimization algorithm (SFOA): a bio-inspired metaheuristic algorithm for global optimization compared with 100 optimizers,10.1007/s00521-024-10694-1,sci-hub,https://sci-hub.box/storage/2024/3338597/eae95db4c2e53366a816a9049664406ae64351a7ee327a367ed1633ccbda6839/Starfish-optimization-algorithm-SFOA-a-bio-inspired-metaheuristic-algorithm-for-global-optimization.pdf#view=FitH&navpanes=0,eae95db4c2e53366a816,7053896,ok,
10_1007_s00521_024_10793_z,A mathematical multi-objective optimization model and metaheuristic algorithm for effective advertising in the social internet of things,10.1007/s00521-024-10793-z,existing,,,,cached,1909383
10_1007_s00521_024_10848_1,Supercell thunderstorm algorithm (STA): a nature-inspired metaheuristic algorithm for engineering optimization,10.1007/s00521-024-10848-1,sci-hub,https://link.springer.com/content/pdf/10.1007/s00521-024-10848-1.pdf,99d10a2bd3145be62db3,4683673,ok,
10_1007_s00521_024_10961_1,AI-enabled frequency synchronization control considering FDI attack using metaheuristic algorithm,10.1007/s00521-024-10961-1,,,,,unavailable,no pdf link on sci-hub.mx
10_1007_s00603_024_04198_6,Exploring Fault Plane geometry through metaheuristic Bat Algorithm (MBA) analysis of potential field data: Environmental and engineering applications,10.1007/s00603-024-04198-6,sci-hub,https://link.springer.com/content/pdf/10.1007/s00603-024-04198-6.pdf,9ecd4761ee565c42db54,9810406,ok,
10_1007_s00779_018_1132_7,An improved nature inspired meta-heuristic algorithm for 1-D bin packing problems,10.1007/s00779-018-1132-7,sci-hub,https://sci-hub.box/storage/2024/6729/698a91666e3e7fa9fdca2b2e0d01733a/abdel-basset2018.pdf,e621ae9775766a8d339f,3948408,ok,
10_1007_s10098_018_1562_y,Distributed polygeneration using local resources for an Indian village: multiobjective optimization using metaheuristic algorithm,10.1007/s10098-018-1562-y,sci-hub,https://sci-hub.box/storage/twin/6910/442cd53cf1d37fd5b981b8ae0ea0c329/ray2018.pdf,1eb5442056460e7af0aa,1351121,ok,http 502
10_1007_s10100_019_00625_0,A metaheuristic algorithm and structured analysis for the line-haul feeder vehicle routing problem with time windows,10.1007/s10100-019-00625-0,existing,,,,cached,618882
10_1007_s10115_024_02224_1,An energy-aware migration framework using metaheuristic algorithm in cloud computing,10.1007/s10115-024-02224-1,sci-hub,https://sci-hub.box/storage/2024/6850312/b38ade66bf033a9634762ded265d4aaf1cccb5d0c0db1bae9ce73e6173eee04b/An-energy-aware-migration-framework-using-metaheuristic-algorithm-in-cloud-computing.pdf#view=FitH&navpanes=0,b38ade66bf033a963476,2703858,ok,
10_1007_s10462_019_09732_5,Novel meta-heuristic bald eagle search optimisation algorithm,10.1007/s10462-019-09732-5,sci-hub,https://sci-hub.box/storage/2024/7477/46ccf8efc70734963b5e9bd093b7afe9/alsattar2019.pdf,6dc8272b73cc6e2b9b8e,1836902,ok,
10_1007_s10462_020_09867_w,Chaos game optimization: a novel metaheuristic algorithm,10.1007/s10462-020-09867-w,sci-hub,https://sci-hub.box/storage/dace/8200/a2a80490227e642e8e82c08ec081e1ec/talatahari2020.pdf,c11c99a46ad4c64f7b3e,2267750,ok,http 502
10_1007_s10462_021_09962_6,Design and applications of an advanced hybrid meta-heuristic algorithm for optimization problems,10.1007/s10462-021-09962-6,sci-hub,https://sci-hub.box/storage/dace/8545/0cac6ed190d722c0da11430115adc0d0/parouha2021.pdf,db24db270201e5660464,5656271,ok,http 502
10_1007_s10462_022_10173_w,Fire Hawk Optimizer: A novel metaheuristic algorithm,10.1007/s10462-022-10173-w,oa,https://link.springer.com/content/pdf/10.1007/s10462-022-10173-w.pdf,5374e616335e9a80c292,6237061,ok,
10_1007_s10462_023_10446_y,Spider wasp optimizer: A novel meta-heuristic optimization algorithm,10.1007/s10462-023-10446-y,,,,,unavailable,http 200 not-pdf
10_1007_s10462_023_10680_4,Elk herd optimizer: a novel nature-inspired metaheuristic algorithm,10.1007/s10462-023-10680-4,oa,https://link.springer.com/content/pdf/10.1007/s10462-023-10680-4.pdf,5375890df660195cb5cb,3573284,ok,
10_1007_s10462_024_10716_3,Red-billed blue magpie optimizer: a novel metaheuristic algorithm for 2D/3D UAV path planning and engineering design problems,10.1007/s10462-024-10716-3,,,,,unavailable,http 200 not-pdf
10_1007_s10462_024_10723_4,Black-winged kite algorithm: a nature-inspired meta-heuristic for solving benchmark functions and engineering problems,10.1007/s10462-024-10723-4,oa,https://link.springer.com/content/pdf/10.1007/s10462-024-10723-4.pdf,fe39fed7ea6c62cf9b2e,4043435,ok,
10_1007_s10462_024_10729_y,Secretary bird optimization algorithm: a new metaheuristic for solving global optimization problems,10.1007/s10462-024-10729-y,oa,https://link.springer.com/content/pdf/10.1007/s10462-024-10729-y.pdf,f826f55527ecc6736f21,15771693,ok,
10_1007_s10479_024_06164_5,Optimizing last-mile delivery services: a robust truck-drone cooperation model and hybrid metaheuristic algorithm,10.1007/s10479-024-06164-5,,,,,unavailable,no pdf link on sci-hub.mx
10_1007_s10489_017_0903_6,Human mental search: a new population-based metaheuristic optimization algorithm,10.1007/s10489-017-0903-6,sci-hub,https://sci-hub.box/storage/twin/6339/c911d06c949a3eccde253c14c3e6f8e8/mousavirad2017.pdf,b2ec8c2956772407642f,8259942,ok,http 502
10_1007_s10489_018_1261_8,Chaotic dragonfly algorithm: an improved metaheuristic algorithm for feature selection,10.1007/s10489-018-1261-8,sci-hub,https://sci-hub.box/storage/2024/8323/cd09668846630adf23d9809511a7ccec/sayed2018.pdf,9260a5f0b49f26b8b304,5027725,ok,
10_1007_s10489_019_01475_8,Robust multi-objective multi-humanoid robots task allocation based on novel hybrid metaheuristic algorithm,10.1007/s10489-019-01475-8,sci-hub,https://sci-hub.box/storage/zero/7499/86fdbbe88153f1acf015e87600b86e36/saeedvand2019.pdf,bd6adff53639076867b5,5440474,ok,
10_1007_s10489_020_01727_y,Transient search optimization: a new meta-heuristic optimization algorithm,10.1007/s10489-020-01727-y,sci-hub,https://sci-hub.box/storage/dace/8217/46c53e33fa1b1d42c6f8b30f93cc7456/qais2020.pdf,7f778494954e291da304,2572264,ok,http 502
10_1007_s10489_020_01893_z,Archimedes optimization algorithm: a new metaheuristic algorithm for solving optimization problems,10.1007/s10489-020-01893-z,sci-hub,https://sci-hub.box/storage/dace/8355/61c51c0761690a5c8cd480c23648b3be/hashim2020.pdf,6d7593ea1c1ab48fb1d0,2451999,ok,http 502
10_1007_s10489_021_02831_3,A beta salp swarm algorithm meta-heuristic for inverse kinematics and optimization,10.1007/s10489-021-02831-3,existing,,,,cached,7324093
10_1007_s10489_022_03397_4,The water optimization algorithm: a novel metaheuristic for solving optimization problems,10.1007/s10489-022-03397-4,,,,,unavailable,http 200 not-pdf
10_1007_s10489_022_03586_1,A brick-up model for recombining metaheuristic optimisation algorithm using analytic hierarchy process,10.1007/s10489-022-03586-1,existing,,,,cached,2418407
10_1007_s10586_014_0420_x,FUGE: A joint meta-heuristic approach to cloud job scheduling algorithm using fuzzy theory and a genetic method,10.1007/s10586-014-0420-x,sci-hub,https://sci-hub.box/storage/moscow/3617/01ae6936610f831e0ec0a19269d3b4db/shojafar2015.pdf,58cb081fe48ae6d8a047,1693034,ok,http 502
10_1007_s10586_018_2242_8,Hybrid metaheuristic algorithm for improving the efficiency of data clustering,10.1007/s10586-018-2242-8,sci-hub,https://sci-hub.box/storage/2024/6682/cb95cf3b63e980583541ff23307b7a0a/mageshkumar2018.pdf,c130b46c2331b228a259,851070,ok,
10_1007_s10586_020_03205_z,A hybrid multi-objective metaheuristic optimization algorithm for scientific workflow scheduling,10.1007/s10586-020-03205-z,existing,,,,cached,2823954
10_1007_s10586_023_04221_5,Puma optimizer (PO): a novel metaheuristic optimization algorithm and its application in machine learning,10.1007/s10586-023-04221-5,,,,,unavailable,http 200 not-pdf
10_1007_s10586_024_04328_3,Hyperbolic Sine Optimizer: a new metaheuristic algorithm for high performance computing to address computationally intensive tasks,10.1007/s10586-024-04328-3,,,,,unavailable,no pdf link on sci-hub.mx
10_1007_s10586_024_04486_4,A new binary chaos-based metaheuristic algorithm for software defect prediction,10.1007/s10586-024-04486-4,existing,,,,cached,1681846
10_1007_s10586_024_04654_6,Leveraging large language model to generate a novel metaheuristic algorithm with CRISPE framework,10.1007/s10586-024-04654-6,,,,,unavailable,no pdf link on sci-hub.st
10_1007_s10586_024_04901_w,Superb Fairy-wren Optimization Algorithm: a novel metaheuristic algorithm for solving feature selection problems,10.1007/s10586-024-04901-w,sci-hub,https://sci-hub.box/storage/2024/7052102/d5b23850bfa680ee212b0f9fc08bc6e6519c1da067b2db62d1862b8f8b49fff2/Superb-Fairy-wren-Optimization-Algorithm-a-novel-metaheuristic-algorithm-for-solving-feature.pdf#view=FitH&navpanes=0,d5b23850bfa680ee212b,8841070,ok,
10_1007_s10586_024_04954_x,Divine Religions Algorithm: a novel social-inspired metaheuristic algorithm for engineering and continuous optimization problems,10.1007/s10586-024-04954-x,sci-hub,https://link.springer.com/content/pdf/10.1007/s10586-024-04954-x.pdf,b7d4d9532d0b3d953768,5326906,ok,
10_1007_s10661_020_08787_0,Groundwater vulnerability mapping using the modified DRASTIC model: the metaheuristic algorithm approach,10.1007/s10661-020-08787-0,sci-hub,https://sci-hub.box/storage/dace/8549/b7cd331195422b77661ef2ed057bc5b5/l2021.pdf,830a53d05170d2819d92,5620708,ok,http 502
10_1007_s10825_022_01987_6,Parameter extraction of three-diode solar photovoltaic model using a new metaheuristic resistance–capacitance optimization algorithm and improved Newton …,10.1007/s10825-022-01987-6,sci-hub,https://sci-hub.box/storage/2024/9193753/3fbb00201d64d27bd998cc360fa30c0235212ae06212afaef88effcc161b3d1d/Parameter-extraction-of-three-diode-solar-photovoltaic-model-using-a-new-metaheuristic-resistance.pdf#view=FitH&navpanes=0,3fbb00201d64d27bd998,6371637,ok,
10_1007_s10836_023_06070_x,A novel metaheuristic based method for software mutation test using the discretized and modified forrest optimization algorithm,10.1007/s10836-023-06070-x,existing,,,,cached,2859371
10_1007_s10845_018_1425_8,An effective metaheuristic algorithm for flowshop scheduling with deteriorating jobs,10.1007/s10845-018-1425-8,existing,,,,cached,1781078
10_1007_s10845_024_02327_0,Simulation-based metaheuristic optimization algorithm for material handling,10.1007/s10845-024-02327-0,sci-hub,https://sci-hub.box/storage/2024/2522746/d19352b5af80f66f742fd6ca0ce86b5a1feb906745848c68090fcd92963ae79c/Simulation-based-metaheuristic-optimization-algorithm-for-material-handling.pdf#view=FitH&navpanes=0,d19352b5af80f66f742f,2577961,ok,
10_1007_s10846_022_01654_9,Experimentation and Simulation with Autonomous Coverage Path Planning for UAVs,10.1007/s10846-022-01654-9,sci-hub,https://sci-hub.box/storage/zero/8930/8ef63f1ee52e6b7e9de1cc126c7e0af6d9c93f192786834ed585456eb717409a/biundini2022.pdf,8ef63f1ee52e6b7e9de1,5249681,ok,
10_1007_s10878_013_9644_6,An efficient meta-heuristic algorithm for grid computing,10.1007/s10878-013-9644-6,sci-hub,https://sci-hub.box/storage/2024/2172/883106d01ef7cc515a446467497220ff/pooranian2013.pdf,e912efe10fa03d707f47,1397170,ok,
10_1007_s11042_018_5637_x,Meta-heuristic moth swarm algorithm for multilevel thresholding image segmentation,10.1007/s11042-018-5637-x,sci-hub,https://sci-hub.box/storage/2024/6657/11638294180d1ee5dc00c4ad445f07d0/zhou2018.pdf,b9a1193a55a691b697a1,4804191,ok,
10_1007_s11042_021_11841_9,A new approach to energy-aware routing in the Internet of Things using improved Grasshopper Metaheuristic Algorithm with Chaos theory and Fuzzy Logic,10.1007/s11042-021-11841-9,existing,,,,cached,3410653
10_1007_s11042_022_12398_x,IPM-Model: AI and metaheuristic-enabled face recognition using image partial matching for multimedia forensics investigation with genetic algorithm,10.1007/s11042-022-12398-x,sci-hub,https://sci-hub.box/storage/2024/8980/d30afb4d609a8e12d302750abb40712606efe1f0948b7efd1208d1cbba339f11/khan2022.pdf,d30afb4d609a8e12d302,3523892,ok,
10_1007_s11042_022_13937_2,Ensemble hybrid model for Hindi COVID-19 text classification with metaheuristic optimization algorithm,10.1007/s11042-022-13937-2,sci-hub,https://sci-hub.box/storage/2024/8987/bdc3ffc4704b2953aca854dc20a9c0b18c9ce0bdd0332d935b743b262a3cbc1c/jain2022.pdf,bdc3ffc4704b2953aca8,3625398,ok,
10_1007_s11042_023_14429_7,Metaheuristic algorithm based hyper-parameters optimization for skin lesion classification,10.1007/s11042-023-14429-7,sci-hub,https://sci-hub.box/storage/2024/7511029/4398fc8bec40af4e0f077ec094ce1f2892dd9ed053cd2237dba7e11e9c3e4c78/Metaheuristic-algorithm-based-hyper-parameters-optimization-for-skin-lesion-classification.pdf#view=FitH&navpanes=0,4398fc8bec40af4e0f07,907661,ok,
10_1007_s11042_024_19437_9,An effective hybrid metaheuristic algorithm for solving global optimization algorithms,10.1007/s11042-024-19437-9,existing,,,,cached,3125618
10_1007_s11053_021_09844_2,Smart proxy modeling of a fractured reservoir model for production optimization: implementation of metaheuristic algorithm and probabilistic application,10.1007/s11053-021-09844-2,sci-hub,https://sci-hub.mx/storage/dace/8524/bbe0745f90427ba54605724d6137c379/ng2021.pdf,b9a7fc91c3d4c6be4845,4357633,ok,http 502
10_1007_s11063_022_10832_7,Color image enhancement: a metaheuristic chimp optimization algorithm,10.1007/s11063-022-10832-7,sci-hub,https://sci-hub.box/storage/2024/9023/4962f05ddecada8c83156fa17b1a7502035e1aa88c9b6c741393b4849451257e/du2022.pdf,4962f05ddecada8c8315,9904739,ok,
10_1007_s11227_022_04959_6,Dung beetle optimizer: A new meta-heuristic algorithm for global optimization,10.1007/s11227-022-04959-6,sci-hub,https://sci-hub.box/storage/2024/3071760/28743275dee8fe4d4daa5706e0da1619cf5691a7b951e5c2dbe6c33da218c3aa/Dung-beetle-optimizer-a-new-meta-heuristic-algorithm-for-global-optimization.pdf#view=FitH&navpanes=0,28743275dee8fe4d4daa,4341782,ok,
10_1007_s11227_023_05486_8,An Archimedes metaheuristic algorithm based optimum relay coordination in microgrid and combined overhead/cable distribution network,10.1007/s11227-023-05486-8,existing,,,,cached,1305062
10_1007_s11227_023_05579_4,Nizar optimization algorithm: a novel metaheuristic algorithm for global optimization and engineering applications,10.1007/s11227-023-05579-4,sci-hub,https://sci-hub.box/storage/2024/9416912/b2d82636ca8815a17c52a7d26a3c15b66a1301f0151b158ee9f4d2d01c8749b8/Nizar-optimization-algorithm-a-novel-metaheuristic-algorithm-for-global-optimization-and.pdf#view=FitH&navpanes=0,b2d82636ca8815a17c52,2969422,ok,
10_1007_s11227_023_05709_y,Controller placement in SDN using game theory and a discrete hybrid metaheuristic algorithm,10.1007/s11227-023-05709-y,sci-hub,https://sci-hub.box/storage/2024/3875139/fd3e1a41f43dc16a93782b321a568e9dc318a6fd81ebdc712ac6b1cc104e6ccd/Controller-placement-in-SDN-using-game-theory-and-a-discrete-hybrid-metaheuristic-algorithm.pdf#view=FitH&navpanes=0,fd3e1a41f43dc16a9378,5117320,ok,
10_1007_s11227_023_05790_3,Prism refraction search: A novel physics-based metaheuristic algorithm,10.1007/s11227-023-05790-3,,,,,unavailable,no pdf link on sci-hub.st
10_1007_s11227_024_06105_w,Cleaner fish optimization algorithm: a new bio-inspired meta-heuristic optimization algorithm,10.1007/s11227-024-06105-w,sci-hub,https://sci-hub.box/storage/2024/4797711/86022dbf4c4094ffb51355d744c635c037452d95c2209c585e087e6e7c2308d3/Cleaner-fish-optimization-algorithm-a-new-bio-inspired-meta-heuristic-optimization-algorithm.pdf#view=FitH&navpanes=0,86022dbf4c4094ffb513,3998109,ok,
10_1007_s11227_024_06291_7,Flood algorithm (FLA): an efficient inspired meta-heuristic for engineering optimization,10.1007/s11227-024-06291-7,,,,,unavailable,http 200 not-pdf
10_1007_s11277_014_2249_2,A new meta-heuristic algorithm for maximizing lifetime of wireless sensor networks,10.1007/s11277-014-2249-2,existing,,,,cached,1118184
10_1007_s11277_021_08531_y,Design and optimization of microstrip patch antenna via improved metaheuristic algorithm,10.1007/s11277-021-08531-y,sci-hub,https://sci-hub.box/storage/zero/8881/e8d557923474c0482fe0c239928d26a85e7190b792c1b31dac4e96c65e0208bd/guttula2021.pdf,e8d557923474c0482fe0,6152178,ok,
10_1007_s11277_022_09897_3,FPSO-GA: a fuzzy metaheuristic load balancing algorithm to reduce energy consumption in cloud networks,10.1007/s11277-022-09897-3,sci-hub,https://sci-hub.box/storage/2024/9028/618ce7a5d52c0a91404916f66e52b3f40a17824cef5044eb230a06d747dcfa4b/mirmohseni2022.pdf,618ce7a5d52c0a914049,2211877,ok,
10_1007_s11277_023_10512_2,An Enhanced Machine Learning Technique with a Hybrid Metaheuristic Algorithm to Identify the Fish Disease,10.1007/s11277-023-10512-2,,,,,unavailable,http 200 not-pdf
10_1007_s11277_023_10814_5,PRESEP: Cluster based metaheuristic algorithm for energy-efficient wireless sensor network application in internet of things,10.1007/s11277-023-10814-5,sci-hub,https://sci-hub.box/storage/2024/7712576/4c72b754390baa7de94e2071a3d3945c75ff2b62d9ee3ae8384c36b318da1d3f/PRESEP-Cluster-Based-Metaheuristic-Algorithm-for-Energy-Efficient-Wireless-Sensor-Network.pdf#view=FitH&navpanes=0,4c72b754390baa7de94e,3392804,ok,
10_1007_s11277_024_11270_5,A metaheuristic algorithm based clustering protocol for energy harvesting in IoT-enabled WSN,10.1007/s11277-024-11270-5,,,,,unavailable,http 200 not-pdf
10_1007_s11356_021_13097_0,Parameter estimation of proton exchange membrane fuel cell using a novel meta-heuristic algorithm,10.1007/s11356-021-13097-0,sci-hub,https://sci-hub.mx/storage/2024/8562/471da04d54e5ccabed2459c9d3e4b63f/singla2021.pdf,6cfb44d98aa7853c8578,1496630,ok,http 404
10_1007_s11356_021_15966_0,New DRASTIC framework for groundwater vulnerability assessment: bivariate and multi-criteria decision-making approach coupled with metaheuristic algorithm,10.1007/s11356-021-15966-0,sci-hub,https://sci-hub.box/storage/zero/8898/6108205ea6a7fbe846a5b1a7372f3218d7b0541750f447a4d18c7a0c5d64d73c/lakshminarayanan2021.pdf,6108205ea6a7fbe846a5,5629691,ok,
10_1007_s11440_021_01358_8,Novel integrated approaches for predicting the compressibility of clay using cascade forward neural networks optimized by swarm-and evolution-based algorithms,10.1007/s11440-021-01358-8,sci-hub,https://sci-hub.box/storage/2024/8993/d3e93a6f7607343bb445a71349d3cbfc58380852071d3800f1ffd56714e4cc21/he2021.pdf,d3e93a6f7607343bb445,3475932,ok,
10_1007_s11517_018_1840_1,A novel method for retinal optic disc detection using bat meta-heuristic algorithm,10.1007/s11517-018-1840-1,existing,,,,cached,5607168
10_1007_s11831_024_10218_z,A Review of Enhancing Sine Cosine Algorithm: Common Approaches for Improved Metaheuristic Algorithms,10.1007/s11831-024-10218-z,,,,,unavailable,no pdf link on sci-hub.st
10_1007_s12008_024_01843_w,"Metaheuristic optimization and computational investigation of resistance spot welding process parameter employing Jaya, TLBO and Rao-II algorithm",10.1007/s12008-024-01843-w,,,,,unavailable,no pdf link on sci-hub.mx
10_1007_s12046_021_01632_1,Optimal design of FOPID Controller for the control of CSTR by using a novel hybrid metaheuristic algorithm,10.1007/s12046-021-01632-1,sci-hub,https://sci-hub.box/storage/dace/8665/634ec4553d630363f569cca4f4d0d5ef/khanduja2021.pdf,62b141b085d20cfe8633,1497571,ok,http 502
10_1007_s12065_019_00212_x,Emperor Penguins Colony: a new metaheuristic algorithm for optimization,10.1007/s12065-019-00212-x,sci-hub,https://sci-hub.box/storage/twin/7356/76a4608a25bf0a08fbdd76fd22f42924/harifi2019.pdf,f81f485fd33a5103dca0,4511870,ok,http 502
10_1007_s12065_020_00451_3,Giza Pyramids Construction: an ancient-inspired metaheuristic algorithm for optimization,10.1007/s12065-020-00451-3,sci-hub,https://sci-hub.box/storage/dace/8257/6284fb0f7442073ad72483dc4d4c1a07/harifi2020.pdf,26b28978c7d2776e52e6,3116709,ok,http 502
10_1007_s12065_020_00487_5,A modified teaching learning metaheuristic algorithm with opposite-based learning for permutation flow-shop scheduling problem,10.1007/s12065-020-00487-5,existing,,,,cached,1942076
10_1007_s12065_020_00562_x,A new metaheuristic algorithm based on water wave optimization for data clustering,10.1007/s12065-020-00562-x,sci-hub,https://sci-hub.box/storage/2024/8545/1b6fece9d7f79db83b89608a8523e01b/kaur2021.pdf,9b31fde38fb3e142e1db,2587455,ok,
10_1007_s12065_021_00590_1,Chaotic vortex search algorithm: metaheuristic algorithm for feature selection,10.1007/s12065-021-00590-1,sci-hub,https://sci-hub.box/storage/dace/8546/034ff0a38e790a42ca43b09801322eca/gharehchopogh2021.pdf,f4097a875bdbb935e544,3281897,ok,http 502
10_1007_s12065_022_00742_x,Tree optimization algorithm (TOA): A novel metaheuristic approach for solving mathematical test functions and engineering problems,10.1007/s12065-022-00742-x,sci-hub,https://sci-hub.box/storage/2024/8946/ebd20f675357ea1f8d31e82f3da3400518a9d32f81d2f6cf98b327241242a934/mahmoodabadi2022.pdf,ebd20f675357ea1f8d31,1944539,ok,
10_1007_s12065_022_00753_8,Hermit crab shell exchange algorithm: A new metaheuristic,10.1007/s12065-022-00753-8,sci-hub,https://sci-hub.box/storage/2024/8964/a7f91493e02d39e487072f9bdff2fb198c948ae69f302969eecbc150ba85a7b2/sharma2022.pdf,a7f91493e02d39e48707,1932613,ok,
10_1007_s12065_022_00783_2,A review of recent advances in quantum-inspired metaheuristics,10.1007/s12065-022-00783-2,existing,,,,cached,1072236
10_1007_s12065_024_00911_0,A new improved Newton metaheuristic algorithm for solving mathematical and structural optimization problems,10.1007/s12065-024-00911-0,,,,,unavailable,no pdf link on sci-hub.st
10_1007_s12065_025_01021_1,Tower crane location optimization problem: a comprehensive metaheuristic algorithm approach,10.1007/s12065-025-01021-1,,,,,unavailable,no pdf link on sci-hub.mx
10_1007_s12205_017_0021_3,Application of a meta-heuristic optimization algorithm motivated by a vision correction procedure for civil engineering problems,10.1007/s12205-017-0021-3,sci-hub,https://sci-hub.box/storage/2024/8707/8f89d7ecfd096f12a90ce93c718bb1847b21845cb470518b7ac0dd1a3eb3387c/lee2018.pdf,8f89d7ecfd096f12a90c,725636,ok,
10_1007_s12293_016_0212_3,Moth search algorithm: a bio-inspired metaheuristic algorithm for global optimization problems,10.1007/s12293-016-0212-3,sci-hub,https://sci-hub.box/storage/2024/5889/85b599d3fe559e624ebf44d71596fc79/wang2016.pdf,927f88e6f42e369634cf,800193,ok,
10_1007_s12293_016_0216_z,A hybrid metaheuristic algorithm for generalized vertex cover problem,10.1007/s12293-016-0216-z,existing,,,,cached,609159
10_1007_s12530_022_09462_0,XECryptoGA: a metaheuristic algorithm-based block cipher to enhance the security goals,10.1007/s12530-022-09462-0,sci-hub,https://sci-hub.box/storage/2024/2595074/15fab1b2a3458360b46db5d89fb8d1f069010398d8fbef42937136f4c8108080/XECryptoGA-a-metaheuristic-algorithm-based-block-cipher-to-enhance-the-security-goals.pdf#view=FitH&navpanes=0,15fab1b2a3458360b46d,2384593,ok,
10_1007_s12530_024_09641_1,A novel metaheuristic population algorithm for optimising the connection weights of neural networks,10.1007/s12530-024-09641-1,,,,,unavailable,http 200 not-pdf
10_1007_s12559_021_09933_7,Binary chimp optimization algorithm (BChOA): a new binary meta-heuristic for solving optimization problems,10.1007/s12559-021-09933-7,sci-hub,https://sci-hub.box/storage/2024/9003/30b8b7b307f252787b2f0ff7d2f9d9cb50a7144bf2b4d266651542f35f3fd6ff/wang2021.pdf,30b8b7b307f252787b2f,9434960,ok,
10_1007_s12597_023_00721_5,An optimum generation scheduling of electrical power system considering the effect of renewable energy sources by using a hybrid metaheuristic search algorithm,10.1007/s12597-023-00721-5,,,,,unavailable,no pdf link on sci-hub.st
10_1007_s12647_018_00300_w,Investigations on metaheuristic algorithm for designing adaptive PID controller for continuous stirred tank reactor,10.1007/s12647-018-00300-w,sci-hub,https://sci-hub.box/storage/twin/7303/c10e2ee34ecc886f23f6523163cc896c/goud2019.pdf,6f08247c9ff54513575a,698713,ok,http 502
10_1007_s12652_019_01373_4,An alternative approach to neural network training based on hybrid bio meta-heuristic algorithm,10.1007/s12652-019-01373-4,existing,,,,cached,1373203
10_1007_s12652_020_01981_5,Object detection using Metaheuristic algorithm for volley ball sports application,10.1007/s12652-020-01981-5,sci-hub,https://sci-hub.box/storage/2024/8114/a7010d4cf43b338495dccc8015180e0f/balaji2020.pdf,318edef3819c984b5f5f,1569197,ok,
10_1007_s12652_020_02514_w,Meta-heuristic approach for solving multi-objective path planning for autonomous guided robot using PSO–GWO optimization algorithm with evolutionary …,10.1007/s12652-020-02514-w,sci-hub,https://sci-hub.box/storage/2024/8341/fa4e6d29575a50b8055fcbccf39f836f/gul2020.pdf,79ad7c70fce297f45f4d,3465262,ok,
10_1007_s12652_021_03388_2,Joint optimization of energy consumption and time delay in IoT-fog-cloud computing environments using NSGA-II metaheuristic algorithm,10.1007/s12652-021-03388-2,sci-hub,https://sci-hub.box/storage/2024/8888/5d7dad7dad0f3f8ae0513efd9cac7cc7280c318aeb04586e922d4ae4e4b2024b/jafari2021.pdf,5d7dad7dad0f3f8ae051,4069910,ok,
10_1007_s12652_022_03765_5,City councils evolution: a socio-inspired metaheuristic optimization algorithm,10.1007/s12652-022-03765-5,sci-hub,https://sci-hub.box/storage/zero/8934/f912b017203fd05078e3fdb026fac929dc0750ef67c97210d482d825d9bb3df6/pira2022.pdf,f912b017203fd05078e3,3220471,ok,
10_1007_s12652_022_04332_8,Real Estate Market-Based Optimization Algorithm (REMARK): a market-inspired metaheuristic optimization algorithm based on the law of supply and demand,10.1007/s12652-022-04332-8,sci-hub,https://sci-hub.box/storage/2024/9012/8ddba0c4b6a3fdc0feeeac9af888a32ed245a73d8bcc845771e1808640367d34/nobahari2022.pdf,8ddba0c4b6a3fdc0feee,4288177,ok,
10_1007_s12652_023_04573_1,Red piranha optimization (RPO): a natural inspired meta-heuristic algorithm for solving complex optimization problems,10.1007/s12652-023-04573-1,sci-hub,https://sci-hub.box/storage/2024/3990571/77e1577ef7db5217b97f7254d9324260c7be5a791e029d98f65a7ea1b2277528/Red-piranha-optimization-RPO-a-natural-inspired-meta-heuristic-algorithm-for-solving-complex.pdf#view=FitH&navpanes=0,77e1577ef7db5217b97f,3691411,ok,
10_1007_s12667_022_00501_y,A hybrid metaheuristic algorithm to solve the electric vehicle routing problem with battery recharging stations for sustainable environmental and energy optimization,10.1007/s12667-022-00501-y,existing,,,,cached,1859173
10_1007_s13042_017_0731_3,A modified nature inspired meta-heuristic whale optimization algorithm for solving 0–1 knapsack problem,10.1007/s13042-017-0731-3,existing,,,,cached,2068885
10_1007_s13198_021_01150_7,Attack detection in IoT devices using hybrid metaheuristic lion optimization algorithm and firefly optimization algorithm,10.1007/s13198-021-01150-7,sci-hub,https://sci-hub.box/storage/dace/8666/bfda65bd6f27ae91047b59f78541574e/krishna2021.pdf,cc72b6f65e7bb0216ceb,1456148,ok,http 502
10_1007_s13198_021_01489_x,Metaheuristic nature-based algorithm for optimal reactive power planning,10.1007/s13198-021-01489-x,sci-hub,https://sci-hub.box/storage/zero/8937/3c3c076fba5cc0b0c7c6b5ccae9a10c2b7a0307ad9b341fa5c680797d1daf235/gudadappanavar2021.pdf,3c3c076fba5cc0b0c7c6,1943040,ok,
10_1007_s13201_024_02301_4,Enhancing spatial prediction of groundwater-prone areas through optimization of a boosting algorithm with bio-inspired metaheuristic algorithms,10.1007/s13201-024-02301-4,sci-hub,https://link.springer.com/content/pdf/10.1007/s13201-024-02301-4.pdf,23cc0fb3fd10a5c7331f,4279331,ok,
10_1007_s13202_021_01210_5,Scenario reduction methodologies under uncertainties for reservoir development purposes: distance-based clustering and metaheuristic algorithm,10.1007/s13202-021-01210-5,sci-hub,https://sci-hub.box/storage/2024/8844/80f3434e8984af9b209210976266f3f6bf9aac3f5a0ddf7342576f2feb3b03ac/mahjour2021.pdf,80f3434e8984af9b2092,9697743,ok,
10_1007_s13369_019_04046_8,Prediction of uniaxial compressive strength of different quarried rocks using metaheuristic algorithm,10.1007/s13369-019-04046-8,sci-hub,https://sci-hub.box/storage/zero/7512/4342d5ed51de71719f35c6abe54e8424/asheghi2019.pdf,bc8527ae08a79cb611ea,3309496,ok,
10_1007_s13369_021_06208_z,The archerfish hunting optimizer: A novel metaheuristic algorithm for global optimization,10.1007/s13369-021-06208-z,sci-hub,https://sci-hub.box/storage/2024/8925/9acc47e7dc67dc2b92499e79144de2bbfe484f13033d29d6270ac7a87754f28e/zitouni2021.pdf,9acc47e7dc67dc2b9249,2010074,ok,
10_1007_s13369_021_06446_1,Criminal search optimization algorithm: a population-based meta-heuristic optimization technique to solve real-world optimization problems,10.1007/s13369-021-06446-1,sci-hub,https://sci-hub.box/storage/zero/8962/1dd732581f7caa786193e84640e6f43f57205f91c66e62109b8612a11e029d27/srivastava2022.pdf,1dd732581f7caa786193,1484973,ok,
10_1007_s13369_022_07188_4,Indoor localization for the blind based on the fusion of a metaheuristic algorithm with a neural network using energy-efficient WSN,10.1007/s13369-022-07188-4,sci-hub,https://sci-hub.box/storage/zero/9018/1bbaca835eac65239ca4087fe9f1667e06a2ae9dec396d56492e9971360d6ab3/gharghan2022.pdf,1bbaca835eac65239ca4,3253402,ok,
10_1007_s13369_022_07545_3,Electrical search algorithm: a new metaheuristic algorithm for clustering problem,10.1007/s13369-022-07545-3,sci-hub,https://sci-hub.box/storage/2024/3270651/29fa1e5cebf1844886ac4d398f38c65fdf2936f01ebadd2ac5f21ac1398b5d05/Electrical-Search-Algorithm-A-New-Metaheuristic-Algorithm-for-Clustering-Problem.pdf#view=FitH&navpanes=0,29fa1e5cebf1844886ac,3566728,ok,
10_1007_s13369_023_07847_0,Metaheuristic optimization algorithm-based enhancement of photovoltaic energy system performance,10.1007/s13369-023-07847-0,sci-hub,https://sci-hub.box/storage/2024/8457741/55d6845fef663a846936117ae2be77a755e9dcdd42caaea17f799ecfb3e43f01/Metaheuristic-Optimization-Algorithm-Based-Enhancement-of-Photovoltaic-Energy-System-Performance.pdf#view=FitH&navpanes=0,55d6845fef663a846936,6010608,ok,
10_1007_s13369_023_07882_x,Integrating artificial immune genetic algorithm and metaheuristic ant colony optimizer with two-dose vaccination and modeling for residual fluid catalytic cracking …,10.1007/s13369-023-07882-x,sci-hub,https://sci-hub.box/storage/2024/5767739/ca3bcda7f2dfbbe15c516980439585aa14aca423abc3fce4a14f80634f18228d/Integrating-Artificial-Immune-Genetic-Algorithm-and-Metaheuristic-Ant-Colony-Optimizer-with.pdf#view=FitH&navpanes=0,ca3bcda7f2dfbbe15c51,1912607,ok,
10_1007_s13369_023_08319_1,Optimization of truss structures by using a hybrid population-based metaheuristic algorithm,10.1007/s13369-023-08319-1,sci-hub,https://sci-hub.box/storage/2024/1791172/21d6116f16a3f7ab5cce03bcf42bd31b98b9725743d07a6db1ec129ceed33c34/Optimization-of-Truss-Structures-by-Using-a-Hybrid-Population-Based-Metaheuristic-Algorithm.pdf#view=FitH&navpanes=0,21d6116f16a3f7ab5cce,891757,ok,
10_1007_s13369_024_08825_w,Literature research optimizer: A new human-based metaheuristic algorithm for optimization problems,10.1007/s13369-024-08825-w,,,,,unavailable,no pdf link on sci-hub.st
10_1007_s13369_024_09482_9,… well-structured metaheuristic optimization technique for magnetic data inversion of 2D dipping dyke-like geological structures using the Cuckoo optimization algorithm,10.1007/s13369-024-09482-9,sci-hub,https://link.springer.com/content/pdf/10.1007/s13369-024-09482-9.pdf,8759808666036fdafb3c,1738877,ok,
10_1007_s40092_015_0111_0,Maximizing the nurses' preferences in nurse scheduling problem: mathematical modeling and a meta-heuristic algorithm,10.1007/s40092-015-0111-0,oa,https://link.springer.com/content/pdf/10.1007/s40092-015-0111-0.pdf,7d970af1d4e11a919421,934081,ok,
10_1007_s40313_016_0242_6,A new meta-heuristic optimization algorithm inspired by FIFA world cup competitions: theory and its application in PID designing for AVR system,10.1007/s40313-016-0242-6,existing,,,,cached,2302996
10_1007_s40815_021_01136_4,Optimal setting of membership functions for interval type-2 fuzzy tracking controllers using a shark smell metaheuristic algorithm,10.1007/s40815-021-01136-4,sci-hub,https://sci-hub.box/storage/2024/8884/f6d181eb08486628d0c8d19343f7f401f9ff8158c312646b34eb62a6ffe288f8/cuevas2021.pdf,f6d181eb08486628d0c8,3145266,ok,
10_1007_s40866_019_0067_z,Multi-objective metaheuristic algorithm for optimal distributed generator placement and profit analysis,10.1007/s40866-019-0067-z,sci-hub,https://sci-hub.box/storage/2024/7468/ba32ac58e0348b9966b61a37422cabab/jayasree2019.pdf,b3ced53d92c545fbab09,2041552,ok,
10_1007_s41066_023_00424_8,Optimizing traveling salesman problem using tabu search metaheuristic algorithm with Pythagorean fuzzy uncertainty,10.1007/s41066-023-00424-8,,,,,unavailable,no pdf link on sci-hub.mx
10_1007_s41604_018_0009_2,Performance analysis of a metaheuristic algorithm for the line-haul feeder vehicle routing problem,10.1007/s41604-018-0009-2,sci-hub,https://sci-hub.box/storage/twin/7053/4f03361fe6e993279471248f5cbe43d5/10.1007@s41604-018-0009-2.pdf,093e3cce429c89a7465c,684468,ok,http 502
10_1007_s41870_019_00339_1,A hybrid model of wavelet neural network and metaheuristic algorithm for software development effort estimation,10.1007/s41870-019-00339-1,sci-hub,https://sci-hub.box/storage/2024/7511/c42cb7d8801ad9ffcc39ba45f5d4f2a0/kaushik2019.pdf,4eb49e27973b6b175940,857343,ok,
10_1007_s41870_022_01106_5,A dual fuzzy with hybrid deep learning architecture based on CNN with hybrid metaheuristic algorithm for effective segmentation and classification,10.1007/s41870-022-01106-5,existing,,,,cached,1929406
10_1007_s41870_024_01968_x,A novel approach for code coverage testing using hybrid metaheuristic algorithm,10.1007/s41870-024-01968-x,,,,,unavailable,no pdf link on sci-hub.st
10_1007_s42044_018_0025_2,Meta-heuristic bus transportation algorithm,10.1007/s42044-018-0025-2,sci-hub,https://sci-hub.box/storage/twin/7177/299fdd98273afc3461db09a25d391b6e/bodaghi2018.pdf,46df9892a66ec2b4c9f3,1776959,ok,http 502
10_1007_s42107_020_00282_8,Black Hole Mechanics Optimization: a novel meta-heuristic algorithm,10.1007/s42107-020-00282-8,sci-hub,https://sci-hub.box/storage/dace/8259/6a733518975dc0abd874f14563d0b29a/kaveh2020.pdf,aecded5cb200b8da3b1c,3196035,ok,http 502
10_1007_s42107_022_00535_8,Multi-objective optimized high-strength concrete mix design using a hybrid machine learning and metaheuristic algorithm,10.1007/s42107-022-00535-8,,,,,unavailable,http 200 not-pdf
10_1007_s42235_023_00356_8,The bedbug meta-heuristic algorithm to solve optimization problems,10.1007/s42235-023-00356-8,sci-hub,https://sci-hub.box/storage/2024/9268810/16c6419c2751c5d6763c8b93dd4a86e2e6d657199d7de0b34ad3413adece9375/The-Bedbug-Meta-heuristic-Algorithm-to-Solve-Optimization-Problems.pdf#view=FitH&navpanes=0,16c6419c2751c5d6763c,1851886,ok,
10_1007_s42235_023_00437_8,Geyser inspired algorithm: a new geological-inspired meta-heuristic for real-parameter and constrained engineering optimization,10.1007/s42235-023-00437-8,sci-hub,https://sci-hub.box/storage/2024/6988928/50571267b5f0c5b8691d742c7c69e61dd97311cf5fb2a65d561029caadf8c0ef/Geyser-Inspired-Algorithm-A-New-Geological-inspired-Meta-heuristic-for-Real-parameter-and.pdf#view=FitH&navpanes=0,50571267b5f0c5b8691d,4842726,ok,
10_1007_s42452_020_03511_6,Momentum search algorithm: A new meta-heuristic optimization algorithm inspired by momentum conservation law,10.1007/s42452-020-03511-6,sci-hub,https://sci-hub.box/storage/2024/8405/12c94e807078925b802a945e24999772/dehghani2020.pdf,0e1f04e0d692af76acc7,1125272,ok,
10_1007_s42452_020_04044_8,A new meta-heuristic pathfinder algorithm for solving optimal allocation of solar photovoltaic system in multi-lateral distribution system for improving resilience,10.1007/s42452-020-04044-8,existing,,,,cached,2251213
10_1007_s42835_020_00590_8,An efficient metaheuristic technique to control the maximum power point of a partially shaded photovoltaic system using crow search algorithm (CSA),10.1007/s42835-020-00590-8,sci-hub,https://sci-hub.box/storage/2024/8448/031939a283a4d750d88876b014858e83/houam2020.pdf,ba863a6736333db0875a,4717294,ok,
10_1007_s42835_021_00891_6,Optimal design of PID controller for the analysis of Two TANK system using metaheuristic optimization algorithm,10.1007/s42835-021-00891-6,sci-hub,https://sci-hub.box/storage/2024/8927/40dd3f98072e757ee137ccce0367a325c16f86f8798a0f7a94e8e65a6dd94309/amuthambigaiyinsundari2021.pdf,40dd3f98072e757ee137,2515887,ok,
10_1007_s43069_022_00140_0,A metaheuristic algorithm for ship weather routing,10.1007/s43069-022-00140-0,existing,,,,cached,2132797
10_1016_b978_0_12_815370_3_00010_4,A genetic algorithm-based metaheuristic approach to customize a computer-aided classification system for enhanced screen film mammograms,10.1016/b978-0-12-815370-3.00010-4,existing,,,,cached,5097850
10_1016_j_adhoc_2022_103079,Mocraw: A meta-heuristic optimized cluster head selection based routing algorithm for wsns,10.1016/j.adhoc.2022.103079,,,,,unavailable,no pdf link on sci-hub.mx
10_1016_j_adhoc_2023_103133,Novel metaheuristic routing algorithm with optimized energy and enhanced coverage for WSNs,10.1016/j.adhoc.2023.103133,,,,,unavailable,no pdf link on sci-hub.mx
10_1016_j_advengsoft_2017_03_014,A novel meta-heuristic optimization algorithm: thermal exchange optimization,10.1016/j.advengsoft.2017.03.014,existing,,,,cached,4623074
10_1016_j_advengsoft_2018_04_007,Pity beetle algorithm–A new metaheuristic inspired by the behavior of bark beetles,10.1016/j.advengsoft.2018.04.007,sci-hub,https://sci-hub.box/storage/2024/6815/12c707db8dca8b17bb5cbe042910baac/kallioras2018.pdf,a9f38aa8b362a5ddbd70,3040411,ok,
10_1016_j_advengsoft_2022_103282,Mountain gazelle optimizer: a new nature-inspired metaheuristic algorithm for global optimization problems,10.1016/j.advengsoft.2022.103282,,,,,unavailable,no pdf link on sci-hub.mx
10_1016_j_advengsoft_2022_103363,A new metaheuristic algorithm: Shrimp and Goby association search algorithm and its application for damage identification in large-scale and complex structures,10.1016/j.advengsoft.2022.103363,,,,,unavailable,no pdf link on sci-hub.st
10_1016_j_advengsoft_2022_103399,Damage identification in high-rise concrete structures using a bio-inspired meta-heuristic optimization algorithm,10.1016/j.advengsoft.2022.103399,,,,,unavailable,no pdf link on sci-hub.st
10_1016_j_advengsoft_2023_103411,A reinforcement learning-based metaheuristic algorithm for solving global optimization problems,10.1016/j.advengsoft.2023.103411,,,,,unavailable,no pdf link on sci-hub.st
10_1016_j_advengsoft_2024_103694,Arctic puffin optimization: A bio-inspired metaheuristic algorithm for solving engineering design optimization,10.1016/j.advengsoft.2024.103694,sci-hub,https://sci-hub.box/storage/2024/6021860/3d0f84217be77a902f82eb7b2c26d559d4645fd9ae35b6f1f87edd782a29a590/Arctic-puffin-optimization-A-bio-inspired-metaheuristic-algorithm-for-solving-engineering.pdf#view=FitH&navpanes=0,3d0f84217be77a902f82,22509971,ok,
10_1016_j_aei_2024_102362,Multi-satellite cooperative scheduling method for large-scale tasks based on hybrid graph neural network and metaheuristic algorithm,10.1016/j.aei.2024.102362,,,,,unavailable,no pdf link on sci-hub.mx
10_1016_j_aej_2021_06_079,Comparison of metaheuristic optimization techniques including Equilibrium optimizer algorithm in power distribution network reconfiguration,10.1016/j.aej.2021.06.079,sci-hub,https://sci-hub.box/storage/2024/8843/05aa97de9b9e5adbdfdfa264c6932ab6a9d448c0aa7736a58aa358a9e4d1ce8b/cikan2022.pdf,05aa97de9b9e5adbdfdf,3778307,ok,
10_1016_j_aej_2023_01_004,An efficient EGWO algorithm as feature selection for B-ALL diagnoses and its subtypes classification using peripheral blood smear images,10.1016/j.aej.2023.01.004,,,,,unavailable,no pdf link on sci-hub.mx
10_1016_j_anucene_2019_06_031,Metaheuristic optimization method for compact reactor radiation shielding design based on genetic algorithm,10.1016/j.anucene.2019.06.031,sci-hub,https://sci-hub.box/storage/2024/8814/ddf42f9ba1bb2115f0dcd06b8fdc7cc1dac245f61d768b49cecf22f4c9c863d2/chen2019.pdf,ddf42f9ba1bb2115f0dc,2554972,ok,
10_1016_j_apenergy_2025_125339,Study on a new metaheuristic algorithm–Tribal intelligent evolution optimization and its application in optimal control of cooling plants,10.1016/j.apenergy.2025.125339,,,,,unavailable,no pdf link on sci-hub.mx
10_1016_j_apm_2015_10_040,Passing vehicle search (PVS): A novel metaheuristic algorithm,10.1016/j.apm.2015.10.040,sci-hub,https://sci-hub.box/storage/zero/4673/cdb5eb8c83a73b59eddc1d6a66139ba2/savsani2016.pdf,31634eccd0bd75cfedad,1344078,ok,oa: http 403
10_1016_j_apm_2016_01_002,Adaptive spiral dynamics metaheuristic algorithm for global optimisation with application to modelling of a flexible system,10.1016/j.apm.2016.01.002,sci-hub,https://sci-hub.box/storage/zero/4822/21710594ab459f3ba2deeafd21b1ecb4/nasir2016.pdf,27600622e429477da25d,848659,ok,oa 403 not-pdf
10_1016_j_apm_2016_10_002,Ordinal optimization based metaheuristic algorithm for optimal inventory policy of assemble-to-order systems,10.1016/j.apm.2016.10.002,sci-hub,https://sci-hub.box/storage/2024/6083/1c2d5e56fb6ecce7245b6b5a03008e61/horng2017.pdf,7c1e902b81d3381a67fd,950670,ok,oa: http 403
10_1016_j_apm_2018_06_036,Queuing search algorithm: A novel metaheuristic algorithm for solving engineering optimization problems,10.1016/j.apm.2018.06.036,sci-hub,https://sci-hub.box/storage/2024/6989/105947ad4e21d1873b0df6ac81933371/zhang2018.pdf,4a1649dd1d3c7898b89c,1425541,ok,oa: http 403
10_1016_j_apm_2020_12_021,Atomic orbital search: A novel metaheuristic algorithm,10.1016/j.apm.2020.12.021,sci-hub,https://sci-hub.mx/storage/dace/8555/48dfdaf8f10b2edc932403874f5c372e/azizi2021.pdf,e63521ad13248fdc4c1c,7493044,ok,http 502
10_1016_j_apm_2021_01_023,A hybrid metaheuristic algorithm for identification of continuous-time Hammerstein systems,10.1016/j.apm.2021.01.023,existing,,,,cached,3223897
10_1016_j_apm_2023_10_045,Snow Geese Algorithm: A novel migration-inspired meta-heuristic algorithm for constrained engineering optimization problems,10.1016/j.apm.2023.10.045,,,,,unavailable,no pdf link on sci-hub.mx
10_1016_j_apm_2025_116008,Artificial Satellite Search: A New Metaheuristic Algorithm for Optimizing Truss Structure Design and Project Scheduling,10.1016/j.apm.2025.116008,,,,,unavailable,no pdf link on sci-hub.mx
10_1016_j_applthermaleng_2017_10_078,Energy optimization for single mixed refrigerant natural gas liquefaction process using the metaheuristic vortex search algorithm,10.1016/j.applthermaleng.2017.10.078,sci-hub,https://sci-hub.box/storage/2024/6555/67b92d0c1cec4a326cc2befe8c02c9ee/ali2018.pdf,865dadbb411b4959c2b6,1171107,ok,
10_1016_j_applthermaleng_2023_122037,Tactical unit algorithm: A novel metaheuristic algorithm for optimal loading distribution of chillers in energy optimization,10.1016/j.applthermaleng.2023.122037,sci-hub,https://sci-hub.box/storage/2024/5684511/df13c0be0b2c0a2805f51f825057358e20437e1f8d1c86b961f6bffb1c32abe2/Tactical-unit-algorithm-A-novel-metaheuristic-algorithm-for-optimal-loading-distribution.pdf#view=FitH&navpanes=0,df13c0be0b2c0a2805f5,17034698,ok,
10_1016_j_asej_2015_08_003,Optimal design and tuning of novel fractional order PID power system stabilizer using a new metaheuristic Bat algorithm,10.1016/j.asej.2015.08.003,sci-hub,https://sci-hub.box/storage/moscow/4492/7bebeb46f256ed115124191e4758099c/chaib2017.pdf,598299374f81cd09b455,3149512,ok,http 502
10_1016_j_asej_2024_102713,Uncertainty quantification of the flexural strengthening of RC beams with UHPC using improved metaheuristic algorithm,10.1016/j.asej.2024.102713,,,,,unavailable,no pdf link on sci-hub.mx
10_1016_j_asoc_2014_12_007,Combined size and shape optimization of structures with a new meta-heuristic algorithm,10.1016/j.asoc.2014.12.007,sci-hub,https://sci-hub.box/storage/moscow/3531/97245ba7f4f294825fc3cd1ebd674858/dede2015.pdf,fe41c6b422c5402b0298,1011813,ok,http 502
10_1016_j_asoc_2015_04_048,The runner-root algorithm: a metaheuristic for solving unimodal and multimodal optimization problems inspired by runners and roots of plants in nature,10.1016/j.asoc.2015.04.048,sci-hub,https://sci-hub.box/storage/2024/8683/5b82a27c28cfd1757e547de7b476164f0f50edefb0c3a94141867727e539e096/merrikh-bayat2015.pdf,5b82a27c28cfd1757e54,1720825,ok,
10_1016_j_asoc_2016_03_012,Application of metaheuristics-based clustering algorithm to item assignment in a synchronized zone order picking system,10.1016/j.asoc.2016.03.012,sci-hub,https://sci-hub.box/storage/2024/5302/3fa5897027c252dec98bc658b89aadca/kuo2016.pdf,3705661282757952b333,731474,ok,
10_1016_j_asoc_2018_02_039,A hybrid metaheuristic and kernel intuitionistic fuzzy c-means algorithm for cluster analysis,10.1016/j.asoc.2018.02.039,existing,,,,cached,787934
10_1016_j_asoc_2018_07_033,Farmland fertility: A new metaheuristic algorithm for solving continuous optimization problems,10.1016/j.asoc.2018.07.033,sci-hub,https://sci-hub.box/storage/zero/7007/06558be0e7d29d0a7f0909b709eed7a7/shayanfar2018.pdf,9d6f09afafa2dd766f4e,1990389,ok,
10_1016_j_asoc_2018_07_039,A dynamic metaheuristic optimization model inspired by biological nervous systems: Neural network algorithm,10.1016/j.asoc.2018.07.039,existing,,,,cached,3115529
10_1016_j_asoc_2019_03_012,A new meta-heuristic optimizer: Pathfinder algorithm,10.1016/j.asoc.2019.03.012,existing,,,,cached,3257868
10_1016_j_asoc_2020_106086,Multivariable grey prediction evolution algorithm: a new metaheuristic,10.1016/j.asoc.2020.106086,sci-hub,https://sci-hub.box/storage/2024/8010/d2e7d3f336f3138b88fcbee189c970ef/xu2020.pdf,91b5da26460ee608f1e8,1688949,ok,
10_1016_j_asoc_2020_106176,A new metaheuristic optimization algorithm inspired by human dynasties with an application to the wind turbine micrositing problem,10.1016/j.asoc.2020.106176,existing,,,,cached,2512745
10_1016_j_asoc_2020_106325,New Caledonian crow learning algorithm: A new metaheuristic algorithm for solving continuous optimization problems,10.1016/j.asoc.2020.106325,sci-hub,https://sci-hub.box/storage/dace/8266/e3b5104bfde0bea6c4d834624971667d/al-sorori2020.pdf,9f8877326fc8e7eb0e77,1691102,ok,http 502
10_1016_j_asoc_2020_106392,Dynamic differential annealed optimization: New metaheuristic optimization algorithm for engineering applications,10.1016/j.asoc.2020.106392,sci-hub,https://sci-hub.box/storage/2024/8222/ce25efcf7c28210992ae2a30021abefa/ghafil2020.pdf,0f8d9bac9dd1ff9d5c74,1417226,ok,
10_1016_j_asoc_2020_106477,The two-echelon multi-objective location routing problem inspired by realistic waste collection applications: The composable model and a metaheuristic algorithm,10.1016/j.asoc.2020.106477,sci-hub,https://sci-hub.box/storage/dace/8294/572035c7e8c54de00244af416c800299/yu2020.pdf,4208d2b2979700f94f42,1795889,ok,http 502
10_1016_j_asoc_2020_106489,Optimization of varying-parameter drilling for multi-hole parts using metaheuristic algorithm coupled with self-adaptive penalty method,10.1016/j.asoc.2020.106489,sci-hub,https://sci-hub.red/storage/dace/8202/8f97524b35ca42d58f35d56df10c93ef/han2020.pdf,a5431186f3b460cc17cb,4093019,ok,
10_1016_j_asoc_2020_106503,Adolescent Identity Search Algorithm (AISA): A novel metaheuristic approach for solving optimization problems,10.1016/j.asoc.2020.106503,existing,,,,cached,10238856
10_1016_j_asoc_2020_106734,Cooperation search algorithm: A novel metaheuristic evolutionary intelligence algorithm for numerical optimization and engineering optimization problems,10.1016/j.asoc.2020.106734,sci-hub,https://sci-hub.box/storage/dace/8365/ff82a89a8347bca9d10b3daace6655ee/feng2021.pdf,f88ff1b9a8bd2c832a96,3452174,ok,http 502
10_1016_j_asoc_2020_106997,An efficient metaheuristic algorithm based feature selection and recurrent neural network for DoS attack detection in cloud computing environment,10.1016/j.asoc.2020.106997,sci-hub,https://sci-hub.box/storage/zero/8830/1ac2a3c2845b9b8fae872976400c83f27261e24481695e395ed14767c87f883b/saisindhutheja2021.pdf,1ac2a3c2845b9b8fae87,1053607,ok,
10_1016_j_asoc_2021_107384,Optimization of hybrid renewable energy system in radial distribution networks considering uncertainty using meta-heuristic crow search algorithm,10.1016/j.asoc.2021.107384,sci-hub,https://sci-hub.box/storage/2024/8654/efaf49475e111f6873c6cf11e5b091cc/aliabadi2021.pdf,f57d87b9b16394d85d77,2101969,ok,
10_1016_j_asoc_2021_107594,Optimal allocation of photovoltaic/wind energy system in distribution network using meta-heuristic algorithm,10.1016/j.asoc.2021.107594,sci-hub,https://sci-hub.box/storage/2024/8835/112432356a11cd0fed75f5f9926a509ec452379bad6cd7152a49dfbcea0bc1b3/arasteh2021.pdf,112432356a11cd0fed75,2167770,ok,
10_1016_j_asoc_2021_107866,SHADE–WOA: A metaheuristic algorithm for global optimization,10.1016/j.asoc.2021.107866,sci-hub,https://sci-hub.box/storage/2024/9072/f7efb7ebbd729b842da087461a58fd78e73ad289dba9c71f0aabf52026cdeba0/chakraborty2021.pdf,234c164d9fe5b0bf743a,691260,ok,
10_1016_j_asoc_2021_107892,Elephant clan optimization: A nature-inspired metaheuristic algorithm for the optimal design of structures,10.1016/j.asoc.2021.107892,sci-hub,https://sci-hub.box/storage/2024/4316616/b92f798acf39463cd4f62efc64e3531bfa60f191e1bfa2920263084307200040/Elephant-clan-optimization-A-nature-inspired-metaheuristic-algorithm-for-the-optimal-design.pdf#view=FitH&navpanes=0,b92f798acf39463cd4f6,5186050,ok,
10_1016_j_asoc_2021_108094,An optimized fuzzy ensemble of convolutional neural networks for detecting tuberculosis from Chest X-ray images,10.1016/j.asoc.2021.108094,,,,,unavailable,no pdf link on sci-hub.mx
10_1016_j_asoc_2023_110599,Three-stage fuzzy-metaheuristic algorithm for smart cities: Scheduling mobile charging and automatic rule tuning in WRSNs,10.1016/j.asoc.2023.110599,,,,,unavailable,no pdf link on sci-hub.mx
10_1016_j_asoc_2023_110912,A modified metaheuristic algorithm for a home health care routing problem with health team skill levels,10.1016/j.asoc.2023.110912,,,,,unavailable,no pdf link on sci-hub.mx
10_1016_j_asoc_2023_110955,Improving audit opinion prediction accuracy using metaheuristics-tuned XGBoost algorithm with interpretable results through SHAP value analysis,10.1016/j.asoc.2023.110955,,,,,unavailable,no pdf link on sci-hub.mx
10_1016_j_asoc_2024_111574,Exposing the chimp optimization algorithm: a misleading metaheuristic technique with structural bias,10.1016/j.asoc.2024.111574,,,,,unavailable,no pdf link on sci-hub.mx
10_1016_j_asoc_2024_111696,Metaheuristics exposed: Unmasking the design pitfalls of arithmetic optimization algorithm in benchmarking,10.1016/j.asoc.2024.111696,,,,,unavailable,no pdf link on sci-hub.mx
10_1016_j_asoc_2025_113071,Thinking Innovation Strategy (TIS): A Novel Mechanism for Metaheuristic Algorithm Design and Evolutionary Update,10.1016/j.asoc.2025.113071,,,,,unavailable,no pdf link on sci-hub.mx
10_1016_j_asr_2022_02_027,Flood susceptibility modeling based on new hybrid intelligence model: Optimization of XGboost model using GA metaheuristic algorithm,10.1016/j.asr.2022.02.027,sci-hub,https://sci-hub.box/storage/2024/9031/e866ce6f0abe35467b9a4d59a08abbb95f1f3cc56559386b459d92f965f7bbd9/thithuylinh2022.pdf,e866ce6f0abe35467b9a,6109864,ok,
10_1016_j_autcon_2022_104371,Computer vision-based classification of concrete spall severity using metaheuristic-optimized Extreme Gradient Boosting Machine and Deep Convolutional Neural Network,10.1016/j.autcon.2022.104371,,,,,unavailable,no pdf link on sci-hub.st
10_1016_j_bspc_2021_102631,Computer-aided skin cancer diagnosis based on a New meta-heuristic algorithm combined with support vector method,10.1016/j.bspc.2021.102631,sci-hub,https://sci-hub.box/storage/dace/8623/46331ae6fd28273616c510019f5cc9d4/bi2021.pdf,e699176aba04936d3a5c,3930415,ok,http 502
10_1016_j_bspc_2022_103841,Hybrid metaheuristic algorithm enhanced support vector machine for epileptic seizure detection,10.1016/j.bspc.2022.103841,,,,,unavailable,no pdf link on sci-hub.mx
10_1016_j_cam_2015_03_050,An optimization algorithm for solving the rich vehicle routing problem based on Variable Neighborhood Search and Tabu Search metaheuristics,10.1016/j.cam.2015.03.050,sci-hub,https://sci-hub.box/storage/zero/4052/9aac73e993db88958af7aaf9010aa306/sicilia2016.pdf,305c7e28c550164e3443,545367,ok,oa: http 403
10_1016_j_chaos_2025_116049,Chaotic evolution optimization: A novel metaheuristic algorithm inspired by chaotic dynamics,10.1016/j.chaos.2025.116049,,,,,unavailable,no pdf link on sci-hub.st
10_1016_j_chemosphere_2024_141329,Heavy metals prediction in coastal marine sediments using hybridized machine learning models with metaheuristic optimization algorithm,10.1016/j.chemosphere.2024.141329,,,,,unavailable,no pdf link on sci-hub.mx
10_1016_j_cie_2014_10_014,An advanced hybrid meta-heuristic algorithm for the vehicle routing problem with backhauls and time windows,10.1016/j.cie.2014.10.014,existing,,,,cached,844822
10_1016_j_cie_2018_04_050,Application of metaheuristic based fuzzy K-modes algorithm to supplier clustering,10.1016/j.cie.2018.04.050,sci-hub,https://sci-hub.box/storage/zero/6877/6d349119560ad8ef00f7c67e4e44760f/kuo2018.pdf,2f43dbdd1acdea89fe0d,996484,ok,
10_1016_j_cie_2018_12_033,Find-fix-finish-exploit-analyze (f3ea) meta-heuristic algorithm: An effective algorithm with new evolutionary operators for global optimization,10.1016/j.cie.2018.12.033,sci-hub,https://sci-hub.mx/storage/2024/8738/c81fd99514b318ed5e8fda62b70d5e737e6df784510723150d4a1495e94c8215/husseinzadehkashan2019.pdf,c81fd99514b318ed5e8f,7691237,ok,http 404
10_1016_j_cie_2019_03_051,A hybrid metaheuristic algorithm for a parallel machine scheduling problem with dependent setup times,10.1016/j.cie.2019.03.051,existing,,,,cached,1832736
10_1016_j_cie_2020_107050,Golden eagle optimizer: A nature-inspired metaheuristic algorithm,10.1016/j.cie.2020.107050,sci-hub,https://sci-hub.box/storage/2024/8831/6a642bb1377ab683e321ebbd7c8d61547252da27e139b508759fbe69acacd701/mohammadi-balani2021.pdf,6a642bb1377ab683e321,162581,ok,
10_1016_j_cie_2021_107250,Aquila optimizer: a novel meta-heuristic optimization algorithm,10.1016/j.cie.2021.107250,sci-hub,https://sci-hub.box/storage/dace/8635/1199639a8d5e0d298a9a2af651dff847/abualigah2021.pdf,01609398103cd4c539e8,19683359,ok,http 502
10_1016_j_cie_2021_107408,African vultures optimization algorithm: A new nature-inspired metaheuristic algorithm for global optimization problems,10.1016/j.cie.2021.107408,sci-hub,https://sci-hub.box/storage/2024/8647/c98f3532d7100b35e5b9d1d3c9a32ac8/abdollahzadeh2021.pdf,65ee717a137d6b7d1fe3,12637058,ok,
10_1016_j_cie_2021_107469,BSMA: A novel metaheuristic algorithm for multi-dimensional knapsack problems: Method and comprehensive analysis,10.1016/j.cie.2021.107469,sci-hub,https://sci-hub.box/storage/2024/8838/b958261430adee3f5995427470064bd4bc50ea54febb3674e2b7560f3208c32c/abdel-basset2021.pdf,b958261430adee3f5995,1572349,ok,
10_1016_j_cie_2021_107540,A hybrid metaheuristic routing algorithm for low-level picker-to-part systems,10.1016/j.cie.2021.107540,existing,,,,cached,691260
10_1016_j_cie_2023_109741,A hybrid metaheuristic algorithm for resource-constrained proactive project scheduling with uncertainty-handling effort,10.1016/j.cie.2023.109741,,,,,unavailable,no pdf link on sci-hub.mx
10_1016_j_cma_2022_115652,Young's double-slit experiment optimizer: A novel metaheuristic optimization algorithm for global and constraint optimization problems,10.1016/j.cma.2022.115652,,,,,unavailable,no pdf link on sci-hub.mx
10_1016_j_cma_2024_117718,Dream Optimization Algorithm (DOA): A novel metaheuristic optimization algorithm inspired by human dreams and its applications to real-world engineering problems,10.1016/j.cma.2024.117718,sci-hub,https://sci-hub.box/storage/2024/5670962/0a372f34dcaeffa6b99171675a2baba4ea4f36d31387b3f64ce703a1d8c25bd3/Dream-Optimization-Algorithm-DOA-A-novel-metaheuristic-optimization-algorithm-inspired-by.pdf#view=FitH&navpanes=0,0a372f34dcaeffa6b991,22704056,ok,
10_1016_j_cma_2025_117825,Fungal growth optimizer: A novel nature-inspired metaheuristic algorithm for stochastic optimization,10.1016/j.cma.2025.117825,,,,,unavailable,no pdf link on sci-hub.mx
10_1016_j_comnet_2021_108214,Energy efficient neuro-fuzzy cluster based topology construction with metaheuristic route planning algorithm for unmanned aerial vehicles,10.1016/j.comnet.2021.108214,sci-hub,https://sci-hub.box/storage/2024/9108/f106f91aba52290a4fbac5a494fb5cc5f8eabc2565c86da6c036f3184cfad68a/pustokhina2021.pdf,234c164d9fe5b0bf743a,691260,ok,
10_1016_j_compag_2021_106420,A new intelligence fuzzy-based hybrid metaheuristic algorithm for analyzing the application of tea waste in concrete as natural fiber,10.1016/j.compag.2021.106420,existing,,,,cached,691260
10_1016_j_compbiomed_2021_104659,"Detection of segmented uterine cancer images by Hotspot Detection method using deep learning models, Pigeon-Inspired Optimization, types-based dominant activation selection approaches",10.1016/j.compbiomed.2021.104659,sci-hub,https://sci-hub.box/storage/zero/8889/6de395e46bf173a47872efebdaab0ffcb3c0788f945c76e5aba2db73e2c4da49/10.1016@j.compbiomed.2021.104659.pdf,6de395e46bf173a47872,8668212,ok,
10_1016_j_compbiomed_2021_104896,A novel multi-objective metaheuristic algorithm for protein-peptide docking and benchmarking on the LEADS-PEP dataset,10.1016/j.compbiomed.2021.104896,,,,,unavailable,no pdf link on sci-hub.st
10_1016_j_compchemeng_2024_108987,Success-Based Optimization Algorithm (SBOA): Development and enhancement of a metaheuristic optimizer,10.1016/j.compchemeng.2024.108987,,,,,unavailable,no pdf link on sci-hub.mx
10_1016_j_compeleceng_2021_107356,Quantum inspired meta-heuristic approach for optimization of genetic algorithm,10.1016/j.compeleceng.2021.107356,sci-hub,https://sci-hub.box/storage/2024/9064/b389c1ca30508b9e304b9dd598a9faec5cf874d3d1215397b97efd1ee30c91d6/ganesan2021.pdf,234c164d9fe5b0bf743a,691260,ok,
10_1016_j_compeleceng_2022_108383,Intrusion detection system using hybrid classifiers with meta-heuristic algorithms for the optimization and feature selection by genetic algorithm,10.1016/j.compeleceng.2022.108383,,,,,unavailable,no pdf link on sci-hub.st
10_1016_j_compeleceng_2023_109057,Dynamic optimization scheme for load balancing and energy efficiency in software-defined networks utilizing the krill herd meta-heuristic algorithm,10.1016/j.compeleceng.2023.109057,,,,,unavailable,no pdf link on sci-hub.st
10_1016_j_compeleceng_2024_109142,Optimal allocation of distribution generation sources with sustainable energy management in radial distribution networks using metaheuristic algorithm,10.1016/j.compeleceng.2024.109142,,,,,unavailable,no pdf link on sci-hub.mx
10_1016_j_compstruc_2015_03_003,Search group algorithm: a new metaheuristic method for the optimization of truss structures,10.1016/j.compstruc.2015.03.003,sci-hub,https://sci-hub.box/storage/2024/3761/121a093f37c74214b1de5f9227b227b2/10.1016@j.compstruc.2015.03.003.pdf,f0e0d090cf67ad8acc09,4018802,ok,
10_1016_j_compstruc_2015_03_014,Adaptive dimensional search: a new metaheuristic algorithm for discrete truss sizing optimization,10.1016/j.compstruc.2015.03.014,sci-hub,https://sci-hub.box/storage/zero/3891/557a12d22d656627aadcba020e8737de/10.1016@j.compstruc.2015.03.014.pdf,00a592446e2285721d03,2678549,ok,
10_1016_j_compstruc_2016_03_001,A novel metaheuristic method for solving constrained engineering optimization problems: crow search algorithm,10.1016/j.compstruc.2016.03.001,existing,,,,cached,1301918
10_1016_j_compstruc_2020_106250,A new Newton metaheuristic algorithm for discrete performance-based design optimization of steel moment frames,10.1016/j.compstruc.2020.106250,existing,,,,cached,2578725
10_1016_j_compstruc_2020_106268,Interactive autodidactic school: A new metaheuristic optimization algorithm for solving mathematical and structural design optimization problems,10.1016/j.compstruc.2020.106268,sci-hub,https://sci-hub.box/storage/2024/8121/e79ec009fa3431a9be77fee5048a07fe/jahangiri2020.pdf,0c3faef6c99b5255d01f,5697792,ok,
10_1016_j_compstruct_2020_113339,Efficient Artificial neural networks based on a hybrid metaheuristic optimization algorithm for damage detection in laminated composite structures,10.1016/j.compstruct.2020.113339,sci-hub,https://sci-hub.box/storage/dace/8472/e9beccbf79cb47097d3264f570c0e28b/tran-ngoc2021.pdf,cae60a82e9e7957c73e8,7327719,ok,http 502
10_1016_j_conbuildmat_2023_134712,Experimental study and numerical prediction of the bond-slip law for concrete elements strengthened with FRP using metaheuristic algorithm,10.1016/j.conbuildmat.2023.134712,,,,,unavailable,no pdf link on sci-hub.mx
10_1016_j_conbuildmat_2025_140065,Pore structure analysis and prediction of characteristics by metaheuristic algorithm of manufactured sand polymer-modified repair mortar,10.1016/j.conbuildmat.2025.140065,,,,,unavailable,no pdf link on sci-hub.mx
10_1016_j_cor_2016_09_011,A hybrid metaheuristic algorithm to optimise a real-world robotic cell,10.1016/j.cor.2016.09.011,existing,,,,cached,772725
10_1016_j_cor_2018_06_012,A hybrid metaheuristic algorithm for the vehicle routing problem with stochastic demands,10.1016/j.cor.2018.06.012,existing,,,,cached,2724470
10_1016_j_cor_2023_106304,Efficient multi-objective metaheuristic algorithm for sustainable harvest planning problem,10.1016/j.cor.2023.106304,,,,,unavailable,no pdf link on sci-hub.st
10_1016_j_dib_2020_106479,Data in intelligent approach for estimation of disc cutter life using hybrid metaheuristic algorithm,10.1016/j.dib.2020.106479,sci-hub,https://sci-hub.box/storage/dace/8491/bd63d1ae1ebfd80d42bee01dc461a116/elbaz2020.pdf,b1f7320ef8b6f3b19ba9,1006567,ok,http 502
10_1016_j_ecoinf_2021_101519,Using DarkNet models and metaheuristic optimization methods together to detect weeds growing along with seedlings,10.1016/j.ecoinf.2021.101519,sci-hub,https://sci-hub.box/storage/2024/8996/bf557639b0fea7259c2b8d4eb8d370ccd2bafaa719f6491b0e4a866eea7371dd/10.1016@j.ecoinf.2021.101519.pdf,bf557639b0fea7259c2b,2570216,ok,
10_1016_j_ecoinf_2023_102002,A new robust hybrid model based on support vector machine and firefly meta-heuristic algorithm to predict pistachio yields and select effective soil variables,10.1016/j.ecoinf.2023.102002,,,,,unavailable,no pdf link on sci-hub.st
10_1016_j_ecoinf_2023_102122,Metaheuristic approaches for prediction of water quality indices with relief algorithm-based feature selection,10.1016/j.ecoinf.2023.102122,,,,,unavailable,no pdf link on sci-hub.st
10_1016_j_egypro_2019_04_007,A novel approach for PV system based on metaheuristic algorithm connected to the grid using FS-MPC controller,10.1016/j.egypro.2019.04.007,existing,,,,cached,1184072
10_1016_j_egyr_2023_05_228,Application of a novel metaheuristic algorithm based two-fold hysteresis current controller for a grid connected PV system using real time OPAL-RT based simulator,10.1016/j.egyr.2023.05.228,,,,,unavailable,no pdf link on sci-hub.st
10_1016_j_egyr_2023_06_019,Experimental validation of an advanced metaheuristic algorithm for maximum power point tracking of a shaded photovoltaic system: A comparative study between …,10.1016/j.egyr.2023.06.019,,,,,unavailable,http 200 not-pdf
10_1016_j_ejor_2014_10_048,A hybrid metaheuristic algorithm for the multi-depot covering tour vehicle routing problem,10.1016/j.ejor.2014.10.048,existing,,,,cached,1477093
10_1016_j_ejor_2022_06_052,Solving the inverse graph model for conflict resolution using a hybrid metaheuristic algorithm,10.1016/j.ejor.2022.06.052,sci-hub,https://sci-hub.box/storage/zero/9017/e08a83899fe4638081eec4d8d17b8121bceef24fcf1942ee6381cfa6f9ad51fa/huang2023.pdf,e08a83899fe4638081ee,2704401,ok,
10_1016_j_ejor_2022_11_006,A metaheuristic algorithm for a locomotive routing problem arising in the steel industry,10.1016/j.ejor.2022.11.006,,,,,unavailable,no pdf link on sci-hub.mx
10_1016_j_enconman_2020_112595,Comprehensive overview of meta-heuristic algorithm applications on PV cell parameter identification,10.1016/j.enconman.2020.112595,sci-hub,https://sci-hub.box/storage/2024/8041/27207eebe3843d8af159091e2cb6b5b8/yang2020.pdf,a9cc07a2984c1d0641b9,7277317,ok,
10_1016_j_enconman_2023_117372,A metaheuristic approach for multi-objective optimization of the Stirling cycle with internal irreversibilities and regenerative losses using artificial bee colony algorithm,10.1016/j.enconman.2023.117372,,,,,unavailable,no pdf link on sci-hub.mx
10_1016_j_energy_2018_05_079,A novel state of charge and capacity estimation technique for electric vehicles connected to a smart grid based on inverse theory and a metaheuristic algorithm,10.1016/j.energy.2018.05.079,existing,,,,cached,2435558
10_1016_j_energy_2018_07_088,Two stage forecast engine with feature selection technique and improved meta-heuristic algorithm for electricity load forecasting,10.1016/j.energy.2018.07.088,sci-hub,https://sci-hub.box/storage/twin/7318/e1013c11a28964727aad166140f80756/ghadimi2018.pdf,579a913a72e589d1e77e,2212585,ok,http 502
10_1016_j_energy_2021_121171,Adaptive robust optimization for the energy management of the grid-connected energy hubs based on hybrid meta-heuristic algorithm,10.1016/j.energy.2021.121171,sci-hub,https://sci-hub.box/storage/zero/9068/5f724bae8962cd10e1e20219a39856d9d0bff6295bbbc7190ddbdd5f576d7e02/akbaizadeh2021.pdf,234c164d9fe5b0bf743a,691260,ok,
10_1016_j_energy_2021_122340,"Ensemble offshore wind turbine power curve modelling–an integration of isolation forest, fast radial basis function neural network, and metaheuristic algorithm",10.1016/j.energy.2021.122340,sci-hub,https://sci-hub.box/storage/2024/8997/4711aeebf1aae376f1497b19cbc07c3d954fc85a48d35a1be22fd053b608db85/li2022.pdf,4711aeebf1aae376f149,3252104,ok,
10_1016_j_energy_2024_131024,A metaheuristic algorithm for model predictive control of the oil-cooled motor in hybrid electric vehicles,10.1016/j.energy.2024.131024,,,,,unavailable,no pdf link on sci-hub.mx
10_1016_j_engappai_2018_03_003,Interactive search algorithm: a new hybrid metaheuristic optimization algorithm,10.1016/j.engappai.2018.03.003,sci-hub,https://sci-hub.box/storage/twin/6729/6b1c94dc4d29cae66b723dd40d3a951a/mortazavi2018.pdf,7a01a8bcc49455fa5b61,3060955,ok,http 502
10_1016_j_engappai_2019_01_001,The Sailfish Optimizer: A novel nature-inspired metaheuristic algorithm for solving constrained engineering optimization problems,10.1016/j.engappai.2019.01.001,sci-hub,https://sci-hub.box/storage/twin/7334/bc4bd6418f1035ea212833c2ca615363/shadravan2019.pdf,4b292a2ee9e01c9b1dff,4338477,ok,http 502
10_1016_j_engappai_2019_103249,Black widow optimization algorithm: a novel meta-heuristic approach for solving engineering optimization problems,10.1016/j.engappai.2019.103249,sci-hub,https://sci-hub.box/storage/2024/7651/cf4037b398ae3a2950c9de355735f400/hayyolalam2020.pdf,45f20b0cd41bf8bac2df,4300849,ok,
10_1016_j_engappai_2020_103501,A hybrid meta-heuristic algorithm for scientific workflow scheduling in heterogeneous distributed computing systems,10.1016/j.engappai.2020.103501,existing,,,,cached,6194702
10_1016_j_engappai_2020_103541,Tunicate Swarm Algorithm: A new bio-inspired based metaheuristic paradigm for global optimization,10.1016/j.engappai.2020.103541,sci-hub,https://sci-hub.box/storage/2024/8037/e5f05c5d2eaafe0d1940678a3c872a92/kaur2020.pdf,d4ead3860a68ff788195,3989862,ok,
10_1016_j_engappai_2020_103731,Lévy flight distribution: A new metaheuristic algorithm for solving engineering optimization problems,10.1016/j.engappai.2020.103731,sci-hub,https://sci-hub.box/storage/2024/8178/74ea584f127d9ff6a4075b99f4f82936/houssein2020.pdf,7e3b2c9fedfe4dd329d5,2776113,ok,
10_1016_j_engappai_2022_104763,A powerful meta-heuristic search algorithm for solving global optimization and real-world solar photovoltaic parameter estimation problems,10.1016/j.engappai.2022.104763,,,,,unavailable,no pdf link on sci-hub.st
10_1016_j_engappai_2022_105075,Dandelion Optimizer: A nature-inspired metaheuristic algorithm for engineering applications,10.1016/j.engappai.2022.105075,sci-hub,https://sci-hub.box/storage/2024/1065346/32b94e15a44765bef7359795191a0228f77f701ef8768081e70978e2f423f10d/Dandelion-Optimizer-A-nature-inspired-metaheuristic-algorithm-for-engineering-applications.pdf#view=FitH&navpanes=0,32b94e15a44765bef735,4627840,ok,
10_1016_j_engappai_2022_105082,Artificial rabbits optimization: A new bio-inspired meta-heuristic algorithm for solving engineering optimization problems,10.1016/j.engappai.2022.105082,,,,,unavailable,no pdf link on sci-hub.mx
10_1016_j_engappai_2022_105202,A fast community detection algorithm based on coot bird metaheuristic optimizer in social networks,10.1016/j.engappai.2022.105202,,,,,unavailable,no pdf link on sci-hub.mx
10_1016_j_engappai_2022_105619,Enhancing the performance of Piezoelectric Energy Harvester under electrostatic actuation using a robust metaheuristic algorithm,10.1016/j.engappai.2022.105619,,,,,unavailable,no pdf link on sci-hub.mx
10_1016_j_engappai_2023_107459,Selective disassembly sequence planning under uncertainty using trapezoidal fuzzy numbers: A novel hybrid metaheuristic algorithm,10.1016/j.engappai.2023.107459,,,,,unavailable,no pdf link on sci-hub.mx
10_1016_j_engappai_2023_107532,Newton-Raphson-based optimizer: A new population-based metaheuristic algorithm for continuous optimization problems,10.1016/j.engappai.2023.107532,,,,,unavailable,no pdf link on sci-hub.mx
10_1016_j_engappai_2024_108132,Energy-efficient routing protocol for underwater wireless sensor networks using a hybrid metaheuristic algorithm,10.1016/j.engappai.2024.108132,,,,,unavailable,no pdf link on sci-hub.mx
10_1016_j_engappai_2025_110021,Optimizing quay crane scheduling using deep reinforcement learning with hybrid metaheuristic algorithm,10.1016/j.engappai.2025.110021,,,,,unavailable,no pdf link on sci-hub.mx
10_1016_j_engappai_2025_110688,An incorporation of metaheuristic algorithm and two-stage deep learnings for fault classified framework for diesel generator maintenance,10.1016/j.engappai.2025.110688,,,,,unavailable,no pdf link on sci-hub.mx
10_1016_j_engstruct_2022_114062,Analysis and optimal control of smart damping for porous functionally graded magneto-electro-elastic plate using smoothed FEM and metaheuristic algorithm,10.1016/j.engstruct.2022.114062,sci-hub,https://sci-hub.box/storage/2024/3235758/c20ce4dd3ca417c42773fcef038d8f45f81b2e6a173955285a7485de296c9888/Analysis-and-optimal-control-of-smart-damping-for-porous-functionally-graded-magneto-electro.pdf#view=FitH&navpanes=0,c20ce4dd3ca417c42773,2963775,ok,
10_1016_j_engstruct_2024_117935,Dynamic characterization and FE model updating via metaheuristic algorithm of two confined masonry buildings,10.1016/j.engstruct.2024.117935,,,,,unavailable,no pdf link on sci-hub.mx
10_1016_j_engstruct_2024_118679,Metaheuristic algorithm inspired by enterprise development for global optimization and structural engineering problems with frequency constraints,10.1016/j.engstruct.2024.118679,,,,,unavailable,no pdf link on sci-hub.st
10_1016_j_epsr_2022_108371,Meta-heuristic optimization of control structure and design for MMC-HVdc applications,10.1016/j.epsr.2022.108371,,,,,unavailable,no pdf link on sci-hub.st
10_1016_j_epsr_2023_109389,A novel metaheuristic-based robust unified control MPPT algorithm for grid-connected PV system,10.1016/j.epsr.2023.109389,,,,,unavailable,no pdf link on sci-hub.st
10_1016_j_est_2022_105067,Optimal operation of multi-source electric vehicle connected microgrid using metaheuristic algorithm,10.1016/j.est.2022.105067,,,,,unavailable,no pdf link on sci-hub.mx
10_1016_j_est_2022_105521,Design optimization and optimal power management of standalone solar-hydrogen system using a new metaheuristic algorithm,10.1016/j.est.2022.105521,,,,,unavailable,no pdf link on sci-hub.mx
10_1016_j_est_2023_108967,Optimization of a hybrid solar/wind/storage system with bio-generator for a household by emerging metaheuristic optimization algorithm,10.1016/j.est.2023.108967,,,,,unavailable,no pdf link on sci-hub.mx
10_1016_j_est_2023_109582,Harmony search meta-heuristic algorithm based on the optimal sizing of wind-battery hybrid micro-grid power system with different battery technologies,10.1016/j.est.2023.109582,,,,,unavailable,no pdf link on sci-hub.mx
10_1016_j_eswa_2016_01_038,A hybrid metaheuristic algorithm for heterogeneous vehicle routing problem with simultaneous pickup and delivery,10.1016/j.eswa.2016.01.038,existing,,,,cached,8601513
10_1016_j_eswa_2017_02_037,Hybrid chemical reaction based metaheuristic with fuzzy c-means algorithm for optimal cluster analysis,10.1016/j.eswa.2017.02.037,sci-hub,https://sci-hub.box/storage/twin/6283/b9d5153f8541b4065d6f129583e60fef/nayak2017.pdf,2d6383ab20ea7e1ff0b2,8386253,ok,http 502
10_1016_j_eswa_2018_09_041,A metaheuristic algorithm and simulation to study the effect of learning or tiredness on sequence-dependent setup times in a parallel machine scheduling problem,10.1016/j.eswa.2018.09.041,existing,,,,cached,7863893
10_1016_j_eswa_2020_113176,A novel wrapper feature selection algorithm based on iterated greedy metaheuristic for sentiment classification,10.1016/j.eswa.2020.113176,existing,,,,cached,926321
10_1016_j_eswa_2020_113246,Group teaching optimization algorithm: A novel metaheuristic method for solving global optimization problems,10.1016/j.eswa.2020.113246,sci-hub,https://sci-hub.box/storage/2024/8265/a0bfd4e012862511c294e2c61cda2561/zhang2020.pdf,7f61f2f31ad28f71f314,2274753,ok,
10_1016_j_eswa_2020_113377,Marine Predators Algorithm: A nature-inspired metaheuristic,10.1016/j.eswa.2020.113377,sci-hub,https://sci-hub.box/storage/dace/8283/efc2e593eacc571b2dd9ff64ac80b057/faramarzi2020.pdf,57daa0b63cdec4bd0056,8064701,ok,http 502
10_1016_j_eswa_2020_113697,"… arrhythmia diagnosis based on the combination of morphological, frequency and nonlinear features of ECG signals and metaheuristic feature selection algorithm",10.1016/j.eswa.2020.113697,sci-hub,https://sci-hub.box/storage/2024/8215/af602bd75b36df3ee94d6c2051baf08c/mazaheri2020.pdf,053f4b0df5ba30093f4a,1065966,ok,
10_1016_j_eswa_2020_114034,A hybrid metaheuristic algorithm for location inventory routing problem with time windows and fuel consumption,10.1016/j.eswa.2020.114034,existing,,,,cached,4540810
10_1016_j_eswa_2020_114522,Lichtenberg algorithm: A novel hybrid physics-based meta-heuristic for global optimization,10.1016/j.eswa.2020.114522,sci-hub,https://sci-hub.box/storage/2024/8666/05bb3d57e437fc5f96d00df7a2c4d612/pereira2021.pdf,122a1caef45074c4c836,7614311,ok,
10_1016_j_eswa_2021_115939,Multi-objective lichtenberg algorithm: A hybrid physics-based meta-heuristic for solving engineering problems,10.1016/j.eswa.2021.115939,,,,,unavailable,no pdf link on sci-hub.mx
10_1016_j_eswa_2021_116158,Reptile Search Algorithm (RSA): A nature-inspired meta-heuristic optimizer,10.1016/j.eswa.2021.116158,,,,,unavailable,no pdf link on sci-hub.mx
10_1016_j_eswa_2022_117058,Online metaheuristic algorithm selection,10.1016/j.eswa.2022.117058,,,,,unavailable,no pdf link on sci-hub.mx
10_1016_j_eswa_2022_117118,Poplar optimization algorithm: A new meta-heuristic optimization technique for numerical optimization and image segmentation,10.1016/j.eswa.2022.117118,,,,,unavailable,no pdf link on sci-hub.mx
10_1016_j_eswa_2022_117401,A hybrid metaheuristic algorithm based on iterated local search for vehicle routing problem with simultaneous pickup and delivery,10.1016/j.eswa.2022.117401,,,,,unavailable,no pdf link on sci-hub.mx
10_1016_j_eswa_2022_118919,A metaheuristic algorithm for vertex cover based link monitoring and backbone formation in wireless ad hoc networks,10.1016/j.eswa.2022.118919,,,,,unavailable,no pdf link on sci-hub.mx
10_1016_j_eswa_2023_119849,An Efficient Model for Sentiment Analysis using Artificial Rabbits Optimized Vector Functional Link Network,10.1016/j.eswa.2023.119849,,,,,unavailable,no pdf link on sci-hub.mx
10_1016_j_eswa_2023_120482,Meerkat optimization algorithm: A new meta-heuristic optimization algorithm for solving constrained engineering problems,10.1016/j.eswa.2023.120482,sci-hub,https://sci-hub.box/storage/2024/4796140/458c564a749543c5e0f8e57cac3565ee8a4622cbf45364ea916eac8af097e7a3/Meerkat-optimization-algorithm-A-new-meta-heuristic-optimization-algorithm-for-solving-constrained.pdf#view=FitH&navpanes=0,458c564a749543c5e0f8,36279320,ok,
10_1016_j_eswa_2023_120886,PID-based search algorithm: A novel metaheuristic algorithm based on PID algorithm,10.1016/j.eswa.2023.120886,sci-hub,https://sci-hub.box/storage/2024/3670041/c127c57e196703017d47534886c42ca12245e6491abc53337d4783fc63626930/PID-based-search-algorithm-A-novel-metaheuristic-algorithm-based-on-PID-algorithm.pdf#view=FitH&navpanes=0,c127c57e196703017d47,4819483,ok,
10_1016_j_eswa_2023_120905,Great Wall Construction Algorithm: A novel meta-heuristic algorithm for engineer problems,10.1016/j.eswa.2023.120905,sci-hub,https://sci-hub.box/storage/2024/5547686/2bcd4754c002a028708ce2c796c5d9a31134c023d61297003974d15409a35751/Great-Wall-Construction-Algorithm-A-novel-meta-heuristic-algorithm-for-engineer-problems.pdf#view=FitH&navpanes=0,2bcd4754c002a028708c,15024572,ok,
10_1016_j_eswa_2023_120932,Source-seeking multi-robot team simulator as container of nature-inspired metaheuristic algorithms and Astar algorithm,10.1016/j.eswa.2023.120932,,,,,unavailable,no pdf link on sci-hub.mx
10_1016_j_eswa_2023_121744,Triangulation topology aggregation optimizer: A novel mathematics-based meta-heuristic algorithm for continuous optimization and engineering applications,10.1016/j.eswa.2023.121744,sci-hub,https://sci-hub.box/storage/2024/3237620/827e1d61b05a223c42c7703b11ae26aeecf9ba08a1afe881479ae11309572ce2/Triangulation-topology-aggregation-optimizer-A-novel-mathematics-based-meta-heuristic-algorithm.pdf#view=FitH&navpanes=0,827e1d61b05a223c42c7,5902433,ok,
10_1016_j_eswa_2023_122413,Walrus optimizer: A novel nature-inspired metaheuristic algorithm,10.1016/j.eswa.2023.122413,,,,,unavailable,no pdf link on sci-hub.mx
10_1016_j_eswa_2023_122732,… effective metaheuristic technology of people duality psychological tendency and feedback mechanism-based Inherited Optimization Algorithm for solving engineering …,10.1016/j.eswa.2023.122732,,,,,unavailable,no pdf link on sci-hub.mx
10_1016_j_eswa_2023_123088,Football team training algorithm: A novel sport-inspired meta-heuristic optimization algorithm for global optimization,10.1016/j.eswa.2023.123088,sci-hub,https://sci-hub.box/storage/2024/3935299/76863850a0a4d9171f37223f09fda8b99fc6a9eaea2f7f1a23243dfa7dc3bdd9/Football-team-training-algorithm-A-novel-sport-inspired-meta-heuristic-optimization-algorithm.pdf#view=FitH&navpanes=0,76863850a0a4d9171f37,6754726,ok,
10_1016_j_eswa_2024_123362,Particle guided metaheuristic algorithm for global optimization and feature selection problems,10.1016/j.eswa.2024.123362,,,,,unavailable,no pdf link on sci-hub.mx
10_1016_j_eti_2020_101118,Meta-heuristic matrix moth–flame algorithm for optimal reconfiguration of distribution networks and placement of solar and wind renewable sources considering …,10.1016/j.eti.2020.101118,sci-hub,https://sci-hub.box/storage/2024/8369/f7a166f8b5fa4575dd0d14914ea93820/jafar-nowdeh2020.pdf,947da2dc2fd5650d9968,677241,ok,
10_1016_j_fuel_2024_133869,A novel metaheuristic optimizer based on improved adaptive guided differential evolution algorithm for parameter identification of a PEMFC model,10.1016/j.fuel.2024.133869,,,,,unavailable,no pdf link on sci-hub.st
10_1016_j_future_2022_05_022,GOZDE: A novel metaheuristic algorithm for global optimization,10.1016/j.future.2022.05.022,,,,,unavailable,no pdf link on sci-hub.mx
10_1016_j_future_2024_04_010,Optimizing fog device deployment for maximal network connectivity and edge coverage using metaheuristic algorithm,10.1016/j.future.2024.04.010,,,,,unavailable,no pdf link on sci-hub.mx
10_1016_j_geothermics_2022_102476,Hybrid artificial neural network based on a metaheuristic optimization algorithm for the prediction of reservoir temperature using hydrogeochemical data of different …,10.1016/j.geothermics.2022.102476,,,,,unavailable,no pdf link on sci-hub.mx
10_1016_j_gsf_2014_11_005,Imperialistic competitive algorithm: a metaheuristic algorithm for locating the critical slip surface in 2-dimensional soil slopes,10.1016/j.gsf.2014.11.005,sci-hub,https://sci-hub.box/storage/dace/3561/568394b3bb977a9da3c36926a76c56ed/kashani2016.pdf,b9a3b32886a12760ab19,969091,ok,http 502
10_1016_j_gsf_2021_101313,Optimized functional linked neural network for predicting diaphragm wall deflection induced by braced excavations in clays,10.1016/j.gsf.2021.101313,sci-hub,https://sci-hub.box/storage/2024/9033/3fa01a12c98a4b336eb6b04cea9948e8918c043bca670f48724229cd68744aa4/xie2022.pdf,3fa01a12c98a4b336eb6,5744239,ok,
10_1016_j_heliyon_2024_e31391,Gravity profiles interpretation applying a metaheuristic particle optimization algorithm of mineralized bodies resembled by finite elements,10.1016/j.heliyon.2024.e31391,,,,,unavailable,no pdf link on sci-hub.mx
10_1016_j_heliyon_2024_e31629,Greater cane rat algorithm (GCRA): A nature-inspired metaheuristic for optimization problems,10.1016/j.heliyon.2024.e31629,,,,,unavailable,no pdf link on sci-hub.mx
10_1016_j_icheatmasstransfer_2024_107382,Thermal resistance optimization of ultra-thin vapor chamber based on data-driven model and metaheuristic algorithm,10.1016/j.icheatmasstransfer.2024.107382,,,,,unavailable,no pdf link on sci-hub.mx
10_1016_j_ifacol_2019_09_122,Control of a refrigeration system benchmark problem: An approach based on cor metaheuristic algorithm and topsis method,10.1016/j.ifacol.2019.09.122,sci-hub,https://sci-hub.box/storage/2024/8824/fbdfb876cda7919f81e08d594a0a6860459b7feadb79d79c3632ecc2bd9f1603/kagami2019.pdf,fbdfb876cda7919f81e0,631257,ok,
10_1016_j_ifacol_2022_04_117,Fuzzy logic based metaheuristic algorithm for optimization of type-1 fuzzy controller: Fault-tolerant control for nonlinear system with actuator fault,10.1016/j.ifacol.2022.04.117,,,,,unavailable,no pdf link on sci-hub.mx
10_1016_j_ijcce_2024_03_003,Multi-Agent Cubature Kalman Optimizer: a novel metaheuristic algorithm for solving numerical optimization problems,10.1016/j.ijcce.2024.03.003,,,,,unavailable,no pdf link on sci-hub.mx
10_1016_j_ijcip_2025_100745,Optimizing vehicle security: A multiclassification framework using deep transfer learning and metaheuristic-based genetic algorithm optimization,10.1016/j.ijcip.2025.100745,,,,,unavailable,no pdf link on sci-hub.mx
10_1016_j_ijepes_2021_107163,New metaheuristic methodology for solving security constrained hydrothermal unit commitment based on adaptive genetic algorithm,10.1016/j.ijepes.2021.107163,sci-hub,https://sci-hub.box/storage/2024/9084/c94d736d6af12af03ff62b88428bf21bcc2c4549c1ce67ee16ef7d415cf28d9b/postolov2022.pdf,234c164d9fe5b0bf743a,691260,ok,
10_1016_j_ins_2014_08_053,A new metaheuristic for numerical function optimization: Vortex Search algorithm,10.1016/j.ins.2014.08.053,existing,,,,cached,695429
10_1016_j_ins_2015_04_031,The gradient evolution algorithm: A new metaheuristic,10.1016/j.ins.2015.04.031,sci-hub,https://sci-hub.box/storage/moscow/3935/2d1fda3da7921a950ae8e41a9986a4c2/kuo2015.pdf,f4ee44c5d6e0ad7d45d4,1603246,ok,http 502
10_1016_j_ins_2015_06_016,A metaheuristic algorithm to solve satellite broadcast scheduling problem,10.1016/j.ins.2015.06.016,existing,,,,cached,2591905
10_1016_j_ins_2016_03_025,A novel meta-heuristic algorithm: dynamic virtual bats algorithm,10.1016/j.ins.2016.03.025,existing,,,,cached,1522548
10_1016_j_ins_2017_03_026,A novel metaheuristic for multi-objective optimization problems: The multi-objective vortex search algorithm,10.1016/j.ins.2017.03.026,existing,,,,cached,4020876
10_1016_j_ins_2017_09_069,Enhanced discrete bacterial memetic evolutionary algorithm-an efficacious metaheuristic for the traveling salesman optimization,10.1016/j.ins.2017.09.069,sci-hub,https://sci-hub.box/storage/twin/6538/8a91b8b98b4309dcb850c4bba6a23bab/10.1016@j.ins.2017.09.069.pdf,895ba510b12d8683d2e2,757250,ok,http 502
10_1016_j_ins_2020_06_037,Gradient-based optimizer: A new metaheuristic optimization algorithm,10.1016/j.ins.2020.06.037,sci-hub,https://sci-hub.box/storage/dace/8200/e33eef2e699f8f6d7ff1e81ee686701b/ahmadianfar2020.pdf,2dafdb1e104763c016a5,3154370,ok,http 502
10_1016_j_ins_2021_06_026,Application of hybrid metaheuristic with perturbation-based K-nearest neighbors algorithm and densest imputation to collaborative filtering in recommender systems,10.1016/j.ins.2021.06.026,sci-hub,https://sci-hub.box/storage/2024/8837/175cb897bd2d752ba249b459b1396ccad38fd163f23a51859b5bade8ff2bb13a/kuo2021.pdf,175cb897bd2d752ba249,3329614,ok,
10_1016_j_ins_2021_11_043,Integrated optimization algorithm: A metaheuristic approach for complicated optimization,10.1016/j.ins.2021.11.043,,,,,unavailable,no pdf link on sci-hub.st
10_1016_j_iotcps_2022_08_001,A metaheuristic optimization algorithm for energy efficiency in digital twins,10.1016/j.iotcps.2022.08.001,,,,,unavailable,no pdf link on sci-hub.mx
10_1016_j_irbm_2020_10_006,Combined metaheuristic algorithm and radiomics strategy for the analysis of neuroanatomical structures in schizophrenia and schizoaffective disorders,10.1016/j.irbm.2020.10.006,sci-hub,https://sci-hub.box/storage/dace/8426/ee5f3b8e2fe299a6cef471599fbdf43a/latha2021.pdf,6b2b05adc66860d4613d,4069824,ok,http 502
10_1016_j_irbm_2022_100749,Deep learning-based metaheuristic weighted k-nearest neighbor algorithm for the severity classification of breast cancer,10.1016/j.irbm.2022.100749,,,,,unavailable,no pdf link on sci-hub.mx
10_1016_j_istruc_2020_03_033,Water strider algorithm: A new metaheuristic and applications,10.1016/j.istruc.2020.03.033,sci-hub,https://sci-hub.box/storage/2024/8085/e75ea5e316102137a1a1acbde27e0d7c/kaveh2020.pdf,7bcf334d5f05f868af2e,5805725,ok,
10_1016_j_istruc_2020_07_058,Billiards-inspired optimization algorithm; a new meta-heuristic method,10.1016/j.istruc.2020.07.058,sci-hub,https://sci-hub.box/storage/2024/8306/406b3a9329e1a6dd26f1a38eda8916d2/kaveh2020.pdf,4c27095f7c7b09e0d7f0,9709463,ok,
10_1016_j_istruc_2023_02_049,Multifrequency-based tension intelligent identification for cables with unknown end-restraints using a metaheuristic algorithm,10.1016/j.istruc.2023.02.049,,,,,unavailable,no pdf link on sci-hub.mx
10_1016_j_istruc_2023_04_102,Dujiangyan irrigation system optimization (DISO): A novel metaheuristic algorithm for dam safety monitoring,10.1016/j.istruc.2023.04.102,,,,,unavailable,no pdf link on sci-hub.st
10_1016_j_jag_2025_104357,Metaheuristic-driven enhancement of categorical boosting algorithm for flood-prone areas mapping,10.1016/j.jag.2025.104357,,,,,unavailable,no pdf link on sci-hub.st
10_1016_j_jcde_2015_06_003,Lion optimization algorithm (LOA): a nature-inspired metaheuristic algorithm,10.1016/j.jcde.2015.06.003,sci-hub,https://sci-hub.box/storage/2024/4287/21b1d0edb42f13da7b89aa2378323eab/yazdani2015.pdf,f5808d13e30c0710fab1,3165135,ok,
10_1016_j_jclepro_2019_119464,Meta-heuristic algorithm for solving vehicle routing problems with time windows and synchronized visit constraints in prefabricated systems,10.1016/j.jclepro.2019.119464,sci-hub,https://sci-hub.box/storage/2024/7794/865a1598bad1d7107b490f5d5aa8c5f4/li2020.pdf,ddb848e50077c2c6c2f5,1503907,ok,
10_1016_j_jenvman_2025_124238,Improving flood-prone areas mapping using geospatial artificial intelligence (GeoAI): A non-parametric algorithm enhanced by math-based metaheuristic algorithms,10.1016/j.jenvman.2025.124238,,,,,unavailable,no pdf link on sci-hub.mx
10_1016_j_jer_2023_11_024,Wolf-Bird Optimizer (WBO): A novel metaheuristic algorithm for Building Information Modeling-based resource tradeoff,10.1016/j.jer.2023.11.024,,,,,unavailable,no pdf link on sci-hub.mx
10_1016_j_jestch_2016_11_006,Optimizing VM allocation and data placement for data-intensive applications in cloud using ACO metaheuristic algorithm,10.1016/j.jestch.2016.11.006,sci-hub,https://sci-hub.box/storage/zero/6195/27d555f0c0681a90a49edfacbfdc0053/shabeera2017.pdf,bd42e0b6abf7558b615d,2588784,ok,oa: http 403
10_1016_j_jestch_2017_12_009,Water evaporation algorithm: A new metaheuristic algorithm towards the solution of optimal power flow,10.1016/j.jestch.2017.12.009,sci-hub,https://sci-hub.box/storage/2024/6619/f4a832dfd23934825019498d15c5591c/saha2017.pdf,5fc97da3507349052e9d,1784632,ok,oa: http 403
10_1016_j_jfca_2023_105653,"… detecting soluble sugar, total acids, and bacterial concentration during kombucha fermentation based on the visible/near infrared combined meta-heuristic algorithm",10.1016/j.jfca.2023.105653,,,,,unavailable,no pdf link on sci-hub.mx
10_1016_j_jhydrol_2022_129034,Groundwater level modeling using Augmented Artificial Ecosystem Optimization,10.1016/j.jhydrol.2022.129034,,,,,unavailable,no pdf link on sci-hub.mx
10_1016_j_jksuci_2017_05_002,Query-sensitive similarity measure for content-based image retrieval using meta-heuristic algorithm,10.1016/j.jksuci.2017.05.002,sci-hub,https://sci-hub.box/storage/dace/6354/02c734319d1fddbe41ba14e0f4367454/alsmadi2018.pdf,513d88c34e61aea21fb1,735589,ok,http 502
10_1016_j_jksuci_2020_01_012,Hybridization of meta-heuristic algorithm for load balancing in cloud computing environment,10.1016/j.jksuci.2020.01.012,sci-hub,https://sci-hub.box/storage/dace/8357/fcb0818ce0fffc899503d30a79be9cf1/jena2022.pdf,2fe752dac8313e4b9944,1770909,ok,http 502
10_1016_j_jngse_2016_01_001,Sperm whale algorithm: an effective metaheuristic algorithm for production optimization problems,10.1016/j.jngse.2016.01.001,sci-hub,https://sci-hub.box/storage/2024/4802/769888bcc638689f50cea3b1661a58f3/ebrahimi2016.pdf,26169fa1690245598178,2373181,ok,
10_1016_j_jngse_2016_04_024,Hybrid bat flight optimization algorithm applied to complex wellbore trajectories highlights the relative contributions of metaheuristic components,10.1016/j.jngse.2016.04.024,sci-hub,https://sci-hub.box/storage/dace/5259/78cbac0e16f260246797e86a52a23adb/wood2016.pdf,980a566a0bdf1432cc23,2326314,ok,http 502
10_1016_j_jngse_2017_07_012,Application of DOE and metaheuristic bat algorithm for well placement and individual well controls optimization,10.1016/j.jngse.2017.07.012,sci-hub,https://sci-hub.box/storage/zero/6463/9c877c2570a52fee17ca2128bb07cafa/naderi2017.pdf,e67755bf798868431328,1572853,ok,
10_1016_j_jobe_2022_105062,Optimal energy management system for residential buildings considering the time of use price with swarm intelligence algorithms,10.1016/j.jobe.2022.105062,,,,,unavailable,no pdf link on sci-hub.mx
10_1016_j_jobe_2022_105087,Energy consumption prediction of air-conditioning systems in eco-buildings using hunger games search optimization-based artificial neural network model,10.1016/j.jobe.2022.105087,,,,,unavailable,no pdf link on sci-hub.mx
10_1016_j_jobe_2025_112448,AIoT-based Indoor Air Quality Prediction for Building Using Enhanced Metaheuristic Algorithm and Hybrid Deep Learning,10.1016/j.jobe.2025.112448,,,,,unavailable,no pdf link on sci-hub.mx
10_1016_j_jocs_2017_06_003,A new meta-heuristic butterfly-inspired algorithm,10.1016/j.jocs.2017.06.003,existing,,,,cached,2488104
10_1016_j_jocs_2021_101352,Hybrid meta-heuristic algorithm based deep neural network for face recognition,10.1016/j.jocs.2021.101352,sci-hub,https://sci-hub.box/storage/dace/8658/f8b4e808ded9fcd01ad87038ab5a91d3/soni2021.pdf,525fb28cbe70c30a3db7,9880202,ok,http 502
10_1016_j_jocs_2023_101978,"A fuzzy adaptive metaheuristic algorithm for identifying sustainable, economical, and earthquake-resistant reinforced concrete cantilever retaining walls",10.1016/j.jocs.2023.101978,,,,,unavailable,no pdf link on sci-hub.mx
10_1016_j_jog_2022_101953,Gravity data inversion applying a metaheuristic Bat algorithm for various ore and mineral models,10.1016/j.jog.2022.101953,,,,,unavailable,no pdf link on sci-hub.mx
10_1016_j_jpdc_2020_04_008,A new energy-aware tasks scheduling approach in fog computing using hybrid meta-heuristic algorithm,10.1016/j.jpdc.2020.04.008,existing,,,,cached,1531285
10_1016_j_knosys_2014_07_025,Stochastic fractal search: a powerful metaheuristic algorithm,10.1016/j.knosys.2014.07.025,sci-hub,https://sci-hub.box/storage/moscow/2742/14d2387aa40a820e31bbe33c46632718/salimi2015.pdf,d988695a9d7992b1664d,2497389,ok,http 502
10_1016_j_knosys_2021_106926,SSC: A hybrid nature-inspired meta-heuristic optimization algorithm for engineering applications,10.1016/j.knosys.2021.106926,sci-hub,https://sci-hub.box/storage/dace/8672/bc586af1559aad9cafa798faebef974c/dhiman2021.pdf,5911f437c6ee49ef84f0,4235174,ok,http 502
10_1016_j_knosys_2021_107241,Metaheuristic algorithm for anomaly detection in Internet of Things leveraging on a neural-driven multiagent system,10.1016/j.knosys.2021.107241,sci-hub,https://sci-hub.box/storage/2024/9082/9291f92e6629e22e47a09b987f579b7ca652dddbf243c924963ce08660bd366b/forestiero2021.pdf,234c164d9fe5b0bf743a,691260,ok,
10_1016_j_knosys_2022_108320,Snake Optimizer: A novel meta-heuristic optimization algorithm,10.1016/j.knosys.2022.108320,sci-hub,https://sci-hub.box/storage/2024/4613049/cb8f19095842cbba245aad133a12e73e56ffa9df97b9789fd65d26641b1642bb/Snake-Optimizer-A-novel-meta-heuristic-optimization-algorithm.pdf#view=FitH&navpanes=0,cb8f19095842cbba245a,4680542,ok,
10_1016_j_knosys_2022_108457,White Shark Optimizer: A novel bio-inspired meta-heuristic algorithm for global optimization problems,10.1016/j.knosys.2022.108457,sci-hub,https://sci-hub.box/storage/2024/8954/60d0c99a813f2fa2286762e77457c895d2bf8eec2e501c8da659f5c6d5feac8d/braik2022.pdf,60d0c99a813f2fa22867,3574233,ok,
10_1016_j_knosys_2022_108659,Hybrid deep learning with optimal feature selection for speech emotion recognition using improved meta-heuristic algorithm,10.1016/j.knosys.2022.108659,sci-hub,https://sci-hub.box/storage/zero/9009/3e7881ca8d20b5453d0dd963c618a6d2d0ba7ca12b8a306fe5665eb6fbb5aba1/manohar2022.pdf,3e7881ca8d20b5453d0d,6954208,ok,
10_1016_j_knosys_2022_109189,A new metaheuristic optimization based on K-means clustering algorithm and its application to structural damage identification,10.1016/j.knosys.2022.109189,existing,,,,cached,6246417
10_1016_j_knosys_2022_109215,Beluga whale optimization: A novel nature-inspired metaheuristic algorithm,10.1016/j.knosys.2022.109215,sci-hub,https://sci-hub.box/storage/2024/8980/f900b5e8184d77b4658d5c641b62bb3a5f74842d7e7763d45c5321fd9064008d/zhong2022.pdf,f900b5e8184d77b4658d,3568234,ok,
10_1016_j_knosys_2022_110011,Coati Optimization Algorithm: A new bio-inspired metaheuristic algorithm for solving optimization problems,10.1016/j.knosys.2022.110011,,,,,unavailable,no pdf link on sci-hub.st
10_1016_j_knosys_2022_110032,Homonuclear molecules optimization (HMO) meta-heuristic algorithm,10.1016/j.knosys.2022.110032,sci-hub,https://sci-hub.box/storage/zero/9034/42db707687022a382e7089faf7ae9961d78fe0456219dafb6a9940b77c0c404f/mahdavi-meymand2022.pdf,42db707687022a382e70,2501520,ok,
10_1016_j_knosys_2022_110206,Growth Optimizer: A powerful metaheuristic algorithm for solving continuous and discrete global optimization problems,10.1016/j.knosys.2022.110206,,,,,unavailable,no pdf link on sci-hub.mx
10_1016_j_knosys_2022_110248,Nutcracker optimizer: A novel nature-inspired metaheuristic algorithm for global optimization and engineering design problems,10.1016/j.knosys.2022.110248,,,,,unavailable,no pdf link on sci-hub.mx
10_1016_j_knosys_2023_110368,An inverse reinforcement learning framework with the Q-learning mechanism for the metaheuristic algorithm,10.1016/j.knosys.2023.110368,,,,,unavailable,no pdf link on sci-hub.mx
10_1016_j_knosys_2023_110454,Kepler optimization algorithm: A new metaheuristic algorithm inspired by Kepler's laws of planetary motion,10.1016/j.knosys.2023.110454,,,,,unavailable,http 200 not-pdf
10_1016_j_knosys_2023_110939,Optical microscope algorithm: A new metaheuristic inspired by microscope magnification for solving engineering optimization problems,10.1016/j.knosys.2023.110939,,,,,unavailable,no pdf link on sci-hub.mx
10_1016_j_knosys_2024_111737,Artificial Protozoa Optimizer (APO): A novel bio-inspired metaheuristic algorithm for engineering optimization,10.1016/j.knosys.2024.111737,,,,,unavailable,no pdf link on sci-hub.mx
10_1016_j_knosys_2024_111880,The Hiking Optimization Algorithm: A novel human-based metaheuristic approach,10.1016/j.knosys.2024.111880,,,,,unavailable,no pdf link on sci-hub.mx
10_1016_j_knosys_2024_112194,Neural population dynamics optimization algorithm: A novel brain-inspired meta-heuristic method,10.1016/j.knosys.2024.112194,sci-hub,https://sci-hub.box/storage/2024/4453071/f1ec4c0f1444b6550ae2e017c327c5fe86d4c5793e1b279970e2449164bbb31e/Neural-population-dynamics-optimization-algorithm-A-novel-brain-inspired-meta-heuristic-method.pdf#view=FitH&navpanes=0,f1ec4c0f1444b6550ae2,2981935,ok,
10_1016_j_knosys_2024_112564,Weighted average algorithm: A novel meta-heuristic optimization algorithm based on the weighted average position concept,10.1016/j.knosys.2024.112564,sci-hub,https://sci-hub.box/storage/2024/3151033/642a27994c4497ba04b2576954dde95f03743e33908776058e697ca424fec5e7/Weighted-average-algorithm-A-novel-meta-heuristic-optimization-algorithm-based-on-the-weighted.pdf#view=FitH&navpanes=0,642a27994c4497ba04b2,15366350,ok,
10_1016_j_knosys_2024_112756,TreeC: a method to generate interpretable energy management systems using a metaheuristic algorithm,10.1016/j.knosys.2024.112756,,,,,unavailable,no pdf link on sci-hub.mx
10_1016_j_matcom_2020_05_023,Human urbanization algorithm: A novel metaheuristic approach,10.1016/j.matcom.2020.05.023,sci-hub,https://sci-hub.box/storage/dace/8176/ae80de596394ddab0fb16642a5077c43/ghasemian2020.pdf,2561bbe0d4d027ecefb7,2554489,ok,http 502
10_1016_j_matcom_2021_08_013,Honey Badger Algorithm: New metaheuristic algorithm for solving optimization problems,10.1016/j.matcom.2021.08.013,sci-hub,https://sci-hub.box/storage/2024/9076/ffdb28522fb83749cf54164d67394b249b9d02dd2c465784941c9950fe4b4476/hashim2022.pdf,234c164d9fe5b0bf743a,691260,ok,
10_1016_j_matcom_2021_12_010,Trees Social Relations Optimization Algorithm: A new Swarm-Based metaheuristic technique to solve continuous and discrete optimization problems,10.1016/j.matcom.2021.12.010,sci-hub,https://sci-hub.box/storage/2024/8986/92e73c75ab967f6e3fb5002f94d11ccf31dc7cfc8486a47f9accf2e73b76c884/alimoradi2022.pdf,92e73c75ab967f6e3fb5,7297059,ok,
10_1016_j_matcom_2022_05_015,Aphid–ant mutualism: A novel nature-inspired​ metaheuristic algorithm for solving optimization problems,10.1016/j.matcom.2022.05.015,sci-hub,https://sci-hub.box/storage/zero/8969/a9daa0cd3ea35b83bf74f3e18a8d287aa9dcd7e3d3cbf2f2d5423561adc33105/eslami2022.pdf,a9daa0cd3ea35b83bf74,3036760,ok,
10_1016_j_matcom_2022_06_007,Gannet optimization algorithm: A new metaheuristic algorithm for solving engineering optimization problems,10.1016/j.matcom.2022.06.007,sci-hub,https://sci-hub.box/storage/2024/9027/a8dc61fc09e570c25ed03b1653dbd6de12beba048ee3847bc1e16121ef2ed03b/pan2022.pdf,a8dc61fc09e570c25ed0,3360584,ok,
10_1016_j_matcom_2022_12_027,Orchard Algorithm (OA): A new meta-heuristic algorithm for solving discrete and continuous optimization problems,10.1016/j.matcom.2022.12.027,,,,,unavailable,no pdf link on sci-hub.mx
10_1016_j_matcom_2023_03_004,Altruistic population algorithm: A metaheuristic search algorithm for solving multimodal multi-objective optimization problems,10.1016/j.matcom.2023.03.004,,,,,unavailable,no pdf link on sci-hub.mx
10_1016_j_matcom_2023_06_015,Special Forces Algorithm: A novel meta-heuristic method for global optimization,10.1016/j.matcom.2023.06.015,,,,,unavailable,no pdf link on sci-hub.mx
10_1016_j_matpr_2022_04_803,A comprehensive survey on metaheuristic algorithm for feature selection techniques,10.1016/j.matpr.2022.04.803,existing,,,,cached,362631
10_1016_j_measen_2022_100617,Seizure detection using integrated metaheuristic algorithm based ensemble extreme learning machine,10.1016/j.measen.2022.100617,sci-hub,https://sci-hub.box/storage/2024/3108622/77dec8d236a5d91b05103ed87142eea3fe102d6b1ce1796ea3ad078e36bd3061/Seizure-detection-using-integrated-metaheuristic-algorithm-based-ensemble-extreme-learning.pdf#view=FitH&navpanes=0,77dec8d236a5d91b0510,7563920,ok,
10_1016_j_measurement_2025_116917,Fast and accurate estimation of PEMFCs model parameters using a dimension learning-based modified grey wolf metaheuristic algorithm,10.1016/j.measurement.2025.116917,,,,,unavailable,no pdf link on sci-hub.mx
10_1016_j_mex_2021_101226,A new hybrid metaheuristic method based on biogeography-based optimization and particle swarm optimization algorithm to estimate money demand in Iran,10.1016/j.mex.2021.101226,existing,,,,cached,904228
10_1016_j_micpro_2023_104898,Metaheuristic algorithm for energy efficient clustering scheme in wireless sensor networks,10.1016/j.micpro.2023.104898,,,,,unavailable,no pdf link on sci-hub.st
10_1016_j_neucom_2016_04_017,An application of a metaheuristic algorithm-based clustering ensemble method to APP customer segmentation,10.1016/j.neucom.2016.04.017,existing,,,,cached,1118619
10_1016_j_neucom_2019_06_112,Complex-valued encoding metaheuristic optimization algorithm: A comprehensive survey,10.1016/j.neucom.2019.06.112,sci-hub,https://sci-hub.box/storage/dace/8146/ec29b7cbdf27466739adb54a98d3525f/wang2020.pdf,35b685aaa07d30a276e4,7666455,ok,http 502
10_1016_j_nima_2018_10_178,New hybrid metaheuristic algorithm for scintillator gamma ray spectrum analysis,10.1016/j.nima.2018.10.178,sci-hub,https://sci-hub.box/storage/twin/7199/ad16354d6b680ff7b86094ad5a9868fb/alizadeh2019.pdf,91316bcf4b004119dbd7,2935141,ok,http 502
10_1016_j_pce_2024_103669,Prediction of drought hydrological and water scarcity based on optimal artificial intelligence by developing a metaheuristic optimization algorithm,10.1016/j.pce.2024.103669,,,,,unavailable,no pdf link on sci-hub.mx
10_1016_j_petlm_2021_12_008,Production optimization under waterflooding with Long Short-Term Memory and metaheuristic algorithm,10.1016/j.petlm.2021.12.008,,,,,unavailable,no pdf link on sci-hub.mx
10_1016_j_petrol_2016_12_028,Well placement optimization using metaheuristic bat algorithm,10.1016/j.petrol.2016.12.028,sci-hub,https://sci-hub.box/storage/twin/6208/27d118e3b04a05c19a96871bf2415fff/naderi2017.pdf,9ab172009aea59dc2ae3,1140018,ok,http 502
10_1016_j_petrol_2018_09_031,"Novel statistical forecasting models for crude oil price, gas price, and interest rate based on meta-heuristic bat algorithm",10.1016/j.petrol.2018.09.031,sci-hub,https://sci-hub.box/storage/2024/7112/377c3a2f4d60e87ec4ef589bc7531d32/naderi2019.pdf,ea6fe5cd2206da5ebae3,2305055,ok,
10_1016_j_petrol_2020_107512,Rain optimization algorithm (ROA): A new metaheuristic method for drilling optimization solutions,10.1016/j.petrol.2020.107512,sci-hub,https://sci-hub.box/storage/dace/8213/0b02ccac3dabc3ff724af5e305fd38bd/moazzeni2020.pdf,2fe0d5e48cc71afb1eb1,2696254,ok,http 502
10_1016_j_petrol_2021_109468,Well production forecast in Volve field: Application of rigorous machine learning techniques and metaheuristic algorithm,10.1016/j.petrol.2021.109468,sci-hub,https://sci-hub.box/storage/2024/9107/8af29b573696a52a8f85e70d945235fd1d3c9a8c571dde069f85442fd813ab9a/ng2022.pdf,234c164d9fe5b0bf743a,691260,ok,
10_1016_j_pmcj_2021_101504,Hybrid metaheuristic algorithm for optimal cluster head selection in wireless sensor network,10.1016/j.pmcj.2021.101504,,,,,unavailable,no pdf link on sci-hub.mx
10_1016_j_prime_2023_100243,Tyrannosaurus optimization algorithm: A new nature-inspired meta-heuristic algorithm for solving optimal control problems,10.1016/j.prime.2023.100243,,,,,unavailable,no pdf link on sci-hub.mx
10_1016_j_prime_2023_100377,FPGA implementation of metaheuristic optimization algorithm,10.1016/j.prime.2023.100377,,,,,unavailable,no pdf link on sci-hub.mx
10_1016_j_psep_2024_03_082,Innovative metaheuristic algorithm with comparative analysis of MPPT for 5.5 kW floating photovoltaic system,10.1016/j.psep.2024.03.082,,,,,unavailable,no pdf link on sci-hub.st
10_1016_j_rcim_2019_101828,A hybrid metaheuristic algorithm for a profit-oriented and energy-efficient disassembly sequencing problem,10.1016/j.rcim.2019.101828,existing,,,,cached,1120090
10_1016_j_renene_2022_04_162,GA-GOA hybrid algorithm and comparative study of different metaheuristic population-based algorithms for solar tower heliostat field design,10.1016/j.renene.2022.04.162,sci-hub,https://sci-hub.box/storage/zero/8998/844dd3276d52c96cd3dbfa91cef0433989b09ba96bd1795f281feecf7cdaf911/arrif2022.pdf,844dd3276d52c96cd3db,3264453,ok,
10_1016_j_resconrec_2021_105395,"… for environmental, economical and mechanical objectives in silica fume concrete: A novel frame-work based on machine learning and a new meta-heuristic algorithm",10.1016/j.resconrec.2021.105395,sci-hub,https://sci-hub.box/storage/dace/8662/e0fe7aa61dc9acd57588bcb010fe1d54/zhang2021.pdf,296638690919507b06a4,12987704,ok,http 502
10_1016_j_rico_2023_100292,Utilizing a hybrid metaheuristic algorithm to solve capacitated vehicle routing problem,10.1016/j.rico.2023.100292,,,,,unavailable,no pdf link on sci-hub.mx
10_1016_j_rsase_2023_100984,A multi-spectral image-based high-level classification based on a modified SVM with enhanced PCA and hybrid metaheuristic algorithm,10.1016/j.rsase.2023.100984,,,,,unavailable,no pdf link on sci-hub.st
10_1016_j_scitotenv_2020_140549,Introducing a novel multi-layer perceptron network based on stochastic gradient descent optimized by a meta-heuristic algorithm for landslide susceptibility mapping,10.1016/j.scitotenv.2020.140549,sci-hub,https://sci-hub.box/storage/2024/8213/56416e358202de1c3eab33b426427a3b/hong2020.pdf,d2d5a1a2b2a40991fbfa,7852310,ok,
10_1016_j_seta_2021_101367,A novel meta-heuristic optimization algorithm based MPPT control technique for PV systems under complex partial shading condition,10.1016/j.seta.2021.101367,existing,,,,cached,9949671
10_1016_j_seta_2022_102724,A metaheuristic algorithm based on simulated annealing for optimal sizing and techno-economic analysis of PV systems with multi-type of battery energy storage,10.1016/j.seta.2022.102724,,,,,unavailable,no pdf link on sci-hub.mx
10_1016_j_solener_2017_08_084,A novel optimal parameters identification of triple-junction solar cell based on a recently meta-heuristic water cycle algorithm,10.1016/j.solener.2017.08.084,existing,,,,cached,1080569
10_1016_j_solener_2018_07_014,Recent meta-heuristic grasshopper optimization algorithm for optimal reconfiguration of partially shaded PV array,10.1016/j.solener.2018.07.014,sci-hub,https://sci-hub.box/storage/twin/6986/0e6d230e64c3437e42a92c8b29a65060/fathy2018.pdf,43dfff41bad652a31aef,2137951,ok,http 502
10_1016_j_suscom_2022_100686,Energy aware resource optimization using unified metaheuristic optimization algorithm allocation for cloud computing environment,10.1016/j.suscom.2022.100686,sci-hub,https://sci-hub.box/storage/zero/9030/4bccecf40030bde43f878b5a198f8222c433faa540016fd4d0908876d2017668/al-wesabi2022.pdf,4bccecf40030bde43f87,3368733,ok,
10_1016_j_suscom_2022_100812,A new offloading method in the green mobile cloud computing based on a hybrid meta-heuristic algorithm,10.1016/j.suscom.2022.100812,existing,,,,cached,1954586
10_1016_j_suscom_2022_100819,Optimal energy management in a microgrid under uncertainties using novel hybrid metaheuristic algorithm,10.1016/j.suscom.2022.100819,,,,,unavailable,no pdf link on sci-hub.mx
10_1016_j_swevo_2015_07_002,Electromagnetic field optimization: a physics-inspired metaheuristic optimization algorithm,10.1016/j.swevo.2015.07.002,sci-hub,https://sci-hub.box/storage/moscow/4444/834ba045462fa550208608621e221620/abedinpourshotorban2016.pdf,a8aa097acbe926eed6da,4454037,ok,http 502
10_1016_j_swevo_2016_01_005,Metaheuristics in structural optimization and discussions on harmony search algorithm,10.1016/j.swevo.2016.01.005,sci-hub,https://sci-hub.box/storage/zero/6418/7d99dc3dfad6aaf2f7e15cdf6015a695/saka2016.pdf,eadc1f30c79167eeca91,327845,ok,
10_1016_j_swevo_2018_01_010,Robust tuning of excitation controller for stability enhancement using multi-objective metaheuristic Firefly algorithm,10.1016/j.swevo.2018.01.010,sci-hub,https://sci-hub.box/storage/twin/6657/55c56b66db2137279218a6e360c71b92/singh2019.pdf,0b6b69dfc03084600deb,1568040,ok,http 502
10_1016_j_swevo_2020_100662,An efficient hybrid metaheuristic algorithm for cardinality constrained portfolio optimization,10.1016/j.swevo.2020.100662,sci-hub,https://sci-hub.box/storage/2024/8032/532bb024ecc9048eb8438a65d84f1a07/kalayci2020.pdf,c2f23e8af135acd51571,2699796,ok,
10_1016_j_swevo_2021_100973,A prescription of methodological guidelines for comparing bio-inspired optimization algorithms,10.1016/j.swevo.2021.100973,existing,,,,cached,691260
10_1016_j_trc_2022_103838,A multi-objective home healthcare delivery model and its solution using a branch-and-price algorithm and a two-stage meta-heuristic algorithm,10.1016/j.trc.2022.103838,,,,,unavailable,no pdf link on sci-hub.st
10_1016_j_tre_2022_102755,Integrated aviation model and metaheuristic algorithm for hub-and-spoke network design and airline fleet planning,10.1016/j.tre.2022.102755,,,,,unavailable,no pdf link on sci-hub.mx
10_1016_j_vehcom_2017_04_005,The vehicle routing problem with private fleet and multiple common carriers: Solution with hybrid metaheuristic algorithm,10.1016/j.vehcom.2017.04.005,sci-hub,https://sci-hub.box/storage/zero/6346/4cc31aed880f487dcf6649e08c806534/euchi2017.pdf,c7e44aa4e69885d2c14d,853369,ok,
10_1021_acs_chemrev_0c00011,Coinage-metal-based cyclic trinuclear complexes with metal–metal interactions: Theories to experiments and structures to functions,10.1021/acs.chemrev.0c00011,sci-hub,https://sci-hub.box/storage/dace/8306/76b4b8343197b8f01c9b061f9a5fb5a5/zheng2020.pdf,5e3f738c1d7de28a4f5e,35694977,ok,http 502
10_1038_s41598_021_93543_8,Combining a convolutional neural network with autoencoders to predict the survival chance of COVID-19 patients,10.1038/s41598-021-93543-8,sci-hub,https://sci-hub.box/storage/zero/8876/620602f470aa19a56cb0228eb95fb1756f4067b8b16579c269f4208d0036d582/khozeimeh2021.pdf,620602f470aa19a56cb0,4800210,ok,
10_1038_s41598_022_04923_7,Proposing a hybrid metaheuristic optimization algorithm and machine learning model for energy use forecast in non-residential buildings,10.1038/s41598-022-04923-7,sci-hub,https://sci-hub.box/storage/2024/8901/859ea0da0b23213ebc5e5da05f0f975b2ccd6b62404ae64f79b2b3d272053af1/ngo2022.pdf,859ea0da0b23213ebc5e,3625906,ok,
10_1038_s41598_022_14225_7,A new human-based metaheuristic algorithm for solving optimization problems on the base of simulation of driving training process,10.1038/s41598-022-14225-7,existing,,,,cached,6673837
10_1038_s41598_022_14338_z,The cheetah optimizer: A nature-inspired metaheuristic algorithm for large-scale optimization problems,10.1038/s41598-022-14338-z,sci-hub,https://sci-hub.box/storage/zero/8947/d96832214132ef6e637841bc6683a079b8f82a31a2fc739fa7626eb15c218af0/akbari2022.pdf,d96832214132ef6e6378,5850008,ok,
10_1038_s41598_022_18334_1,Magnetic data interpretation for 2D dikes by the metaheuristic bat algorithm: Sustainable development cases,10.1038/s41598-022-18334-1,sci-hub,https://sci-hub.box/storage/2024/8951/99cc28c841a286fc0ff602a13f9590d385e6724c1ef45b047f19184642b4c671/essa2022.pdf,99cc28c841a286fc0ff6,13867067,ok,
10_1038_s41598_022_21075_w,Metaheuristic algorithm integrated neural networks for well-test analyses of petroleum reservoirs,10.1038/s41598-022-21075-w,sci-hub,https://sci-hub.box/storage/zero/8956/dc7880f496ae9b1b46a6f4627b16b47de507ae7e2c0306963c772321f2167b51/kumarpandey2022.pdf,dc7880f496ae9b1b46a6,5151025,ok,
10_1038_s41598_022_22170_8,An aphid inspired metaheuristic optimization algorithm and its application to engineering,10.1038/s41598-022-22170-8,existing,,,,cached,2743067
10_1038_s41598_022_22458_9,A new human-inspired metaheuristic algorithm for solving optimization problems based on mimicking sewing training,10.1038/s41598-022-22458-9,existing,,,,cached,3872082
10_1038_s41598_022_27344_y,Energy valley optimizer: a novel metaheuristic algorithm for global and engineering optimization,10.1038/s41598-022-27344-y,sci-hub,https://sci-hub.box/storage/2024/7343979/0e41c13b55b3b323e57ca14a997b8194879c954e7660987a5445495d45804257/Energy-valley-optimizer-a-novel-metaheuristic-algorithm-for-global-and-engineering-optimization.pdf#view=FitH&navpanes=0,0e41c13b55b3b323e57c,5215046,ok,
10_1038_s41598_023_30409_1,The research of a novel WOG-YOLO algorithm for autonomous driving object detection,10.1038/s41598-023-30409-1,sci-hub,https://sci-hub.box/storage/2024/4957388/515b9a59a2039042cf7869fbbf1761d8785d5099e22ebe131cf76e32aca60839/The-research-of-a-novel-WOG-YOLO-algorithm-for-autonomous-driving-object-detection.pdf#view=FitH&navpanes=0,515b9a59a2039042cf78,2602116,ok,
10_1038_s41598_023_32098_2,A smart privacy preserving framework for industrial IoT using hybrid meta-heuristic algorithm,10.1038/s41598-023-32098-2,existing,,,,cached,2443244
10_1038_s41598_023_32465_z,Squid game optimizer (SGO): A novel metaheuristic algorithm,10.1038/s41598-023-32465-z,sci-hub,https://sci-hub.box/storage/2024/4646987/c2cbe6a0fa5f9d710140f78f673c33ca0ff968676c0d381dd50a12b4d397076e/Squid-Game-Optimizer-SGO-a-novel-metaheuristic-algorithm.pdf#view=FitH&navpanes=0,c2cbe6a0fa5f9d710140,3578503,ok,
10_1038_s41598_023_35863_5,A new bio-inspired metaheuristic algorithm for solving optimization problems based on walruses behavior,10.1038/s41598-023-35863-5,existing,,,,cached,4768780
10_1038_s41598_023_37537_8,Mother optimization algorithm: A new human-based metaheuristic approach for solving engineering optimization,10.1038/s41598-023-37537-8,sci-hub,https://sci-hub.box/storage/2024/5094630/809e962d99aa8c21c9c24940ff184a40f30a9d46988f620a131831b11989d9d1/Mother-optimization-algorithm-a-new-human-based-metaheuristic-approach-for-solving-engineering.pdf#view=FitH&navpanes=0,809e962d99aa8c21c9c2,8342128,ok,
10_1038_s41598_023_38163_0,Optimization of neural-network model using a meta-heuristic algorithm for the estimation of dynamic Poisson's ratio of selected rock types,10.1038/s41598-023-38163-0,sci-hub,https://sci-hub.box/storage/2024/9126933/bbf00f66cf8ec014ef8cbd10e27b4ee1373266388a4743c324493c9818f13326/Optimization-of-neural-network-model-using-a-meta-heuristic-algorithm-for-the-estimation.pdf#view=FitH&navpanes=0,bbf00f66cf8ec014ef8c,3044475,ok,
10_1038_s41598_023_43748_w,Pair barracuda swarm optimization algorithm: a natural-inspired metaheuristic method for high dimensional optimization problems,10.1038/s41598-023-43748-w,sci-hub,https://sci-hub.box/storage/2024/6367270/a1f7be218402b48ad334a5fa77d08120f4b75fec3f4280e9dd8b8fefaa05dd10/Pair-barracuda-swarm-optimization-algorithm-a-natural-inspired-metaheuristic-method-for-high.pdf#view=FitH&navpanes=0,a1f7be218402b48ad334,9189088,ok,
10_1038_s41598_023_44032_7,Performance enhancement in clustering cooperative spectrum sensing for cognitive radio network using metaheuristic algorithm,10.1038/s41598-023-44032-7,sci-hub,https://sci-hub.box/storage/2024/1403608/383fa309b4ad5df7266225257852eb70116a2047bba6c3075539978243128eae/Performance-enhancement-in-clustering-cooperative-spectrum-sensing-for-cognitive-radio-network.pdf#view=FitH&navpanes=0,383fa309b4ad5df72662,1771330,ok,
10_1038_s41598_023_48462_1,A new human-based metaheuristic algorithm for solving optimization problems based on preschool education,10.1038/s41598-023-48462-1,existing,,,,cached,6442843
10_1038_s41598_024_53602_2,Application of a novel metaheuristic algorithm inspired by stadium spectators in global optimization problems,10.1038/s41598-024-53602-2,sci-hub,https://sci-hub.box/storage/2024/8779307/9ee89ce2168409edc801c5a69bcc3333eb984041efcbb8100e2372e45847c5b9/Application-of-a-novel-metaheuristic-algorithm-inspired-by-stadium-spectators-in-global-optimization.pdf#view=FitH&navpanes=0,9ee89ce2168409edc801,12406875,ok,
10_1038_s41598_024_55619_z,Augmented weighted K-means grey wolf optimizer: An enhanced metaheuristic algorithm for data clustering problems,10.1038/s41598-024-55619-z,sci-hub,https://sci-hub.box/storage/2024/4040613/16a7859d9a02ee798167c8ec57dbefd26b94f490d2737d743a4c6d194fbbc4e8/Augmented-weighted-K-means-grey-wolf-optimizer-An-enhanced-metaheuristic-algorithm-for-data.pdf#view=FitH&navpanes=0,16a7859d9a02ee798167,10037919,ok,
10_1038_s41598_024_68584_4,MPPT algorithm based on metaheuristic techniques (PSO & GA) dedicated to improve wind energy water pumping system performance,10.1038/s41598-024-68584-4,sci-hub,https://sci-hub.box/storage/2024/1727092/b73c82acd6bab3e0f18c3f1143afc5237e1b180e4adea8b2bf85b929b5ded070/MPPT-algorithm-based-on-metaheuristic-techniques-PSO-amp-GA-dedicated-to-improve-wind-energy.pdf#view=FitH&navpanes=0,b73c82acd6bab3e0f18c,3125183,ok,
10_1038_s41598_024_70462_y,A hybrid metaheuristic algorithm for antimicrobial peptide toxicity prediction,10.1038/s41598-024-70462-y,existing,,,,cached,4575231
10_1038_s41598_024_70497_1,Bobcat Optimization Algorithm: an effective bio-inspired metaheuristic algorithm for solving supply chain optimization problems,10.1038/s41598-024-70497-1,sci-hub,https://sci-hub.box/storage/2024/3762974/fd560412f9f04018f50e985957d7f696c8f54dcfd681d11e4685df5e5f8e9f48/Bobcat-Optimization-Algorithm-an-effective-bio-inspired-metaheuristic-algorithm-for-solving.pdf#view=FitH&navpanes=0,fd560412f9f04018f50e,6849926,ok,
10_1038_s41598_024_72588_5,Enhancing deep learning-based slope stability classification using a novel metaheuristic optimization algorithm for feature selection,10.1038/s41598-024-72588-5,sci-hub,https://sci-hub.box/storage/2024/1403608/6c2c4f0f67e01187f7a0b1e23c45d99452b7c721185087d62c44e45e38fa9909/Enhancing-deep-learning-based-slope-stability-classification-using-a-novel-metaheuristic.pdf#view=FitH&navpanes=0,6c2c4f0f67e01187f7a0,2246688,ok,
10_1038_s41598_024_74475_5,EEG-based optimization of eye state classification using modified-BER metaheuristic algorithm,10.1038/s41598-024-74475-5,sci-hub,https://sci-hub.box/storage/2024/2921763/7d8515d2a11b73364b13bb1de80372a34711ede6eeee588b3658939035f40e2d/EEG-based-optimization-of-eye-state-classification-using-modified-BER-metaheuristic-algorithm.pdf#view=FitH&navpanes=0,7d8515d2a11b73364b13,3075078,ok,
10_1038_s41598_024_78761_0,Cooperative metaheuristic algorithm for global optimization and engineering problems inspired by heterosis theory,10.1038/s41598-024-78761-0,sci-hub,https://sci-hub.box/storage/2024/1112853/62cc3db8f3813a6cceaaf5a6a78a228943b96e924d13ae12557cbf2db4170bb0/Cooperative-metaheuristic-algorithm-for-global-optimization-and-engineering-problems-inspired.pdf#view=FitH&navpanes=0,62cc3db8f3813a6cceaa,10049296,ok,
10_1038_s41598_024_79316_z,Application of a novel metaheuristic algorithm inspired by connected banking system in truss size and layout optimum design problems and optimization problems,10.1038/s41598-024-79316-z,sci-hub,https://sci-hub.box/storage/2024/5263154/d64ce382faa1ef57040dc61d3ca93793b86c6585f5885bd4dea428f7a75c238e/Application-of-a-novel-metaheuristic-algorithm-inspired-by-connected-banking-system-in-truss.pdf#view=FitH&navpanes=0,d64ce382faa1ef57040d,5451485,ok,
10_1038_s41598_025_86251_0,Predicting carbon dioxide emissions using deep learning and Ninja metaheuristic optimization algorithm,10.1038/s41598-025-86251-0,sci-hub,https://sci-hub.box/storage/2024/1468256/6618d6176372aca896618a382b1aac9b37e067666af1b15ee808db6a637f8c87/Predicting-carbon-dioxide-emissions-using-deep-learning-and-Ninja-metaheuristic-optimization.pdf#view=FitH&navpanes=0,6618d6176372aca89661,4299140,ok,
10_1038_s41598_025_88350_4,A prosperous and thorough analysis of gravity profiles for resources exploration utilizing the metaheuristic Bat Algorithm,10.1038/s41598-025-88350-4,existing,,,,cached,6923642
10_1039_c7mb00204a,FOCuS: a metaheuristic algorithm for computing knockouts from genome-scale models for strain optimization,10.1039/c7mb00204a,sci-hub,https://sci-hub.box/storage/zero/6439/3e2ea6953be41fa012d406deaff6b3ed/mutturi2017.pdf,dafb11e0fa7b8f9fdd46,2525391,ok,
10_1049_rpg2_13041,Optimal adaptive coordination of overcurrent relays in power systems protection using a new hybrid metaheuristic algorithm,10.1049/rpg2.13041,,,,,unavailable,no pdf link on sci-hub.mx
10_1049_tje2_12383,A metaheuristic algorithm for regulating virtual inertia of a standalone microgrid incorporating electric vehicles,10.1049/tje2.12383,,,,,unavailable,no pdf link on sci-hub.mx
10_1051_ro_2019006,An efficient two-phase metaheuristic algorithm for the time dependent traveling salesman problem,10.1051/ro/2019006,sci-hub,https://sci-hub.box/storage/2024/7638/efc5fc45569f91a8f4891bf63bc230cb/ban2019.pdf,385665cdba7e2f5eb4ae,290401,ok,
10_1063_5_0203448,The use of metaheuristic optimization algorithm in abrasive water jet machining of white marble,10.1063/5.0203448,,,,,unavailable,http 403
10_1080_00207543_2021_1987550,A hybrid learning-based meta-heuristic algorithm for scheduling of an additive manufacturing system consisting of parallel SLM machines,10.1080/00207543.2021.1987550,existing,,,,cached,6087450
10_1080_00295450_2018_1496692,"Gnowee: a hybrid metaheuristic optimization algorithm for constrained, black box, combinatorial mixed-integer design",10.1080/00295450.2018.1496692,sci-hub,https://sci-hub.box/storage/twin/7084/9528d65042e1b3ed5696d0ae43ef87ab/bevins2018.pdf,a2e603fe684dc3678fd8,2892710,ok,http 502
10_1080_01431161_2019_1711244,On the use of the SOS metaheuristic algorithm in hybrid image fusion methods to achieve optimum spectral fidelity,10.1080/01431161.2019.1711244,sci-hub,https://sci-hub.box/storage/2024/8040/212c7dace08b594310e513c7e7579b0c/serifogluyilmaz2020.pdf,9a3427a3f20945713845,5052256,ok,
10_1080_0305215x_2014_994868,A novel metaheuristic for continuous optimization problems: Virus optimization algorithm,10.1080/0305215x.2014.994868,existing,,,,cached,1798986
10_1080_0305215x_2017_1313250,A new hybrid meta-heuristic algorithm for optimal design of large-scale dome structures,10.1080/0305215x.2017.1313250,existing,,,,cached,3688040
10_1080_0305215x_2018_1463527,Binary whale optimization algorithm: a new metaheuristic approach for profit-based unit commitment problems in competitive electricity markets,10.1080/0305215x.2018.1463527,sci-hub,https://sci-hub.box/storage/zero/6866/3b6061aefaa650536c405eca1f8d54ae/10.1080@0305215x.2018.1463527.pdf,bc80dd1b2381b19cf15d,3305371,ok,
10_1080_0305215x_2019_1565282,A new metaheuristic optimization method: the algorithm of the innovative gunner (AIG),10.1080/0305215x.2019.1565282,existing,,,,cached,2690974
10_1080_0305215x_2019_1650923,"Agile two-stage lot-sizing and scheduling problem with reliability, customer satisfaction and behaviour under uncertainty: a hybrid metaheuristic algorithm",10.1080/0305215x.2019.1650923,existing,,,,cached,3578760
10_1080_0305215x_2024_2349104,A novel exploration strategy for the YUKI algorithm for topology optimization with metaheuristic structural binary distribution,10.1080/0305215x.2024.2349104,,,,,unavailable,http 200 not-pdf
10_1080_08839514_2018_1451222,Metaheuristic algorithm for state-based software testing,10.1080/08839514.2018.1451222,sci-hub,https://sci-hub.box/storage/2024/6815/6102dda564e0b698528c4f825d26e50e/haraty2018.pdf,33adb759b42a54002b74,2195032,ok,
10_1080_0951192x_2015_1130261,A parallel machine scheduling problem with two-agent and tool change activities: An efficient hybrid metaheuristic algorithm,10.1080/0951192x.2015.1130261,existing,,,,cached,1413337
10_1080_10298436_2022_2136374,Novel hybrid machine learning models including support vector machine with meta-heuristic algorithms in predicting unconfined compressive strength of organic soils stabilised with cement and lime,10.1080/10298436.2022.2136374,sci-hub,https://sci-hub.box/storage/2024/9043/f4c8823299a8bc6240b85d77effdf9e53ddbbd1820228a650bc240a0d6e14e9f/ngo2022.pdf,f4c8823299a8bc6240b8,3995760,ok,
10_1080_10618600_2019_1601097,A metaheuristic adaptive cubature based algorithm to find Bayesian optimal designs for nonlinear models,10.1080/10618600.2019.1601097,existing,,,,cached,1188747
10_1080_15325008_2024_2310198,Visual re-initialization model development methodology for solving problems regarding metaheuristic algorithm-based MPPT applications,10.1080/15325008.2024.2310198,,,,,unavailable,http 200 not-pdf
10_1080_15567036_2021_1985654,Demand response of grid-connected microgrid based on metaheuristic optimization algorithm,10.1080/15567036.2021.1985654,sci-hub,https://sci-hub.box/storage/2024/9026/3c6bb95507f777f969bfb38683ec2b94b3e057dcc39dfc1a169f963b03807ae8/singh2021.pdf,3c6bb95507f777f969bf,19884421,ok,
10_1080_17445760_2017_1401622,The Pachycondyla Apicalis metaheuristic algorithm for parameters identification of chaotic electrical system,10.1080/17445760.2017.1401622,sci-hub,https://sci-hub.box/storage/zero/6599/e2fcc591e72720749b0664f33dc01d18/maamri2017.pdf,574b53ca5f50c2bf610b,1815704,ok,
10_1080_19942060_2022_2098826,Circulatory System Based Optimization (CSBO): an expert multilevel biologically inspired meta-heuristic algorithm,10.1080/19942060.2022.2098826,sci-hub,https://sci-hub.box/storage/2024/4742849/61baeaa0079a4a596f381ce9c71ab4f769a02b9a151b55db23aaab8a5cfe3ed3/Circulatory-System-Based-Optimization-CSBO-an-expert-multilevel-biologically-inspired-meta.pdf#view=FitH&navpanes=0,61baeaa0079a4a596f38,4673326,ok,
10_1080_23270012_2020_1811166,A two-stage metaheuristic algorithm for the dynamic vehicle routing problem in Industry 4.0 approach,10.1080/23270012.2020.1811166,sci-hub,https://sci-hub.box/storage/dace/8397/5ebef6a583a7b78b62fb9e000dca705c/abdirad2020.pdf,67f9e874965faa80161b,823835,ok,pdf 502 not-pdf
10_1080_23311916_2024_2364041,A generalized evolutionary metaheuristic (GEM) algorithm for engineering optimization,10.1080/23311916.2024.2364041,existing,,,,cached,1958990
10_1088_1402_4896_ad91f2,Artificial meerkat algorithm: a new metaheuristic algorithm for solving optimization problems,10.1088/1402-4896/ad91f2,,,,,unavailable,no pdf link on sci-hub.mx
10_1088_1742_6596_1569_2_022094,The hybrid whale optimization algorithm: A new metaheuristic algorithm for energy-efficient on flow shop with dependent sequence setup,10.1088/1742-6596/1569/2/022094,sci-hub,https://sci-hub.box/storage/dace/8432/471e6469b2017b8af3e0e7575e753cd9/utama2020.pdf,b7619f6f4f046af86f76,784011,ok,http 502
10_1088_1757_899x_782_5_052028,ATLA: A novel metaheuristic optimization algorithm inspired by the mating search behavior of longicorn beetles in the nature,10.1088/1757-899x/782/5/052028,sci-hub,https://sci-hub.box/storage/2024/8132/ffe236b74ce8ff8427bb53688ef73228/han2020.pdf,b846005f52df2b602254,879956,ok,
10_1089_big_2020_0051,Coronavirus optimization algorithm: a bioinspired metaheuristic based on the COVID-19 propagation model,10.1089/big.2020.0051,sci-hub,https://sci-hub.box/storage/2024/8293/941f7ea9cc645706e7b06c2120692e14/10.1089@big.2020.0051.pdf,517f8eef053541d3f344,884974,ok,
10_1093_comjnl_bxy133,Deer hunting optimization algorithm: a new nature-inspired meta-heuristic paradigm,10.1093/comjnl/bxy133,sci-hub,https://sci-hub.box/storage/zero/8797/f955ec07b0d331d082cc9c09803db80f2261a32f7f0a32ce10776bc18af25c3b/brammya2019.pdf,f955ec07b0d331d082cc,1454388,ok,
10_1093_ijlct_ctab077,Optimal sizing and financial analysis of a stand-alone SPV-micro-hydropower hybrid system considering generation uncertainty,10.1093/ijlct/ctab077,,,,,unavailable,http 403
10_1093_jcde_qwac131,Running city game optimizer: A game-based metaheuristic optimization algorithm for global optimization,10.1093/jcde/qwac131,,,,,unavailable,http 403
10_1108_ec_03_2020_0137,Tiki-taka algorithm: a novel metaheuristic inspired by football playing style,10.1108/ec-03-2020-0137,sci-hub,https://sci-hub.box/storage/2024/8271/080b9dc93c55a3c682c4b7861bc05293/10.1108@ec-03-2020-0137.pdf,53fa1cd2175d772e3ae7,2490662,ok,
10_1108_ec_05_2020_0235,Plasma generation optimization: a new physically-based metaheuristic algorithm for solving constrained optimization problems,10.1108/ec-05-2020-0235,sci-hub,https://sci-hub.box/storage/2024/8372/c9a7e0755957fe60478be16b52b15799/kaveh2020.pdf,fb5c9da596798e7b75a6,7116566,ok,
10_1108_ec_10_2019_0481,Shuffled shepherd optimization method: a new meta-heuristic algorithm,10.1108/ec-10-2019-0481,sci-hub,https://sci-hub.box/storage/2024/8278/5a178a15046d0cd34d2170b056a326fa/kaveh2020.pdf,044909b402b8c0ae5714,3555394,ok,
10_1108_ijicc_09_2021_0204,Fuzzy-based metaheuristic algorithm for optimization of fuzzy controller: fault-tolerant control application,10.1108/ijicc-09-2021-0204,,,,,unavailable,no pdf link on sci-hub.mx
10_1108_jedt_11_2020_0474,A hybrid meta-heuristic scheduler algorithm for optimization of workflow scheduling in cloud heterogeneous computing environment,10.1108/jedt-11-2020-0474,,,,,unavailable,no pdf link on sci-hub.mx
10_1108_jm2_02_2024_0047,Hybrid metaheuristic algorithm methods and econometric models in prediction of dogecoin price,10.1108/jm2-02-2024-0047,,,,,unavailable,no pdf link on sci-hub.mx
10_1109_access_2018_2797059,Next generation metaheuristic: Jaguar algorithm,10.1109/access.2018.2797059,sci-hub,https://sci-hub.box/storage/twin/6696/d5608665d157e6a78278a227ceb8ad34/chou2018.pdf,0f08bd483094be2ef477,7283848,ok,http 502
10_1109_access_2019_2914101,Satellite image de-noising with Harris hawks meta heuristic optimization algorithm and improved adaptive generalized gaussian distribution threshold function,10.1109/access.2019.2914101,sci-hub,https://sci-hub.box/storage/2024/8778/e6c60e3b51134fa0b07691753b5e2d261053b7d8296415ba67ce11bc35b9388c/amirigolilarz2019.pdf,e6c60e3b51134fa0b076,874148,ok,
10_1109_access_2019_2934733,Enhanced metaheuristic optimization: wind-driven flower pollination algorithm,10.1109/access.2019.2934733,sci-hub,https://sci-hub.box/storage/zero/7550/ef2e8a1f2228a1db134b161a0d9a3c11/lei2019.pdf,fa127f6ba1d68d0d6724,7317692,ok,
10_1109_access_2019_2942169,Solving large-scale function optimization problem by using a new metaheuristic algorithm based on quantum dolphin swarm algorithm,10.1109/access.2019.2942169,sci-hub,https://sci-hub.box/storage/2024/7698/1e4f4297d5f63a76a54f99ce0a671e59/qiao2019.pdf,ba1dd470783adbc52326,8147534,ok,
10_1109_access_2019_2945596,A new automatic method for control chart patterns recognition based on ConvNet and harris hawks meta heuristic optimization algorithm,10.1109/access.2019.2945596,existing,,,,cached,4974096
10_1109_access_2020_3019806,A metaheuristic algorithm for routing school buses with mixed load,10.1109/access.2020.3019806,existing,,,,cached,5821639
10_1109_access_2020_3031718,Mayfly in harmony: A new hybrid meta-heuristic feature selection algorithm,10.1109/access.2020.3031718,sci-hub,https://sci-hub.box/storage/2024/8414/629da5962a562ffce0e8ea40d8dbdc7e/bhattacharyya2020.pdf,cc1bbb06489962b7f7aa,16785084,ok,
10_1109_access_2020_3043174,Immune plasma algorithm: A novel meta-heuristic for optimization problems,10.1109/access.2020.3043174,sci-hub,https://sci-hub.box/storage/dace/8501/70ef8e6c511bee45d3ee2e2475c4db48/aslan2020.pdf,b312b19a9ba40a423f56,6318194,ok,http 502
10_1109_access_2020_3047912,The solar system algorithm: a novel metaheuristic method for global optimization,10.1109/access.2020.3047912,sci-hub,https://sci-hub.mx/storage/2024/8532/1edbf4cd487006794a3976d01da3e29c/zitouni2021.pdf,647b8a7e024a8300d9ed,5005429,ok,http 404
10_1109_access_2021_3079161,Crystal structure algorithm (CryStAl): a metaheuristic optimization method,10.1109/access.2021.3079161,sci-hub,https://sci-hub.box/storage/2024/8613/9c9bf28c00c04b83aec61e00562f7786/talatahari2021.pdf,ab834031b0ba26bcc7c5,9387692,ok,
10_1109_access_2021_3087602,Hybridization of metaheuristic algorithm for dynamic cluster-based routing protocol in wireless sensor Networksx,10.1109/access.2021.3087602,sci-hub,https://sci-hub.box/storage/2024/8831/b8f049b5888bb5a1b3ee4a7bc5fd83d790e99b10ef40f7167f216ed5285021a5/al-otaibi2021.pdf,b8f049b5888bb5a1b3ee,7033474,ok,
10_1109_access_2021_3092288,An efficient hybrid metaheuristic algorithm for qos-aware cloud service composition problem,10.1109/access.2021.3092288,sci-hub,https://sci-hub.box/storage/zero/8846/9732ceafb0a6057206e1a9c193f143a92a444619035b8db5d644c58490a65663/dahan2021.pdf,9732ceafb0a6057206e1,4672458,ok,
10_1109_access_2021_3101939,Optimal stochastic process optimizer: A new metaheuristic algorithm with adaptive exploration-exploitation property,10.1109/access.2021.3101939,,,,,unavailable,http 200 not-pdf
10_1109_access_2021_3109247,… of metaheuristic methods for the reconfiguration of electric power distribution systems and comparison with a novel approach based on efficient genetic algorithm,10.1109/access.2021.3109247,sci-hub,https://sci-hub.box/storage/2024/8936/ebc0d2165126b8bcf5878e8b536105ff20a156c7578bad30d393333f18854eec/mahdavi2021.pdf,ebc0d2165126b8bcf587,9169595,ok,
10_1109_access_2021_3120749,Unified Algorithm Framework for Nonconvex Stochastic Optimization in Deep Neural Networks,10.1109/access.2021.3120749,sci-hub,https://sci-hub.box/storage/zero/8904/a9121e033d7d4d443cbcf6032d55ec238fe49e8837ccfa11ba810b4b416f1cd4/zhu2021.pdf,a9121e033d7d4d443cbc,3044518,ok,
10_1109_access_2021_3136209,Analysis and implementation of robust metaheuristic algorithm to extract essential parameters of solar cell,10.1109/access.2021.3136209,sci-hub,https://sci-hub.box/storage/zero/8921/7766c461ecaea8b6795a063c39d25f8553417c9b6b4aef73163b38502b386791/arandhakar2022.pdf,7766c461ecaea8b6795a,2264689,ok,
10_1109_access_2022_3147821,Ebola optimization search algorithm: A new nature-inspired metaheuristic optimization algorithm,10.1109/access.2022.3147821,sci-hub,https://sci-hub.box/storage/zero/8937/8c7ce64776669f679c9bb9c68cc990b9d3baf392b80b5a32d5438e42049d80b6/oyelade2022.pdf,8c7ce64776669f679c9b,16485959,ok,
10_1109_access_2022_3153493,War strategy optimization algorithm: a new effective metaheuristic algorithm for global optimization,10.1109/access.2022.3153493,oa,https://ieeexplore.ieee.org/ielx7/6287639/9668973/09718247.pdf,e442b96d0998c6f7b66f,14162619,ok,
10_1109_access_2022_3156124,A reduced search space exploration metaheuristic algorithm for MPPT,10.1109/access.2022.3156124,existing,,,,cached,1879799
10_1109_access_2022_3157400,Review of nature inspired metaheuristic algorithm selection for combinatorial t-way testing,10.1109/access.2022.3157400,sci-hub,https://sci-hub.box/storage/2024/8898/8c4e3596db54156542799befb51ce4002aa25e52acfde6f0ef821372c1c85eff/muazu2022.pdf,8c4e3596db5415654279,2320555,ok,
10_1109_access_2022_3165830,Parallel hybrid island metaheuristic algorithm,10.1109/access.2022.3165830,sci-hub,https://sci-hub.box/storage/zero/8929/159e58efe74810613b5030e8cec62a36a7fd33591816b9d70fee5162175c58e7/li2022.pdf,159e58efe74810613b50,2997310,ok,
10_1109_access_2022_3166901,"Novel meta-heuristic algorithm for feature selection, unconstrained functions and engineering problems",10.1109/access.2022.3166901,sci-hub,https://sci-hub.box/storage/2024/8940/7abfff3950ce7954162ed596d40e4a3f90bbd8f5311e5073470e0abdd3dc62b5/el-kenawy2022.pdf,7abfff3950ce7954162e,6185511,ok,
10_1109_access_2022_3173401,Mud Ring Algorithm: A new meta-heuristic optimization algorithm for solving mathematical and engineering challenges,10.1109/access.2022.3173401,sci-hub,https://sci-hub.box/storage/2024/8926/3aa7deced939f48807ec7cbcd96cd348e06f025ef2a42996aa3e14759e10e028/desuky2022.pdf,3aa7deced939f48807ec,5088555,ok,
10_1109_access_2022_3208702,Black-Box for Blockchain Parameters Adjustment,10.1109/access.2022.3208702,sci-hub,https://sci-hub.box/storage/2024/8962/ab5c29c4ca9624623073236d948b2635ec2abfd3815affb928295783cd195100/amelin2022.pdf,ab5c29c4ca9624623073,1014369,ok,
10_1109_access_2022_3223388,Giant trevally optimizer (GTO): A novel metaheuristic algorithm for global optimization and challenging engineering problems,10.1109/access.2022.3223388,,,,,unavailable,http 200 not-pdf
10_1109_access_2022_3229964,Siberian tiger optimization: A new bio-inspired metaheuristic algorithm for solving engineering optimization problems,10.1109/access.2022.3229964,sci-hub,https://ieeexplore.ieee.org/ielx7/6287639/9668973/09989374.pdf,44b0a25df5f351b9f0c6,27331531,ok,
10_1109_access_2023_3253430,Advanced meta-heuristic algorithm based on Particle Swarm and Al-biruni Earth Radius optimization methods for oral cancer detection,10.1109/access.2023.3253430,existing,,,,cached,4263157
10_1109_access_2023_3257190,A novel radiality maintenance algorithm for the metaheuristic based co-optimization of network reconfiguration with battery storage,10.1109/access.2023.3257190,existing,,,,cached,1879086
10_1109_access_2023_3267110,A novel meta-heuristic algorithm for numerical and engineering optimization problems: Piranha foraging optimization algorithm (PFOA),10.1109/access.2023.3267110,existing,,,,cached,2723288
10_1109_access_2023_3278372,A novel metaheuristic hybrid parthenogenetic algorithm for job shop scheduling problems: applying an optimization model,10.1109/access.2023.3278372,existing,,,,cached,3655212
10_1109_access_2023_3283422,Red panda optimization algorithm: An effective bio-inspired metaheuristic algorithm for solving engineering optimization problems,10.1109/access.2023.3283422,sci-hub,https://sci-hub.box/storage/2024/10683705/842bc0b3c9afc1e2e96ba9c8c69d92116dc0bf1401dc613655f202e6fc4440e4/Red-Panda-Optimization-Algorithm-An-Effective-Bio-Inspired-Metaheuristic-Algorithm-for-Solving.pdf#view=FitH&navpanes=0,842bc0b3c9afc1e2e96b,12052944,ok,
10_1109_access_2023_3320562,D-PFA: A discrete metaheuristic method for solving traveling salesman problem using pathfinder algorithm,10.1109/access.2023.3320562,sci-hub,https://sci-hub.box/storage/2024/5465539/c2e9cfdbe79850775c810279d3885e6f9a00f4105d7291893370a806c8bf198d/D-PFA-A-Discrete-Metaheuristic-Method-for-Solving-Traveling-Salesman-Problem-Using-Pathfinder.pdf#view=FitH&navpanes=0,c2e9cfdbe79850775c81,3924617,ok,
10_1109_access_2023_3330434,Energy efficient resource allocation in cloud environment using metaheuristic algorithm,10.1109/access.2023.3330434,,,,,unavailable,http 200 not-pdf
10_1109_access_2024_3354714,A metaheuristic search algorithm based on sampling and clustering,10.1109/access.2024.3354714,existing,,,,cached,3111181
10_1109_access_2024_3365700,Advances in Henry gas solubility optimization: A physics-inspired metaheuristic algorithm with its variants and applications,10.1109/access.2024.3365700,,,,,unavailable,http 200 not-pdf
10_1109_access_2024_3367440,An opposition-based great wall construction metaheuristic algorithm with Gaussian mutation for feature selection,10.1109/access.2024.3367440,,,,,unavailable,http 200 not-pdf
10_1109_access_2024_3390670,Leaf in wind optimization: A new metaheuristic algorithm for solving optimization problems,10.1109/access.2024.3390670,sci-hub,https://sci-hub.box/storage/2024/3270405/f42b2d7ca0163ea32c6b5cf091a0c3ddaa545e544edac9631d467e539af35afa/Leaf-in-Wind-Optimization-A-New-Metaheuristic-Algorithm-for-Solving-Optimization-Problems.pdf#view=FitH&navpanes=0,f42b2d7ca0163ea32c6b,7296671,ok,
10_1109_ase_2015_61,TCA: An efficient two-mode meta-heuristic algorithm for combinatorial test generation (T),10.1109/ase.2015.61,sci-hub,https://sci-hub.box/storage/2024/4966/cff1c2ac41eaf85600fdedaf98382996/lin2015.pdf,e2f678a8dc8be0ae3894,243080,ok,
10_1109_cec_2016_7743783,A new metaheuristic algorithm for real-parameter optimization: Natural aggregation algorithm,10.1109/cec.2016.7743783,existing,,,,cached,734423
10_1109_cec_2018_8477769,Coyote optimization algorithm: a new metaheuristic for global optimization problems,10.1109/cec.2018.8477769,sci-hub,https://sci-hub.box/storage/2024/7154/eeb0cddcbdb549fa6b7f29393500d096/pierezan2018.pdf,b4f7ff2bbcee18af7ce1,362298,ok,
10_1109_cec_2018_8477823,Discrete firefly algorithm: A new metaheuristic approach for solving constraint satisfaction problems,10.1109/cec.2018.8477823,sci-hub,https://sci-hub.box/storage/2024/7857/dc1f783c43f727851d92e050afe2bb01/bidar2018.pdf,b5e4c771bfd17fb9288e,921264,ok,
10_1109_csiec_2016_7482120,A new metaheuristic football game inspired algorithm,10.1109/csiec.2016.7482120,existing,,,,cached,463740
10_1109_ebecegc_2018_8357123,Circular structures of puffer fish: A new metaheuristic optimization algorithm,10.1109/ebecegc.2018.8357123,sci-hub,https://sci-hub.box/storage/twin/6857/465a7a071d9c5fff017241171ae66936/catalbas2018.pdf,a2faa6f77ec289102631,953775,ok,http 502
10_1109_eem54602_2022_9921094,Schedule Peer-to-Peer Transactions of an Energy Community Using Particle Swarm,10.1109/eem54602.2022.9921094,sci-hub,https://sci-hub.box/storage/zero/9039/a4da3b51222b97b496ca8843a45c889c8a2f3c6691a05203fbd738a0cee0c54f/vieira2022.pdf,a4da3b51222b97b496ca,512918,ok,
10_1109_globconet53749_2022_9872487,Energy Consumption Cost Benefits through Smart Home Energy Management in Residential Buildings: An Indian Case Study,10.1109/globconet53749.2022.9872487,sci-hub,https://sci-hub.box/storage/2024/9050/16724cbcb792956cddcc33d34421e5aa93ce3852dd42af03da8e04b47430d4e7/yelisetti2022.pdf,16724cbcb792956cddcc,1385634,ok,
10_1109_i2ct_2017_8226214,A new parallel metaheuristic optimization algorithm and it's application in CDM,10.1109/i2ct.2017.8226214,existing,,,,cached,1683709
10_1109_i4c57141_2022_10057938,Prospects of Ant Colony Optimization (ACO) in Various Domains,10.1109/i4c57141.2022.10057938,,,,,unavailable,http 200 not-pdf
10_1109_iccci_2016_7480010,Energy efficient clustering algorithm for wireless sensor networks using the ABC metaheuristic,10.1109/iccci.2016.7480010,sci-hub,https://sci-hub.box/storage/2024/5392/1ae72788e324d6e125530a0ae0374ace/abbaari2016.pdf,35f2c25090af22ef03ea,245144,ok,
10_1109_iccwamtip51612_2020_9317473,ORCA optimization algorithm: A new meta-heuristic tool for complex optimization problems,10.1109/iccwamtip51612.2020.9317473,sci-hub,https://sci-hub.box/storage/2024/8631/38b290e29a9d15e602a4be2a1e42081e/golilarz2020.pdf,6b646ee9fbdef7f07a54,885468,ok,
10_1109_icdim_2015_7381893,Elephant search algorithm for optimization problems,10.1109/icdim.2015.7381893,sci-hub,https://sci-hub.box/storage/zero/4916/c7176cebdb445dee08898c293a67e965/deb2015.pdf,f3733233bf605a53a66d,2375247,ok,
10_1109_icecet52533_2021_9698813,Ebola Optimization Search Algorithm: A new nature-inspired metaheuristic algorithm for global optimization problems,10.1109/icecet52533.2021.9698813,,,,,unavailable,no pdf link on sci-hub.st
10_1109_icenco_2015_7416351,A nature-inspired metaheuristic lion optimization algorithm for community detection,10.1109/icenco.2015.7416351,existing,,,,cached,1732262
10_1109_icnisc54316_2021_00072,Metaheuristics optimization algorithm to an optimal Moroccan diet,10.1109/icnisc54316.2021.00072,sci-hub,https://sci-hub.box/storage/zero/9049/faf4dd814e75e635f68e94920fb37708425807d6cb89464a750eac9bb127395a/elmoutaouakil2021.pdf,faf4dd814e75e635f68e,15874040,ok,
10_1109_icoris_2019_8874909,Heuristics and metaheuristics approach for query optimization using genetics and memetics algorithm,10.1109/icoris.2019.8874909,sci-hub,https://sci-hub.box/storage/zero/7825/07c16fee23abf5cc535a43c2c9b5b9e3/kurniasih2019.pdf,1f895f84a0cb76068225,935266,ok,
10_1109_ictc55196_2022_9952760,Evaluation of Metaheuristic Algorithms for TAS Scheduling in Time-Sensitive Networking,10.1109/ictc55196.2022.9952760,,,,,unavailable,no pdf link on sci-hub.mx
10_1109_icuis60567_2023_00075,Meta-Heuristic Algorithm Enabled Artificial Neural Network for Heart Disease Diagnosis Using IoT Smart Sensors,10.1109/icuis60567.2023.00075,,,,,unavailable,http 200 not-pdf
10_1109_igarss47720_2021_9553468,"Utilizing the sar, gis, and novel hybrid metaheuristic-gmdh algorithm for flood susceptibility mapping",10.1109/igarss47720.2021.9553468,,,,,unavailable,no pdf link on sci-hub.mx
10_1109_iicaiet62352_2024_10730587,A Feature Importance Method based on Cosine Similarity and Metaheuristic Algorithm,10.1109/iicaiet62352.2024.10730587,,,,,unavailable,http 200 not-pdf
10_1109_infoteh53737_2022_9751304,Parameters estimation of double-cage induction motors using a hybrid metaheuristic algorithm,10.1109/infoteh53737.2022.9751304,sci-hub,https://sci-hub.box/storage/2024/9052/55628e5a5346b92aea773f5b83ef9b7f4dead61bb1e9abda483d28cec3551289/vukasinovic2022.pdf,55628e5a5346b92aea77,359688,ok,
10_1109_inmic50486_2020_9318196,Electricity theft detection using CNN-GRU and manta ray foraging optimization algorithm,10.1109/inmic50486.2020.9318196,sci-hub,https://sci-hub.box/storage/2024/8631/9e01316aa78aa467b4f4e728eabdffec/ayub2020.pdf,6dc4408bebf50ff1eb48,378161,ok,
10_1109_ises52644_2021_00089,A CNN-LSTM Model Trained with Grey Wolf Optimizer for Prediction of Household Power Consumption,10.1109/ises52644.2021.00089,existing,,,,cached,258060
10_1109_ispacs51563_2021_9651063,Efficiently vehicle route planning based on metaheuristic algorithm in 5g,10.1109/ispacs51563.2021.9651063,sci-hub,https://sci-hub.box/storage/zero/9052/c002548a86ada9446b130f00dedff34afaff7ca2f7d39f5093b94b703128b5ea/huang2021.pdf,c002548a86ada9446b13,906323,ok,
10_1109_itce48509_2020_9047790,Big Data analysis using a metaheuristic algorithm: Twitter as Case Study,10.1109/itce48509.2020.9047790,sci-hub,https://sci-hub.box/storage/2024/8660/d0cb3a0eac874d8f1c32064090027667/sayed2020.pdf,2d936dfdb63dcb843ea5,3275971,ok,
10_1109_jiot_2020_3012617,Energy-aware metaheuristic algorithm for industrial-Internet-of-Things task scheduling problems in fog computing applications,10.1109/jiot.2020.3012617,sci-hub,https://sci-hub.box/storage/dace/8300/cef74d6374d842cadf1f4c8ba283fbaf/abdel-basset2021.pdf,17d5c413d6a1dddc9b3b,1142480,ok,http 502
10_1109_jsen_2020_2971035,An elite hybrid metaheuristic optimization algorithm for maximizing wireless sensor networks lifetime with a sink node,10.1109/jsen.2020.2971035,sci-hub,https://sci-hub.box/storage/2024/8116/b0c5ac98efa806e95b4521ec06b5ace3/wang2020.pdf,112a99eff91695490c72,4505892,ok,
10_1109_jsen_2021_3074497,An energy-efficient modified metaheuristic inspired algorithm for disaster management system using WSNs,10.1109/jsen.2021.3074497,sci-hub,https://sci-hub.box/storage/dace/8659/0b01b3776f8787ebe4a109e641f3be3c/singh2021.pdf,70a5400aefd85f7e5036,1020063,ok,http 502
10_1109_kbei_2017_8324975,Spring search algorithm: A new meta-heuristic optimization algorithm inspired by Hooke's law,10.1109/kbei.2017.8324975,sci-hub,https://sci-hub.box/storage/2024/6735/b8ba08aea149adc6ca581a8fdfaecd42/dehghani2017.pdf,976ae93231c1a0774e5c,376037,ok,
10_1109_nanofim_2018_8688616,Electric machines control optimization by a novel geo-inspired earthquake metaheuristic algorithm,10.1109/nanofim.2018.8688616,sci-hub,https://sci-hub.box/storage/2024/7561/dcf0a7d2167ad1fbc600922d2002e439/mendez2018.pdf,23bdfa3f2cbd08abda0f,2960986,ok,
10_1109_pais_2018_8598518,Task scheduling optimization in cloud based on electromagnetism metaheuristic algorithm,10.1109/pais.2018.8598518,sci-hub,https://sci-hub.box/storage/zero/7383/4abd854f7dbe403b67c166ee02acc8ab/belgacem2018.pdf,9b22b0b2252c5f3c331a,372490,ok,
10_1109_smartgridcomm_2016_7778759,Natural aggregation algorithm: A new efficient metaheuristic tool for power system optimizations,10.1109/smartgridcomm.2016.7778759,sci-hub,https://sci-hub.box/storage/zero/6222/e9f2a607d029ecbf420d8730121d1ef6/luo2016.pdf,e7afc2e18ec03730f2da,294027,ok,
10_1109_smartiot_2018_00036,An effective metaheuristic algorithm for intrusion detection system,10.1109/smartiot.2018.00036,sci-hub,https://sci-hub.box/storage/zero/7144/70170dfab908fc590c6908907f9f6bd8/chen2018.pdf,c58cdaf0e2646daf73fa,223085,ok,
10_1109_smc52423_2021_9658692,A hybrid metaheuristic algorithm with novel decoding methods for flexible flow shop scheduling considering human fatigue,10.1109/smc52423.2021.9658692,existing,,,,cached,1278960
10_1109_smc52423_2021_9659164,A novel metaheuristic: Fast jaguar algorithm,10.1109/smc52423.2021.9659164,existing,,,,cached,994452
10_1109_smc_2015_282,A novel metaheuristic: Jaguar algorithm with learning behavior,10.1109/smc.2015.282,existing,,,,cached,286702
10_1109_ssci50451_2021_9660030,More is not always better: insights from a massive comparison of meta-heuristic algorithms over real-parameter optimization problems,10.1109/ssci50451.2021.9660030,sci-hub,https://sci-hub.box/storage/zero/9012/ccf7ab4943be680f68b20bdc3380615fd175da34538447a6c7214626b667f3f9/delser2021.pdf,ccf7ab4943be680f68b2,257390,ok,
10_1109_ssci_2018_8628863,Hybrid metaheuristic algorithm for clustering,10.1109/ssci.2018.8628863,sci-hub,https://sci-hub.box/storage/2024/7402/28339a0c826e81948449107d3ddebe2f/oduntan2018.pdf,8b7b5a0edabe6c3202ec,168658,ok,
10_1109_taes_2022_3160993,Ensemble of metaheuristic and exact algorithm based on the divide-and-conquer framework for multisatellite observation scheduling,10.1109/taes.2022.3160993,sci-hub,https://sci-hub.box/storage/zero/9040/154412950b044bceb9c965f1802f2eb9f3d43972ea33f4d6a85db1c9d37bd6c9/wu2022.pdf,154412950b044bceb9c9,2190517,ok,
10_1109_tase_2023_3269059,Addressing a collaborative maintenance planning using multiple operators by a multi-objective Metaheuristic algorithm,10.1109/tase.2023.3269059,,,,,unavailable,no pdf link on sci-hub.mx
10_1109_tcad_2022_3149720,An efficient power optimization approach for fixed polarity Reed–Muller logic circuits based on metaheuristic optimization algorithm,10.1109/tcad.2022.3149720,,,,,unavailable,no pdf link on sci-hub.mx
10_1109_tce_2024_3371774,Elevating survivability in next-gen IoT-Fog-Cloud networks: Scheduling optimization with the metaheuristic mountain gazelle algorithm,10.1109/tce.2024.3371774,,,,,unavailable,no pdf link on sci-hub.mx
10_1109_telfor59449_2023_10372802,Anomaly detection in ecg using recurrent networks optimized by modified metaheuristic algorithm,10.1109/telfor59449.2023.10372802,,,,,unavailable,no pdf link on sci-hub.st
10_1109_tevc_2024_3464677,Automated metaheuristic algorithm design with autoregressive learning,10.1109/tevc.2024.3464677,,,,,unavailable,no pdf link on sci-hub.mx
10_1109_tevc_2024_3497793,Llamea: A large language model evolutionary algorithm for automatically generating metaheuristics,10.1109/tevc.2024.3497793,,,,,unavailable,http 200 not-pdf
10_1109_tii_2018_2796556,A hybrid metaheuristic embedded system for intelligent vehicles using hypermutated firefly algorithm optimized radial basis function neural network,10.1109/tii.2018.2796556,existing,,,,cached,461023
10_1109_tii_2022_3218645,A reinforcement learning driven cooperative meta-heuristic algorithm for energy-efficient distributed no-wait flow-shop scheduling with sequence-dependent setup …,10.1109/tii.2022.3218645,existing,,,,cached,5949200
10_1109_tip_2020_2990346,Segmentation of MR brain images through hidden Markov random field and hybrid metaheuristic algorithm,10.1109/tip.2020.2990346,sci-hub,https://sci-hub.box/storage/2024/8123/57a841a8daf4c5ae6eadd05f6b90269a/pham2020.pdf,c66edbeb5e68f9483af4,5142335,ok,
10_1109_tla_2017_8015088,"… controller optimization for a heat exchanger through metaheuristic bat algorithm, particle swarm optimization, flower pollination algorithm and cuckoo search algorithm",10.1109/tla.2017.8015088,sci-hub,https://sci-hub.mx/storage/2024/8717/12f41509f047c73daae68251b6ae226fe74c25def31e1d30adb2b351a7f32bee/damasceno2017.pdf,12f41509f047c73daae6,785359,ok,http 404
10_1109_tmech_2022_3206435,Intelligent Informative Frequency Band Searching Assisted by a Dynamic Bandit Tree Method for Machine Fault Diagnosis,10.1109/tmech.2022.3206435,,,,,unavailable,no pdf link on sci-hub.st
10_1109_tnse_2023_3274173,A metaheuristic-based modularity optimization algorithm driven by edge directionality for directed networks,10.1109/tnse.2023.3274173,,,,,unavailable,http 200 not-pdf
10_1111_coin_12145,Solar energy forecasting based on hybrid neural network and improved metaheuristic algorithm,10.1111/coin.12145,sci-hub,https://sci-hub.box/storage/twin/6541/3ffd140e411b7d3280717108469cb0fb/abedinia2017.pdf,c31a87677cae6268fdf4,1105735,ok,http 502
10_1111_exsy_12956,Plant competition optimization: A novel metaheuristic algorithm,10.1111/exsy.12956,sci-hub,https://sci-hub.box/storage/zero/8995/92a2446750fa2fec9ab44caf4c03440b862cc1c384c2a476e5d61052819f3918/rahmani2022.pdf,92a2446750fa2fec9ab4,7339260,ok,
10_1134_s000511792403007x,Genetic engineering algorithm (GEA): an efficient metaheuristic algorithm for solving combinatorial optimization problems,10.1134/s000511792403007x,,,,,unavailable,no pdf link on sci-hub.mx
10_1142_s021962201450031x,Prey-predator algorithm: a new metaheuristic algorithm for optimization problems,10.1142/s021962201450031x,sci-hub,https://sci-hub.box/storage/2024/3249/562cd22b3f5552b463ab777ebcae3b76/tilahun2015.pdf,50e4811b9b26a1495976,1752769,ok,
10_1145_3584024_3584029,A multi-criteria metaheuristic algorithm for distributed optimization of electric energy storage,10.1145/3584024.3584029,,,,,unavailable,no pdf link on sci-hub.st
10_1155_2015_396582,DRSCRO: a metaheuristic algorithm for task scheduling on heterogeneous systems,10.1155/2015/396582,sci-hub,https://sci-hub.box/storage/zero/6952/56f1dc66807502e09d79952b8c71c4b5/jiang2015.pdf,2cb973195057570c6e37,3092060,ok,oa: http 403
10_1155_2017_3082024,A metaheuristic algorithm based on chemotherapy science: CSA,10.1155/2017/3082024,existing,,,,cached,2467492
10_1155_2019_8683472,A Two‐Level Metaheuristic Algorithm for the Job‐Shop Scheduling Problem,10.1155/2019/8683472,sci-hub,https://sci-hub.box/storage/twin/7373/678a15943e617cd86a6ef681035e4fb5/pongchairerks2019.pdf,3063fb6f17729c2ccda2,1853167,ok,pdf 502 not-pdf
10_1155_2020_1794947,A New Metaheuristic‐Based Hierarchical Clustering Algorithm for Software Modularization,10.1155/2020/1794947,existing,,,,cached,2009988
10_1155_2020_3489209,An Enhanced Two‐Level Metaheuristic Algorithm with Adaptive Hybrid Neighborhood Structures for the Job‐Shop Scheduling Problem,10.1155/2020/3489209,sci-hub,https://sci-hub.box/storage/dace/8217/0abe57438503b54bc0da45075c60b2d6/pongchairerks2020.pdf,28379632ca9942358369,1528973,ok,http 502
10_1155_2020_6382507,Optimal Reactive Power Flow for Large‐Scale Power Systems Using an Effective Metaheuristic Algorithm,10.1155/2020/6382507,sci-hub,https://sci-hub.box/storage/2024/8065/d1778f2aa79921ed55eb3140b82faf00/duong2020.pdf,954e3d8ec50883e392f1,1559874,ok,
10_1155_2021_1015367,Optimal placement of wind power plants in transmission power networks by applying an effectively proposed metaheuristic algorithm,10.1155/2021/1015367,,,,,unavailable,http 403
10_1155_2021_1784232,Development of a method to measure the quality of working life using the improved metaheuristic grasshopper optimization algorithm,10.1155/2021/1784232,,,,,unavailable,http 403
10_1155_2021_6668345,Solving the traveling salesman problem: a modified metaheuristic algorithm,10.1155/2021/6668345,,,,,unavailable,http 403
10_1155_2021_8346738,An effective reactive power compensation method and a modern metaheuristic algorithm for loss reduction in distribution power networks,10.1155/2021/8346738,,,,,unavailable,http 403
10_1155_2021_9210050,Tuna swarm optimization: a novel swarm‐based metaheuristic algorithm for global optimization,10.1155/2021/9210050,,,,,unavailable,http 403
10_1155_2022_1446479,… Distributed Generation Units in Radial Unbalanced Distribution Systems Using MATLAB and OpenDSS‐Based Cosimulation and a Proposed Metaheuristic Algorithm,10.1155/2022/1446479,,,,,unavailable,http 403
10_1155_2022_3783977,Microalgae classification using improved metaheuristic algorithm,10.1155/2022/3783977,,,,,unavailable,http 403
10_1155_2022_7210928,An Optimized Hyperparameter of Convolutional Neural Network Algorithm for Bug Severity Prediction in Alzheimer’s-Based IoT System,10.1155/2022/7210928,,,,,unavailable,http 403
10_1155_2022_7732989,A metaheuristic algorithm for coverage enhancement of wireless sensor networks,10.1155/2022/7732989,,,,,unavailable,http 403
10_1155_2022_8054801,Fault diagnosis method of rotating machinery based on collaborative hybrid metaheuristic algorithm to optimize VMD,10.1155/2022/8054801,,,,,unavailable,http 403
10_1155_2022_9604362,Train Scheduling Optimization for an Urban Rail Transit Line: A Simulated‐Annealing Algorithm Using a Large Neighborhood Search Metaheuristic,10.1155/2022/9604362,,,,,unavailable,http 403
10_1155_2023_1337928,… a Scenario‐Based Fuzzy Model for Sustainable Closed‐Loop Supply Chain Network considering Statistical Reliability: A New Hybrid Metaheuristic Algorithm,10.1155/2023/1337928,,,,,unavailable,http 403
10_1155_2023_5589859,A novel metaheuristic jellyfish optimization algorithm for parameter extraction of solar module,10.1155/2023/5589859,,,,,unavailable,http 403
10_1155_2024_9140405,HWOA‐TTA: A New Hybrid Metaheuristic Algorithm for Global Optimization and Engineering Design Applications,10.1155/2024/9140405,,,,,unavailable,no pdf link on sci-hub.mx
10_11591_beei_v12i4_4835,Beampattern optimization techniques using metaheuristic algorithm for collaborative beamforming: a review,10.11591/beei.v12i4.4835,,,,,unavailable,no pdf link on sci-hub.mx
10_11591_ijai_v11_i2_pp649_657,An intelligent demand forecasting model using a hybrid of metaheuristic optimization and deep learning algorithm for predicting concrete block production,10.11591/ijai.v11.i2.pp649-657,,,,,unavailable,no pdf link on sci-hub.mx
10_1166_asl_2015_6555,A hybrid k-means metaheuristic algorithm to solve a class of vehicle routing problems,10.1166/asl.2015.6555,,,,,unavailable,no pdf link on sci-hub.mx
10_1166_asl_2016_7083,Simulated Kalman filter: a novel estimation-based metaheuristic optimization algorithm,10.1166/asl.2016.7083,,,,,unavailable,no pdf link on sci-hub.mx
10_1177_01423312221140671,A novel-enhanced metaheuristic algorithm for FOPID-controlled and Bode's ideal transfer function–based buck converter system,10.1177/01423312221140671,,,,,unavailable,no pdf link on sci-hub.st
10_1177_0144598720959749,Metaheuristic searching genetic algorithm based reliability assessment of hybrid power generation system,10.1177/0144598720959749,sci-hub,https://sci-hub.box/storage/2024/8375/44d1a08bc1489e975f40c1210b97a3cf/abdalla2020.pdf,532f7bd15ce62dca3e39,705765,ok,
10_1177_0309524x231204992,Social welfare maximization in deregulated power market incorporating wind power plants using metaheuristic algorithm,10.1177/0309524x231204992,,,,,unavailable,no pdf link on sci-hub.mx
10_1177_09544054231191816,… objective optimization of abrasive water jet machining process of composite laminates using a hybrid approach based on neural networks and metaheuristic algorithm,10.1177/09544054231191816,,,,,unavailable,no pdf link on sci-hub.mx
10_1177_09544062211015787,Geometrical similarity error function-innovative adaptive algorithm methodology in path generation synthesis of the four-bar mechanism using metaheuristic algorithms,10.1177/09544062211015787,sci-hub,https://sci-hub.box/storage/zero/8831/28ebf169ab43d44c34f8746b410af31496850f7f7fb9a71406db2e9a6f48b27f/sardashti2021.pdf,28ebf169ab43d44c34f8,2062884,ok,
10_1177_13506501221094416,The use of machine learning and metaheuristic algorithm for wear performance optimization of AISI 1040 steel and investigation of corrosion resistance,10.1177/13506501221094416,,,,,unavailable,no pdf link on sci-hub.mx
10_1177_1729881420920031,Metaheuristic algorithm for solving the multi-objective vehicle routing problem with time window and drones,10.1177/1729881420920031,sci-hub,https://sci-hub.box/storage/2024/8135/f476258bfacb39fcaef679ff862a5c1b/han2020.pdf,fb28d42d1c375c07ebd6,1252191,ok,
10_1186_s12880_024_01335_z,An improved method for diagnosis of Parkinson's disease using deep learning models enhanced with metaheuristic algorithm,10.1186/s12880-024-01335-z,,,,,unavailable,no pdf link on sci-hub.mx
10_1186_s13677_024_00603_1,Dynamic routing optimization in software-defined networking based on a metaheuristic algorithm,10.1186/s13677-024-00603-1,,,,,unavailable,no pdf link on sci-hub.st
10_1201_9781032690711_9,Parkinson's Disease Detection with Deep Long Short-term Memory Networks Optimized by Modified Metaheuristic Algorithm,10.1201/9781032690711-9,,,,,unavailable,no pdf link on sci-hub.mx
10_12720_jcm_18_9_589_598,Intelligent Metaheuristic-based Handover Algorithm for Vehicular Ad hoc Networks.,10.12720/jcm.18.9.589-598,direct,https://www.jocm.us/2023/JCM-V18N9-589.pdf,8ae4a9127dc4110056c4,1898899,ok,
10_1364_ao_394501,Piston error correction of sparse aperture systems using the metaheuristic stochastic parallel gradient descent algorithm,10.1364/ao.394501,,,,,unavailable,no pdf link on sci-hub.mx
10_1364_oe_503423,Approach to multispectral thermometry with Planck formula and hybrid metaheuristic optimization algorithm,10.1364/oe.503423,,,,,unavailable,no pdf link on sci-hub.st
10_1371_journal_pone_0286433,Optimization and inventory management under stochastic demand using metaheuristic algorithm,10.1371/journal.pone.0286433,,,,,unavailable,no pdf link on sci-hub.mx
10_1371_journal_pone_0309211,Nonlinear FOPID controller design for pressure regulation of steam condenser via improved metaheuristic algorithm,10.1371/journal.pone.0309211,,,,,unavailable,no pdf link on sci-hub.mx
10_1371_journal_pone_0311250,Enhancing machine learning performance in cardiac surgery ICU: Hyperparameter optimization with metaheuristic algorithm,10.1371/journal.pone.0311250,,,,,unavailable,no pdf link on sci-hub.mx
10_14256_jce_2911_2020,Optimum design of timber structures under fire using metaheuristic algorithm,10.14256/jce.2911.2020,sci-hub,http://www.casopis-gradjevinar.hr/assets/Uploads/JCE-74-2022-2-3-2911-EN.pdf,117c9fdb170fd338f079,1588217,ok,
10_14569_ijacsa_2023_0140218,Hyperparameter optimization of support vector regression algorithm using metaheuristic algorithm for student performance prediction,10.14569/ijacsa.2023.0140218,sci-hub,http://thesai.org/Downloads/Volume14No2/Paper_18-Hyperparameter_Optimization_of_Support_Vector_Regression_Algorithm.pdf,8b630a220ceb66fb8280,251316,ok,
10_14569_ijacsa_2023_0141057,Optimizing hyperparameters for improved melanoma classification using metaheuristic algorithm,10.14569/ijacsa.2023.0141057,sci-hub,http://thesai.org/Downloads/Volume14No10/Paper_57-Optimizing_Hyperparameters_for_Melanoma_Classification.pdf,62aac176dfd4f85d6715,927182,ok,
10_1504_ijbic_2016_081335,A new metaheuristic optimisation algorithm motivated by elephant herding behaviour,10.1504/ijbic.2016.081335,existing,,,,cached,403844
10_1504_ijbic_2018_093328,Earthworm optimisation algorithm: a bio-inspired metaheuristic algorithm for global optimisation problems,10.1504/ijbic.2018.093328,sci-hub,https://sci-hub.box/storage/2024/7083/e626931ed74e60056d5511e254b69350/wang2018.pdf,56f6d7451fa58d1943da,342910,ok,
10_1504_ijlsm_2018_10013875,A bi-objective green location-routing model and solving problem using a hybrid metaheuristic algorithm,10.1504/ijlsm.2018.10013875,,,,,unavailable,no pdf link on sci-hub.mx
10_1504_ijor_2017_081473,Sperm motility algorithm: a novel metaheuristic approach for global optimisation,10.1504/ijor.2017.081473,sci-hub,https://sci-hub.box/storage/zero/7574/34e3999f799da53f2a814a45244a7d92/raouf2017.pdf,2701d3a1705d9a281926,705503,ok,
10_1504_ijvd_2016_078771,A hybrid metaheuristic algorithm for the green vehicle routing problem with a heterogeneous fleet,10.1504/ijvd.2016.078771,existing,,,,cached,1451051
10_1515_jisys_2022_0017,Eurasian oystercatcher optimiser: New meta-heuristic algorithm,10.1515/jisys-2022-0017,,,,,unavailable,no pdf link on sci-hub.mx
10_1515_mt_2024_0097,A novel chaotic artificial rabbits algorithm for optimization of constrained engineering problems,10.1515/mt-2024-0097,sci-hub,,,,mismatch,title mismatch on sci-hub.box
10_15388_24_infor563,Solution of inverse problem for diffusion equation with fractional derivatives using metaheuristic optimization algorithm,10.15388/24-infor563,,,,,unavailable,no pdf link on sci-hub.mx
10_15587_1729_4061_2024_309126,DEVELOPMENT OF A METHOD FOR INCREASING THE EFFICIENCY OF PROCESSING HETEROGENEOUS DATA USING A METAHEURISTIC ALGORITHM.,10.15587/1729-4061.2024.309126,,,,,unavailable,no pdf link on sci-hub.mx
10_1587_transinf_2018edl8208,BMM: A binary metaheuristic mapping algorithm for mesh-based network-on-chip,10.1587/transinf.2018edl8208,sci-hub,https://sci-hub.box/storage/zero/7380/99b715216683535c25d5090803dbcd41/wang2019.pdf,1d04eba932312b376d49,206995,ok,
10_17073_2500_0632_2022_2_111_125,Forecasting PM 2.5 emissions in open-pit minesusing a functional link neural network optimized by various optimization algorithms,10.17073/2500-0632-2022-2-111-125,,,,,unavailable,no pdf link on sci-hub.mx
10_17485_ijst_2015_v8i14_72685,A novel metaheuristic data mining algorithm for the detection and classification of Parkinson disease,10.17485/ijst/2015/v8i14/72685,,,,,not-pdf,body lacks %PDF header
10_17758_eares11_eap0422103,Photo-decolorization of Eriochrome Black T: process optimization with Differential Evolution algorithm,10.17758/eares11.eap0422103,,,,,unavailable,no pdf link on sci-hub.mx
10_18201_ijisae_2017specialissue31417,Training of artificial neural network using metaheuristic algorithm,10.18201/ijisae.2017specialissue31417,,,,,unavailable,no pdf link on sci-hub.mx
10_18280_ts_370307,A novel metaheuristic algorithm for edge detection based on artificial bee colony,10.18280/ts.370307,,,,,unavailable,no pdf link on sci-hub.st
10_20944_preprints202403_0898_v1,Frilled lizard optimization: A novel nature-inspired metaheuristic algorithm for solving optimization problems,10.20944/preprints202403.0898.v1,,,,,unavailable,no pdf link on sci-hub.mx
10_21203_rs_3_rs_1405369_v1,Flood susceptibility computation using state-of-the-art machine learning and optimization algorithms.,10.21203/rs.3.rs-1405369/v1,sci-hub,,,,mismatch,title mismatch on sci-hub.box
10_21203_rs_3_rs_1506972_v1,Driving training-based optimization: A new human-based metaheuristic algorithm for solving optimization problems,10.21203/rs.3.rs-1506972/v1,sci-hub,,,,mismatch,title mismatch on sci-hub.box
10_21203_rs_3_rs_2174098_v1,Walrus optimization algorithm: a new bio-inspired metaheuristic algorithm,10.21203/rs.3.rs-2174098/v1,sci-hub,,,,mismatch,title mismatch on sci-hub.box
10_21203_rs_3_rs_2194864_v1,The research of a novel WOG-YOLO algorithm forautonomous driving object detection.,10.21203/rs.3.rs-2194864/v1,sci-hub,https://www.researchsquare.com/article/rs-2194864/latest.pdf,eab76a5a2d67db76bc21,1004326,ok,
10_21203_rs_3_rs_2234691_v1,A Dynamic Quantum-Inspired Genetic Algorithm with Lengthening Chromosome Size.,10.21203/rs.3.rs-2234691/v1,,,,,unavailable,no pdf link on sci-hub.mx
10_21203_rs_3_rs_4428677_v1,Frog-Snake prey-predation Relationship Optimization (FSRO): A novel nature-inspired metaheuristic algorithm for feature selection,10.21203/rs.3.rs-4428677/v1,sci-hub,,,,mismatch,title mismatch on sci-hub.box
10_21203_rs_3_rs_895163_v1,Optimizing hybrid metaheuristic algorithm with cluster head to improve performance metrics on the IoT,10.21203/rs.3.rs-895163/v1,sci-hub,https://www.researchsquare.com/article/rs-895163/latest.pdf,22c214b923cf9fe0ed94,631464,ok,
10_2139_ssrn_4149514,Improving the performance of grid connected wind generator with a PI control scheme based on the metaheuristic golden eagle optimization algorithm,10.2139/ssrn.4149514,,,,,unavailable,no pdf link on sci-hub.mx
10_2139_ssrn_4408357,Lévy arithmetic algorithm: an enhanced metaheuristic algorithm and its application to engineering optimization,10.2139/ssrn.4408357,,,,,unavailable,no pdf link on sci-hub.st
10_2139_ssrn_4510016,Fault location algorithm for distribution systems with distributed generation based on impedance and metaheuristic methods,10.2139/ssrn.4510016,,,,,unavailable,no pdf link on sci-hub.mx
10_2139_ssrn_4656744,Innovative heat management method and metaheuristic algorithm optimized power supply-demand balance for PEMFC-ASHP-CHP system,10.2139/ssrn.4656744,,,,,unavailable,no pdf link on sci-hub.mx
10_2139_ssrn_4818831,From constraints fusion to manifold optimization: A new directional transport manifold metaheuristic algorithm,10.2139/ssrn.4818831,,,,,unavailable,no pdf link on sci-hub.mx
10_21533_pen_v7_i3_1614,The blue monkey: A new nature inspired metaheuristic optimization algorithm,10.21533/pen.v7.i3.1614,,,,,unavailable,direct: http 403
10_21608_jaiep_2024_386693,Nioa: A novel metaheuristic algorithm modeled on the stealth and precision of Japanese ninjas,10.21608/jaiep.2024.386693,,,,,unavailable,ConnectError
10_21608_jaiep_2024_386694,iHow optimization algorithm: a human-inspired metaheuristic approach for complex problem solving and feature selection,10.21608/jaiep.2024.386694,,,,,unavailable,ConnectError
10_2166_aqua_2024_128,Enhancing water security through advanced modeling: integrating deep learning and a novel metaheuristic optimization algorithm for accurate pan evaporation …,10.2166/aqua.2024.128,,,,,unavailable,http 403
10_2196_57231,Enhancing Surgery Scheduling in Health Care Settings With Metaheuristic Optimization Models: Algorithm Validation Study,10.2196/57231,sci-hub,https://s3.ca-central-1.amazonaws.com/assets.jmir.org/assets/preprints/preprint-57231-accepted.pdf,8efd8415a197e9a4730d,2022708,ok,
10_22104_jpst_2018_2677_1107,Modeling heat transfer of non-Newtonian nanofluids using hybrid ANN-Metaheuristic optimization algorithm,10.22104/jpst.2018.2677.1107,,,,,unavailable,no source
10_22247_ijcna_2023_223690,Design of hybrid metaheuristic optimization algorithm for trust-aware privacy preservation in cloud computing,10.22247/ijcna/2023/223690,direct,https://mail.ijcna.org/Manuscripts/IJCNA-2023-O-60.pdf,af9b1370d766a4f4e743,949436,ok,
10_22266_ijies2023_0228_20,Total Interaction Algorithm: A Metaheuristic in which Each Agent Interacts with All Other Agents.,10.22266/ijies2023.0228.20,direct,https://inass.org/wp-content/uploads/2022/09/2023022820-2.pdf,675bca5fc82c8e199815,333459,ok,
10_22266_ijies2024_0229_59,Migration-Crossover Algorithm: A Swarm-based Metaheuristic Enriched with Crossover Technique and Unbalanced Neighbourhood Search.,10.22266/ijies2024.0229.59,direct,https://inass.org/wp-content/uploads/2023/11/2024022959-2.pdf,cc16c2592a59a5d07927,477512,ok,
10_22266_ijies2024_0430_31,Swarm Bipolar Algorithm: A Metaheuristic Based on Polarization of Two Equal Size Sub Swarms.,10.22266/ijies2024.0430.31,direct,https://inass.org/wp-content/uploads/2023/12/2024043031-2.pdf,a23d7aa792e393edae93,545717,ok,
10_22266_ijies2024_0630_23,Stochastic Shaking Algorithm: A New Swarm-Based Metaheuristic and Its Implementation in Economic Load Dispatch Problem.,10.22266/ijies2024.0630.23,direct,https://inass.org/wp-content/uploads/2024/01/2024063023-2.pdf,c8b7a38c7669186fe0a7,853328,ok,
10_22266_ijies2024_0630_61,Apiary Organizational-Based Optimization Algorithm: A New Nature-Inspired Metaheuristic Algorithm.,10.22266/ijies2024.0630.61,direct,https://inass.org/wp-content/uploads/2024/02/2024063061-2.pdf,e37c736e9b4986af5eb8,972902,ok,
10_22266_ijies2024_0831_18,Carpet Weaver Optimization: A Novel Simple and Effective Human-Inspired Metaheuristic Algorithm.,10.22266/ijies2024.0831.18,direct,https://inass.org/wp-content/uploads/2024/06/2024083118.pdf,2b826b8e8b11178d6cd9,1366111,ok,
10_22266_ijies2024_0831_43,Sculptor Optimization Algorithm: A New Human-Inspired Metaheuristic Algorithm for Solving Optimization Problems.,10.22266/ijies2024.0831.43,direct,https://inass.org/wp-content/uploads/2024/06/2024083143.pdf,d47bed27d48f890a8c9c,1114120,ok,
10_22266_ijies2024_1031_78,Fossa optimization algorithm: A new bio-inspired metaheuristic algorithm for engineering applications,10.22266/ijies2024.1031.78,,,,,unavailable,no pdf link on sci-hub.mx
10_22266_ijies2025_0229_03,Spider-Tailed Horned Viper Optimization: An Effective Bio-Inspired Metaheuristic Algorithm for Solving Engineering Applications.,10.22266/ijies2025.0229.03,direct,https://inass.org/wp-content/uploads/2024/12/2025022903.pdf,896ead558bb81e28e4c2,843399,ok,
10_22266_ijies2025_0229_05,Orangutan optimization algorithm: An innovative bio-inspired metaheuristic approach for solving engineering optimization problems,10.22266/ijies2025.0229.05,direct,https://inass.org/wp-content/uploads/2024/12/2025022905.pdf,a9a4d2896f87c7a43d47,1001399,ok,
10_22581_muet1982_1703_19,A new hybrid metaheuristic algorithm for wind farm micrositing,10.22581/muet1982.1703.19,existing,,,,cached,199321
10_24018_ejece_2020_4_5_244,Optimal reconfiguration of distribution network in presence of D-STATCOM and photovoltaic array using a metaheuristic algorithm,10.24018/ejece.2020.4.5.244,,,,,unavailable,no pdf link on sci-hub.mx
10_24200_sci_2017_2417,A new meta-heuristic algorithm: vibrating particles system,10.24200/sci.2017.2417,existing,,,,cached,7043743
10_24200_sci_2018_20833,Lion pride optimization algorithm: a meta-heuristic method for global optimization problems,10.24200/sci.2018.20833,,,,,unavailable,no pdf link on sci-hub.st
10_24200_sci_2019_21366,Artificial coronary circulation system: A new bio-inspired metaheuristic algorithm,10.24200/sci.2019.21366,sci-hub,http://scientiairanica.sharif.edu/article_21366_bbecc783584ac6511e5e2644da207d3a.pdf,d65c09fbe332de9ec1d4,3230371,ok,
10_2507_ijsimm16_4_7_400,An effective use of hybrid metaheuristics algorithm for job shop scheduling problem,10.2507/ijsimm16(4)7.400,,,,,unavailable,no pdf link on sci-hub.mx
10_26483_ijarcs_v8i5_3271,Software Effort Estimation using Meta Heuristic Algorithm.,10.26483/ijarcs.v8i5.3271,,,,,unavailable,direct: http 403
10_2991_ijcis_d_200618_001,A new hybrid metaheuristic algorithm for multiobjective optimization problems,10.2991/ijcis.d.200618.001,,,,,unavailable,no pdf link on sci-hub.st
10_2991_ijcis_d_210301_004,The red colobuses monkey: a new nature–inspired metaheuristic optimization algorithm,10.2991/ijcis.d.210301.004,sci-hub,https://www.atlantis-press.com/article/125954167.pdf,bfb578a0e60b9ec95ecb,937237,ok,
10_31181_dmame622023644,Artificial rat optimization with decision-making: A bio-inspired metaheuristic algorithm for solving the traveling salesman problem,10.31181/dmame622023644,,,,,unavailable,no pdf link on sci-hub.mx
10_3233_ifs_162127,A greedy algorithm versus metaheuristic solutions to deadlock detection in Graph Transformation Systems,10.3233/ifs-162127,existing,,,,cached,822114
10_3233_jifs_169262,A novel harmony search algorithm embedded with metaheuristic opposition based learning,10.3233/jifs-169262,existing,,,,cached,626877
10_3233_jifs_210459,A new meta-heuristic optimization algorithm based on a paradigm from physics: string theory,10.3233/jifs-210459,,,,,unavailable,no pdf link on sci-hub.st
10_32604_cmc_2021_013648,Rock hyraxes swarm optimization: A new nature-inspired metaheuristic optimization algorithm,10.32604/cmc.2021.013648,,,,,unavailable,no pdf link on sci-hub.mx
10_32604_cmc_2022_024043,Metaheuristic optimization algorithm for signals classification of electroencephalography channels,10.32604/cmc.2022.024043,,,,,unavailable,no pdf link on sci-hub.mx
10_32604_cmc_2022_028942,A novel metaheuristic algorithm: The team competition and cooperation optimization algorithm,10.32604/cmc.2022.028942,,,,,unavailable,no pdf link on sci-hub.st
10_32604_cmc_2023_030379,Skill Optimization Algorithm: A New Human-Based Metaheuristic Technique.,10.32604/cmc.2023.030379,sci-hub,https://file.techscience.com/ueditor/files/cmc/TSP_CMC-74-1/TSP_CMC_30379/TSP_CMC_30379.pdf,bf25d50d66c31e33e8b1,1211203,ok,
10_32604_cmc_2023_034695,Billiards Optimization Algorithm: A New Game-Based Metaheuristic Approach.,10.32604/cmc.2023.034695,sci-hub,https://file.techscience.com/files/cmc/2023/TSP_CMC-74-3/TSP_CMC_34695/TSP_CMC_34695.pdf,f0aa66ca9db5012de948,669052,ok,
10_32604_cmc_2023_035911,Dark Forest Algorithm: A Novel Metaheuristic Algorithm for Global Optimization Problems.,10.32604/cmc.2023.035911,,,,,unavailable,no pdf link on sci-hub.st
10_32604_cmes_2023_025908,Language Education Optimization: A New Human-Based Metaheuristic Algorithm for Solving Optimization Problems.,10.32604/cmes.2023.025908,sci-hub,https://file.techscience.com/files/CMES/2023/136-2/TSP_CMES_25908/TSP_CMES_25908.pdf,a75130aee0655c9b7678,3246544,ok,
10_32604_cmes_2023_028314,Migration Algorithm: A New Human-Based Metaheuristic Approach for Solving Optimization Problems.,10.32604/cmes.2023.028314,,,,,unavailable,no pdf link on sci-hub.mx
10_32604_csse_2022_020539,Optimal Placement and Sizing of Distributed Generation Using Metaheuristic Algorithm.,10.32604/csse.2022.020539,,,,,unavailable,no pdf link on sci-hub.mx
10_32604_csse_2023_026810,Availability Capacity Evaluation and Reliability Assessment of Integrated Systems Using Metaheuristic Algorithm.,10.32604/csse.2023.026810,sci-hub,https://file.techscience.com/ueditor/files/csse/TSP_CSSE-44-3/TSP_CSSE_26810/TSP_CSSE_26810.pdf,9192d337c930c0754cea,1007644,ok,
10_32604_csse_2023_032497,Al-Biruni Earth Radius (BER) Metaheuristic Search Optimization Algorithm.,10.32604/csse.2023.032497,existing,,,,cached,2693528
10_32604_iasc_2023_037248,Selection of Metaheuristic Algorithm to Design Wireless Sensor Network.,10.32604/iasc.2023.037248,sci-hub,https://cdn.techscience.press/files/iasc/2023/TSP_IASC-37-1/TSP_IASC_37248/TSP_IASC_37248.pdf,47cd0d8513d281d8277c,565975,ok,
10_32620_reks_2022_1_07,Metaheuristic method for searching quasi-optimal route based on the ant algorithm and annealing simulation,10.32620/reks.2022.1.07,,,,,unavailable,no pdf link on sci-hub.mx
10_3311_ppci_20133,A physics-based metaheuristic algorithm based on doppler effect phenomenon and mean euclidian distance threshold,10.3311/ppci.20133,,,,,unavailable,no pdf link on sci-hub.st
10_3311_ppci_21149,Optimal design of mixed structures under time-history loading using metaheuristic algorithm,10.3311/ppci.21149,,,,,unavailable,no pdf link on sci-hub.mx
10_3384_ecp171421026,A novel metaheuristic algorithm inspired by rhino herd behavior,10.3384/ecp171421026,existing,,,,cached,590700
10_3389_fenrg_2023_1220085,Forecasting wind power based on an improved al-Biruni Earth radius metaheuristic optimization algorithm,10.3389/fenrg.2023.1220085,,,,,unavailable,no pdf link on sci-hub.mx
10_3389_fmech_2022_1126450,Osprey optimization algorithm: A new bio-inspired metaheuristic algorithm for solving engineering optimization problems,10.3389/fmech.2022.1126450,oa,https://www.frontiersin.org/articles/10.3389/fmech.2022.1126450/pdf,98f677e3ebde3351b731,4399920,ok,
10_3389_fonc_2022_834028,Meta-heuristic algorithm-tuned neural network for breast cancer diagnosis using ultrasound images,10.3389/fonc.2022.834028,,,,,unavailable,no pdf link on sci-hub.st
10_3389_frobt_2021_790571,Evolutionary inverse material identification: Bespoke characterization of soft materials using a metaheuristic algorithm,10.3389/frobt.2021.790571,,,,,unavailable,no pdf link on sci-hub.mx
10_3390_a13050117,A novel hybrid metaheuristic algorithm for optimization of construction management site layout planning,10.3390/a13050117,existing,,,,cached,3346871
10_3390_a13120323,A hybrid metaheuristic algorithm for the efficient placement of UAVs,10.3390/a13120323,existing,,,,cached,862889
10_3390_a15090301,Application of the tomtit flock metaheuristic optimization algorithm to the optimal discrete time deterministic dynamical control problem,10.3390/a15090301,,,,,unavailable,no pdf link on sci-hub.mx
10_3390_a17040142,Dynamic events in the flexible job-shop scheduling problem: rescheduling with a hybrid metaheuristic algorithm,10.3390/a17040142,,,,,unavailable,no pdf link on sci-hub.st
10_3390_agronomy13020565,… phosphorus fertilizer supply chain management to improve crop yield and P use efficiency using an ensemble heuristic–metaheuristic optimization algorithm,10.3390/agronomy13020565,,,,,unavailable,no pdf link on sci-hub.mx
10_3390_app112311525,Efficient reduction in the annual investment costs in AC distribution networks via optimal integration of solar PV sources using the newton metaheuristic algorithm,10.3390/app112311525,,,,,unavailable,no pdf link on sci-hub.st
10_3390_app12020589,Design of a damping controller using a metaheuristic algorithm for angle stability improvement of an MIB system,10.3390/app12020589,,,,,unavailable,no pdf link on sci-hub.mx
10_3390_app12157397,Solving the container relocation problem by using a metaheuristic genetic algorithm,10.3390/app12157397,,,,,unavailable,no pdf link on sci-hub.mx
10_3390_app12168242,"Real-time metaheuristic algorithm for dynamic fuzzification, de-fuzzification and fuzzy reasoning processes",10.3390/app12168242,,,,,unavailable,no pdf link on sci-hub.mx
10_3390_app121910057,Lemurs optimizer: A new metaheuristic algorithm for global optimization,10.3390/app121910057,,,,,unavailable,no pdf link on sci-hub.st
10_3390_app122010642,Advanced dipper-throated meta-heuristic optimization algorithm for digital image watermarking,10.3390/app122010642,,,,,unavailable,no pdf link on sci-hub.mx
10_3390_app13127083,A metaheuristic Harris hawks optimization algorithm for weed detection using drone images,10.3390/app13127083,,,,,unavailable,no pdf link on sci-hub.mx
10_3390_app15031359,Artificial Afterimage Algorithm: A New Bio-Inspired Metaheuristic Algorithm and Its Clustering Application,10.3390/app15031359,,,,,unavailable,no pdf link on sci-hub.mx
10_3390_app8030339,Metaheuristic algorithm for photovoltaic parameters: comparative study and prediction with a firefly algorithm,10.3390/app8030339,sci-hub,https://sci-hub.box/storage/zero/6993/473dba76ab249fe4eac7191747124f93/louzazni2018.pdf,8d0a9c3f45499948afca,6322780,ok,
10_3390_app9122458,Fuzzy logic controller parameter optimization using metaheuristic cuckoo search algorithm for a magnetic levitation system,10.3390/app9122458,sci-hub,https://sci-hub.box/storage/zero/7509/fabe357c5c5723e856a39eb925de5d3b/10.3390@app9122458.pdf,08027d47e47bef4e469e,1866253,ok,
10_3390_biomimetics8010121,Green anaconda optimization: a new bio-inspired metaheuristic algorithm for solving optimization problems,10.3390/biomimetics8010121,,,,,unavailable,no pdf link on sci-hub.mx
10_3390_biomimetics8020149,Subtraction-average-based optimizer: A new swarm-inspired metaheuristic algorithm for solving optimization problems,10.3390/biomimetics8020149,,,,,unavailable,no pdf link on sci-hub.mx
10_3390_biomimetics8020239,Drawer algorithm: a new metaheuristic approach for solving optimization problems in engineering,10.3390/biomimetics8020239,,,,,unavailable,no pdf link on sci-hub.st
10_3390_biomimetics8050386,Golf optimization algorithm: A new game-based metaheuristic algorithm and its application to energy commitment problem considering resilience,10.3390/biomimetics8050386,,,,,unavailable,no pdf link on sci-hub.mx
10_3390_biomimetics8060468,OOBO: a new metaheuristic algorithm for solving optimization problems,10.3390/biomimetics8060468,,,,,unavailable,no pdf link on sci-hub.mx
10_3390_biomimetics8060470,Kookaburra optimization algorithm: a new bio-inspired metaheuristic algorithm for solving optimization problems,10.3390/biomimetics8060470,,,,,unavailable,no pdf link on sci-hub.st
10_3390_biomimetics8060507,Lyrebird optimization algorithm: a new bio-inspired metaheuristic algorithm for solving optimization problems,10.3390/biomimetics8060507,,,,,unavailable,no pdf link on sci-hub.st
10_3390_biomimetics8060508,A new human-based metaheuristic algorithm for solving optimization problems based on technical and vocational education and training,10.3390/biomimetics8060508,,,,,unavailable,no pdf link on sci-hub.st
10_3390_biomimetics8080619,Giant armadillo optimization: A new bio-inspired metaheuristic algorithm for solving optimization problems,10.3390/biomimetics8080619,,,,,unavailable,no pdf link on sci-hub.mx
10_3390_biomimetics9020065,Pufferfish optimization algorithm: a new bio-inspired metaheuristic algorithm for solving optimization problems,10.3390/biomimetics9020065,,,,,unavailable,no pdf link on sci-hub.mx
10_3390_biomimetics9030137,Botox optimization algorithm: A new human-based metaheuristic algorithm for solving optimization problems,10.3390/biomimetics9030137,,,,,unavailable,no pdf link on sci-hub.mx
10_3390_computers11120170,Meta-heuristic optimization algorithm-based hierarchical intrusion detection system,10.3390/computers11120170,,,,,unavailable,no pdf link on sci-hub.st
10_3390_diagnostics13122023,Sepsis prediction by using a hybrid metaheuristic algorithm: A novel approach for optimizing deep neural networks,10.3390/diagnostics13122023,,,,,unavailable,no pdf link on sci-hub.mx
10_3390_diagnostics13182925,Breast cancer classification using synthesized deep learning model with metaheuristic optimization algorithm,10.3390/diagnostics13182925,,,,,unavailable,no pdf link on sci-hub.st
10_3390_e21050494,A novel hybrid meta-heuristic algorithm based on the cross-entropy method and firefly algorithm for global optimization,10.3390/e21050494,existing,,,,cached,2962267
10_3390_electronics11203285,Stochastic-metaheuristic model for multi-criteria allocation of wind energy resources in distribution network using improved equilibrium optimization algorithm,10.3390/electronics11203285,,,,,unavailable,no pdf link on sci-hub.mx
10_3390_electronics11213611,Enhanced metaheuristic algorithm-based load balancing in a 5G cloud radio access network,10.3390/electronics11213611,,,,,unavailable,no pdf link on sci-hub.mx
10_3390_electronics11244077,DL-MDF-OH2: Optimized Deep Learning-Based Monkeypox Diagnostic Framework Using the Metaheuristic Harris Hawks Optimizer Algorithm,10.3390/electronics11244077,,,,,unavailable,no pdf link on sci-hub.st
10_3390_electronics12061404,A framework for data privacy preserving in supply chain management using hybrid meta-heuristic algorithm with ethereum blockchain technology,10.3390/electronics12061404,,,,,unavailable,no pdf link on sci-hub.mx
10_3390_electronics13163291,Metaheuristic Algorithm-Based Proportional–Integrative–Derivative Control of a Twin Rotor Multi Input Multi Output System,10.3390/electronics13163291,,,,,unavailable,no pdf link on sci-hub.st
10_3390_en12224310,Optimal power flow for transmission power networks using a novel metaheuristic algorithm,10.3390/en12224310,sci-hub,https://sci-hub.box/storage/zero/7733/ebd51184f70cdf22509ff8e141236b7c/li2019.pdf,ff821e727414817edd65,3356959,ok,
10_3390_en13051186,Optimization of low-power line-start PM motor using gray wolf metaheuristic algorithm,10.3390/en13051186,sci-hub,https://sci-hub.box/storage/dace/8116/f4c42a3f6d67804f0fdbacbf72a08c5b/10.3390@en13051186.pdf,58345fcf6e8ec9dbbd8f,2851531,ok,http 502
10_3390_en13133423,Hybrid microgrid energy management and control based on metaheuristic-driven vector-decoupled algorithm considering intermittent renewable sources and electric …,10.3390/en13133423,sci-hub,https://sci-hub.box/storage/2024/8218/93179bbd2c681082bce088e013a02859/aljohani2020.pdf,3bd067a2d893e133b835,5416288,ok,
10_3390_en13195193,Big data analytics for short and medium-term electricity load forecasting using an AI techniques ensembler,10.3390/en13195193,sci-hub,https://sci-hub.box/storage/dace/8426/84538f44e2a1672b1aba37d3c73ecb54/ayub2020.pdf,9ad0e1297f96ff4edf71,2100920,ok,http 502
10_3390_en13236225,Solving renewables-integrated economic load dispatch problem by variant of metaheuristic bat-inspired algorithm,10.3390/en13236225,sci-hub,https://sci-hub.box/storage/dace/8508/7e62e81dd61fd180d00e8e13f694661c/tariq2020.pdf,be7fc902187c1b7d2d89,4760075,ok,http 502
10_3390_en14030619,Improved metaheuristic optimization algorithm applied to hydrogen fuel cell and photovoltaic cell parameter extraction,10.3390/en14030619,sci-hub,https://sci-hub.box/storage/2024/8857/25cbac103c0ebbb3be8071b1601c1574ed294b80b64545d439aed1eed71f071f/liu2021.pdf,25cbac103c0ebbb3be80,3655640,ok,
10_3390_en14072013,Optimization and characteristics analysis of high torque density 12/8 switched reluctance motor using metaheuristic gray wolf optimization algorithm,10.3390/en14072013,sci-hub,https://sci-hub.box/storage/2024/8868/b09b200f11e1080444cbc00e1864336ff7f84b1777757065df672b775f0d1f94/rahman2021.pdf,b09b200f11e1080444cb,5010071,ok,
10_3390_en14113205,… of balanced and unbalanced distribution power systems via network reconfiguration and optimum capacitor allocation using a hybrid metaheuristic algorithm,10.3390/en14113205,sci-hub,https://sci-hub.box/storage/2024/8878/16c9ef51ef7669bdf2d55405beb864fc8a92bc7f9d51611eea85e02011775946/mohamed2021.pdf,16c9ef51ef7669bdf2d5,3982647,ok,
10_3390_en15093433,Optimal planning of multitype DGs and D-STATCOMs in power distribution network using an efficient parameter free metaheuristic algorithm,10.3390/en15093433,,,,,unavailable,no pdf link on sci-hub.mx
10_3390_en15103485,A hybrid feature selection framework using improved sine cosine algorithm with metaheuristic techniques,10.3390/en15103485,,,,,unavailable,no pdf link on sci-hub.mx
10_3390_en15155338,Implementation of the bio-inspired metaheuristic firefly algorithm (FA) applied to maximum power point tracking of photovoltaic systems,10.3390/en15155338,,,,,unavailable,no pdf link on sci-hub.mx
10_3390_en15218043,Experimental validation of an enhanced MPPT algorithm and an optimal DC–DC converter design powered by metaheuristic optimization for PV systems,10.3390/en15218043,,,,,unavailable,no pdf link on sci-hub.mx
10_3390_en16196896,A novel hybrid imperialist competitive algorithm–particle swarm optimization metaheuristic optimization algorithm for cost-effective energy management in multi-source …,10.3390/en16196896,,,,,unavailable,no pdf link on sci-hub.st
10_3390_fractalfract7010078,Metaheuristic solution for stability analysis of nonlinear systems using an intelligent algorithm with potential applications,10.3390/fractalfract7010078,,,,,unavailable,no pdf link on sci-hub.mx
10_3390_healthcare10112230,White Blood Cell Classification Using Texture and RGB Features of Oversampled Microscopic Images,10.3390/healthcare10112230,,,,,unavailable,no pdf link on sci-hub.mx
10_3390_jcs8060205,Metaheuristic optimization of functionally graded 2D and 3D discrete structures using the red fox algorithm,10.3390/jcs8060205,,,,,unavailable,no pdf link on sci-hub.mx
10_3390_ma14206172,Metaheuristic prediction of the compressive strength of environmentally friendly concrete modified with eggshell powder using the hybrid ANN-SFL optimization …,10.3390/ma14206172,,,,,unavailable,no pdf link on sci-hub.mx
10_3390_math10101626,Circle search algorithm: A geometry-based metaheuristic optimization algorithm,10.3390/math10101626,,,,,unavailable,no pdf link on sci-hub.st
10_3390_math10173036,Probabilistic optimal power flow solution using a novel hybrid metaheuristic and machine learning algorithm,10.3390/math10173036,,,,,unavailable,no pdf link on sci-hub.st
10_3390_math10173144,Feature selection and classification of transformer faults based on novel meta-heuristic algorithm,10.3390/math10173144,,,,,unavailable,no pdf link on sci-hub.mx
10_3390_math10193466,Light spectrum optimizer: A novel physics-inspired metaheuristic optimization algorithm,10.3390/math10193466,,,,,unavailable,no pdf link on sci-hub.st
10_3390_math10193490,Prediction of uniaxial compressive strength in rocks based on extreme learning machine improved with metaheuristic algorithm,10.3390/math10193490,,,,,unavailable,no pdf link on sci-hub.mx
10_3390_math10193563,Prediction and Optimization of Pile Bearing Capacity Considering Effects of Time,10.3390/math10193563,,,,,unavailable,no pdf link on sci-hub.mx
10_3390_math11061498,Mathematical Circuit Root Simplification Using an Ensemble Heuristic–Metaheuristic Algorithm,10.3390/math11061498,,,,,unavailable,no pdf link on sci-hub.st
10_3390_math11102336,An Efficient Metaheuristic Algorithm for Job Shop Scheduling in a Dynamic Environment,10.3390/math11102336,,,,,unavailable,no pdf link on sci-hub.mx
10_3390_math12101513,Election optimizer algorithm: a new meta-heuristic optimization algorithm for solving industrial engineering design problems,10.3390/math12101513,,,,,unavailable,no pdf link on sci-hub.mx
10_3390_math12233815,An Effective Hybrid Metaheuristic Approach Based on the Genetic Algorithm.,10.3390/math12233815,,,,,unavailable,no pdf link on sci-hub.mx
10_3390_math9192375,A metaheuristic algorithm for flexible energy storage management in residential electricity distribution grids,10.3390/math9192375,,,,,unavailable,no pdf link on sci-hub.mx
10_3390_math9233011,Blood coagulation algorithm: A novel bio-inspired meta-heuristic algorithm for global optimization,10.3390/math9233011,,,,,unavailable,no pdf link on sci-hub.st
10_3390_met11081311,Ground structures-based topology optimization of a morphing wing using a metaheuristic algorithm,10.3390/met11081311,,,,,unavailable,no pdf link on sci-hub.mx
10_3390_pr11051502,Waterwheel plant algorithm: a novel metaheuristic optimization method,10.3390/pr11051502,,,,,unavailable,no pdf link on sci-hub.mx
10_3390_pr12020291,Metaheuristic optimization algorithm based cascaded control schemes for nonlinear ball and balancer system,10.3390/pr12020291,,,,,unavailable,no pdf link on sci-hub.mx
10_3390_pr7100657,Fine-tuning meta-heuristic algorithm for global optimization,10.3390/pr7100657,sci-hub,https://sci-hub.box/storage/zero/7657/087ee528534c60e6eb8f6581224ee252/allawi2019.pdf,6e3d1e55f818d3f14cc3,1346829,ok,
10_3390_pr9050859,Material generation algorithm: A novel metaheuristic algorithm for optimization of engineering problems,10.3390/pr9050859,sci-hub,https://sci-hub.box/storage/zero/8858/59e6ddc7c1198cff4be310e8a3b3f21c31c623d1a46357348e8a32e1e9263007/talatahari2021.pdf,59e6ddc7c1198cff4be3,5964368,ok,
10_3390_rs16091503,A Chlorophyll-a Concentration Inversion Model Based on Backpropagation Neural Network Optimized by an Improved Metaheuristic Algorithm,10.3390/rs16091503,,,,,unavailable,no pdf link on sci-hub.mx
10_3390_s19143110,Mobile phone usage detection by ann trained with a metaheuristic algorithm,10.3390/s19143110,sci-hub,https://sci-hub.box/storage/zero/7496/5226d00edfe230fee1ed285857560abf/mendez2019.pdf,222f56c75f23e9d040ef,1493283,ok,
10_3390_s21155102,An optimized nature-inspired metaheuristic algorithm for application mapping in 2D-NoC,10.3390/s21155102,sci-hub,https://sci-hub.box/storage/2024/8861/a990738ffa7594ea440818f9a6930269d2c2105d7bf0082a9d468405235baef4/sikandar2021.pdf,a990738ffa7594ea4408,1593334,ok,
10_3390_s22145079,Vibration-based damage detection using finite element modeling and the metaheuristic particle swarm optimization algorithm,10.3390/s22145079,,,,,unavailable,no pdf link on sci-hub.mx
10_3390_s22249927,Efficient WSN node placement by coupling KNN machine learning for signal estimations and I-HBIA metaheuristic algorithm for node position optimization,10.3390/s22249927,,,,,unavailable,no pdf link on sci-hub.mx
10_3390_s23042011,Innovative spectrum handoff process using a machine learning-based metaheuristic algorithm,10.3390/s23042011,sci-hub,https://sci-hub.box/storage/2024/5396969/56a1e4b9f1062e282df7bda7bfc77307bc3681352aded6014c2f28cdf8bdee46/Innovative-Spectrum-Handoff-Process-Using-a-Machine-Learning-Based-Metaheuristic-Algorithm.pdf#view=FitH&navpanes=0,56a1e4b9f1062e282df7,4113038,ok,
10_3390_s23042156,Multi-robot exploration of unknown space using combined meta-heuristic salp swarm algorithm and deterministic coordinated multi-robot exploration,10.3390/s23042156,sci-hub,https://sci-hub.box/storage/2024/3321344/c9b209686603c15625e609bd4208f5bce6671554008f9490e8aeca80c7d856ed/Multi-Robot-Exploration-of-Unknown-Space-Using-Combined-Meta-Heuristic-Salp-Swarm-Algorithm.pdf#view=FitH&navpanes=0,c9b209686603c15625e6,10099195,ok,
10_3390_s23135973,"A novel prairie dog-based meta-heuristic optimization algorithm for improved control, better transient response, and power quality enhancement of hybrid microgrids",10.3390/s23135973,,,,,unavailable,no pdf link on sci-hub.st
10_3390_su11092681,Rapid simulation of optimally responsive façade during schematic design phases: Use of a new hybrid metaheuristic algorithm,10.3390/su11092681,sci-hub,https://sci-hub.box/storage/2024/8079/a4855bef26ef55375df270bdc2e79884/yi2019.pdf,1783458a4a43584594fb,11046107,ok,
10_3390_su14063470,Modeling multistep ahead dissolved oxygen concentration using improved support vector machines by a hybrid metaheuristic algorithm,10.3390/su14063470,,,,,unavailable,no pdf link on sci-hub.mx
10_3390_su15097410,… analysis of clustering public utility bus passenger's behavior during the COVID-19 pandemic: Utilization of Machine Learning with metaheuristic algorithm,10.3390/su15097410,,,,,unavailable,no pdf link on sci-hub.mx
10_3390_su151813877,Optimal design of the proton-exchange membrane fuel cell connected to the network utilizing an improved version of the metaheuristic algorithm,10.3390/su151813877,,,,,unavailable,no pdf link on sci-hub.mx
10_3390_sym9100203,Polar bear optimization algorithm: Meta-heuristic with fast population movement and dynamic birth and death mechanism,10.3390/sym9100203,sci-hub,https://sci-hub.box/storage/twin/7001/528dc375e690d25e39cc096c17cbf0b5/10.3390@sym9100203.pdf,3c56e6cccbe9d8878e28,1498526,ok,http 502
10_3390_w15132453,… leachate and groundwater quality prediction using a robust integrated artificial intelligence model: Grey wolf metaheuristic optimization algorithm and extreme learning …,10.3390/w15132453,,,,,unavailable,no pdf link on sci-hub.st
10_3390_w15162927,… urban surface runoff conveying system dimensions through optimization using the non-dominated sorting differential evolution (NSDE) metaheuristic algorithm,10.3390/w15162927,,,,,unavailable,no pdf link on sci-hub.mx
10_3390_wevj14110310,Optimizing Voltage Stability in Distribution Networks via Metaheuristic Algorithm-Driven Reactive Power Compensation from MDHD EVs,10.3390/wevj14110310,,,,,unavailable,no pdf link on sci-hub.mx
10_34028_iajit_21_3_6,Narwhal optimizer: A novel nature-inspired metaheuristic algorithm,10.34028/iajit/21/3/6,direct,https://www.iajit.org/upload/files/Narwhal-Optimizer-A-Novel-Nature-Inspired-Metaheuristic-Algorithm.pdf,d929fd25442c0fbf2178,947265,ok,
10_35378_gujs_820805,Comparison study on economic load dispatch using metaheuristic algorithm,10.35378/gujs.820805,,,,,unavailable,no pdf link on sci-hub.st
10_35833_mpce_2019_000259,Optimal placement and sizing of renewable distributed generation using hybrid metaheuristic algorithm,10.35833/mpce.2019.000259,sci-hub,https://sci-hub.box/storage/dace/8148/7b76764d85b209d698816bf4f41dabf7/radosavljevic2020.pdf,f5f293a289d0134a6f2b,741499,ok,http 502
10_36227_techrxiv_12319235,An energy efficient service composition mechanism using a hybrid meta-heuristic algorithm in a mobile cloud environment,10.36227/techrxiv.12319235,,,,,unavailable,no pdf link on sci-hub.mx
10_37190_ord230108,Gold rush optimizer: A new population-based metaheuristic algorithm,10.37190/ord230108,sci-hub,https://sci-hub.box/storage/2024/4797711/1a01183d61bf76eb7b44aa5621623c14a13772f7f9377e5fec1a975b542bf55c/Gold-rush-optimizer-A-new-population-based-metaheuristic-algorithm.pdf#view=FitH&navpanes=0,1a01183d61bf76eb7b44,3481063,ok,
10_37934_araset_33_1_333355,Cubature Kalman optimizer: a novel metaheuristic algorithm for solving numerical optimization problems,10.37934/araset.33.1.333355,,,,,unavailable,no pdf link on sci-hub.mx
10_37965_jait_2021_0018,Modeling the scheduling problem in cellular manufacturing systems using genetic algorithm as an efficient meta-heuristic approach,10.37965/jait.2021.0018,,,,,unavailable,no pdf link on sci-hub.mx
10_3846_jcem_2019_11308,Cost optimization of multiunit construction projects using linear programming and metaheuristic-based simulated annealing algorithm,10.3846/jcem.2019.11308,,,,,unavailable,no pdf link on sci-hub.st
10_3906_elk_1804_56,A novel metaheuristic optimization algorithm: the monarchy metaheuristic,10.3906/elk-1804-56,existing,,,,cached,465245
10_3934_jimo_2022145,A hybrid metaheuristic algorithm for the multi-objective location-routing problem in the early post-disaster stage.,10.3934/jimo.2022145,,,,,unavailable,no pdf link on sci-hub.mx
10_4018_979_8_3693_5276_2_ch004,Bio-inspired metaheuristic algorithm for network intrusion detection system of architecture,10.4018/979-8-3693-5276-2.ch004,,,,,unavailable,no pdf link on sci-hub.mx
10_4018_ijcac_2020040101,Efficient metaheuristic population-based and deterministic algorithm for resource provisioning using ant colony optimization and spanning tree,10.4018/ijcac.2020040101,sci-hub,https://sci-hub.box/storage/2024/8036/31c9b154e9d8848e52dc7227828fa9fd/aliyu2020.pdf,83ea78dd5f0f8d86192f,1161162,ok,
10_4018_ijssmet_2017010104,A nature-inspired metaheuristic cuckoo search algorithm for community detection in social networks,10.4018/ijssmet.2017010104,existing,,,,cached,1797795
10_4172_2168_9679_1000344,Laying chicken algorithm: a new meta-heuristic approach to solve continuous programming problems,10.4172/2168-9679.1000344,sci-hub,https://sci-hub.box/storage/2024/8767/c0cfd2825099f42963a0b42ee5b8d23fabaa8ff4d43182321bbd18bed9a5e501/hosseini2017.pdf,c0cfd2825099f42963a0,4550858,ok,
10_48084_etasr_3372,Optimal location and size of distributed generators in an electric distribution system based on a novel metaheuristic algorithm,10.48084/etasr.3372,direct,https://pdfs.semanticscholar.org/2340/340dc2ffbdc5fe8d7268cdf2812dcd07391c.pdf,f60d889c3a5122aedd29,308083,ok,
10_48550_arxiv_2208_12440,A Multi-Objective approach to the Electric Vehicle Routing Problem,10.48550/arxiv.2208.12440,existing,,,,cached,650906
10_5152_electrica_2021_21016,A Novel Enhanced Metaheuristic Algorithm for Automobile Cruise Control System.,10.5152/electrica.2021.21016,,,,,unavailable,no pdf link on sci-hub.st
10_5152_tepes_2022_22015,Enhancement of Transmission System Security with Archimedes Optimization Algorithm.,10.5152/tepes.2022.22015,,,,,unavailable,no pdf link on sci-hub.mx
10_5194_gmd_15_1107_2022,Locating trees to mitigate outdoor radiant load of humans in urban areas using a metaheuristic hill-climbing algorithm–introducing TreePlanter v1. 0,10.5194/gmd-15-1107-2022,,,,,unavailable,no pdf link on sci-hub.st
10_5220_0006113002600267,Medical imaging: Exams planning and resource assignment: Hybridization of a metaheuristic and a list algorithm,10.5220/0006113002600267,,,,,unavailable,no pdf link on sci-hub.st
10_5267_j_ijiec_2017_11_005,A metaheuristic algorithm for the multi-depot vehicle routing problem with heterogeneous fleet,10.5267/j.ijiec.2017.11.005,existing,,,,cached,863517
10_53106_160792642023122407003,Martial art learning optimization: A novel metaheuristic algorithm for night image enhancement,10.53106/160792642023122407003,,,,,unavailable,no pdf link on sci-hub.st
10_53106_160792642024012501006,Ship rescue optimization: a new metaheuristic algorithm for solving engineering problems,10.53106/160792642024012501006,,,,,unavailable,no pdf link on sci-hub.mx
10_54139_revinguc_v29i2_171,Una herramienta para el diseño de redes MSMN de banda ancha en líneas de transmisión basada en algoritmos heurísticos de optimización comparados,10.54139/revinguc.v29i2.171,,,,,unavailable,no pdf link on sci-hub.mx
10_54216_jaim_080103,Football optimization algorithm (fboa): A novel metaheuristic inspired by team strategy dynamics,10.54216/jaim.080103,,,,,unavailable,no pdf link on sci-hub.mx
10_54614_electrica_2022_21112,SCANM: A Novel Hybrid Metaheuristic Algorithm and Its Comparative Performance Assessment,10.54614/electrica.2022.21112,,,,,unavailable,no pdf link on sci-hub.mx
10_5772_intechopen_98240,A metaheuristic tabu search optimization algorithm: Applications to chemical and environmental processes,10.5772/intechopen.98240,,,,,unavailable,no pdf link on sci-hub.mx
10_5815_ijitcs_2024_01_01,SSKHOA: hybrid metaheuristic algorithm for resource aware task scheduling in cloud-fog computing,10.5815/ijitcs.2024.01.01,sci-hub,https://www.mecs-press.org/ijitcs/ijitcs-v16-n1/IJITCS-V16-N1-1.pdf,84923128d33d69c14a3b,693017,ok,
10_5829_ije_2020_33_10a_11,Projectiles optimization: A novel metaheuristic algorithm for global optimization,10.5829/ije.2020.33.10a.11,,,,,not-pdf,body lacks %PDF header
10_5829_ije_2020_33_10a_17,A multi-objective sustainable medicine supply chain network design using a novel hybrid multi-objective metaheuristic algorithm,10.5829/ije.2020.33.10a.17,,,,,unavailable,no pdf link on sci-hub.st
10_7717_peerj_cs_2278,Flood algorithm: a novel metaheuristic algorithm for optimization problems,10.7717/peerj-cs.2278,sci-hub,https://sci-hub.box/storage/2024/5086858/4d340d21226e070c580d51d9ce3c3b250877a7f21e98b5a81e2747bd9f1937b9/Flood-algorithm-a-novel-metaheuristic-algorithm-for-optimization-problems.pdf#view=FitH&navpanes=0,4d340d21226e070c580d,17449242,ok,
11c165faf030b43e,The Evolutionary Computation Methods No One Should Use,,,,,,no-doi,sci-hub needs a DOI
142d9738d909f70f,Forecasting river flow in the USA using a hybrid metaheuristic algorithm with back-propagation algorithm,,,,,,no-doi,sci-hub needs a DOI
17221f5bcd98700a,A Local Search-based Metaheuristic Algorithm Framework for the School Bus Routing Problem.,,,,,,no-doi,sci-hub needs a DOI
18160b357e48c621,Algoritmo para la detección de vehículos y peatones combinando CNN´ sy técnicas de búsqueda.,,,,,,no-doi,sci-hub needs a DOI
1f86b679bf2d61ba,Application of a metaheuristic gradient‐based optimizer algorithm integrated into artificial neural network model in a local geoid modeling with global navigation …,,,,,,no-doi,sci-hub needs a DOI
1ff898f7598e779b,Load balancing in cloud computing using meta-heuristic algorithm,,,,,,no-doi,sci-hub needs a DOI
2c9b0ab393b71540,Best couple algorithm: A new metaheuristic with two types of equal size swarm splits,,,,,,no-doi,sci-hub needs a DOI
2fb7dd237d01266a,Shape and size optimization of trusses with dynamic constraints using a metaheuristic algorithm,,,,,,no-doi,sci-hub needs a DOI
320ec52a95be5056,Otimização dos custos operacionais de uma comunidade energética considerando transações locais em “peer-to-peer” (Doctoral dissertation).,,,,,,no-doi,sci-hub needs a DOI
325cde85d6b481d7,Facial expression recognition through optimal filter design using a metaheuristic kidney algorithm,,,,,,no-doi,sci-hub needs a DOI
33ac374867530554,A hybrid model of wavelet neural network and metaheuristic algorithm for software development effort estimation,,,,,,no-doi,sci-hub needs a DOI
349d712dc2ff857b,A hybrid metaheuristic algorithm for the robust pollution-routing problem,,,,,,no-doi,sci-hub needs a DOI
3a9ddf7b89d386a3,A new meta-heuristic algorithm for optimization based on variance reduction of guassian distribution,,,,,,no-doi,sci-hub needs a DOI
3c4e0120ff67f720,Optimized resource scheduling using the meta heuristic algorithm in cloud computing,,,,,,no-doi,sci-hub needs a DOI
45c9fe68bd638d7c,Tracking of player in volleyball sports using a metaheuristic algorithm,,direct,https://efsupit.ro/images/stories/mai2021/Art%20185.pdf,585ec65e5ec4d37993c7,339330,ok,
51d785f8a19ff12c,Sine cosine crow search algorithm: a powerful hybrid meta heuristic for global optimization,,,,,,no-doi,sci-hub needs a DOI
525062c69db83835,Population-based JPEG Image Compression: Problem Re-Formulation,,,,,,no-doi,sci-hub needs a DOI
5712fb92050f063e,Modified Social Forces Algorithm: from Pedestrian Dynamic to Metaheuristic Optimization.,,direct,https://inass.org/wp-content/uploads/2022/02/2022063025-2.pdf,f48337db14d7be1b9f96,373836,ok,
607296b3c341cb3b,A binary metaheuristic algorithm for wrapper feature selection,,,,,,no-doi,sci-hub needs a DOI
678fa2ffa8ac25e5,Au octahedrons monolayer film SERS substrate coupled with a hybrid metaheuristic algorithm-optimized ELM model: An analytical strategy for rapid and label-free …,,,,,,no-doi,sci-hub needs a DOI
711a9e4b6008de73,Portfolio optimization using krill herd metaheuristic algorithm considering different measures of risk in Tehran stock exchange,,,,,,no-doi,sci-hub needs a DOI
7aa2d428250f6f96,An Improved Metaheuristic Algorithm for On-site Workshop Availability Cost Problem,,,,,,no-doi,sci-hub needs a DOI
8c90e096b86eba2c,A hybrid metaheuristic algorithm for the heterogeneous school bus routing problem and a real case study,,,,,,no-doi,sci-hub needs a DOI
8ebbd21826c31f8e,Wrapper and hybrid feature selection methods using metaheuristic algorithm for chest x-ray images classification: COVID-19 as a case study,,,,,,no-doi,sci-hub needs a DOI
9a93e901962c16fa,Optimum cost design of reinforced concrete slabs using a metaheuristic algorithm,,,,,,no-doi,sci-hub needs a DOI
a4bd00e70b6677f7,… amalgamation of stacked BiLSTM and CNN+ LSTM‐based classification networks with the assistance of Mayfly metaheuristic optimization algorithm in cyber‐attack,,,,,,no-doi,sci-hub needs a DOI
b2283c139150fc2d,Tree growth algorithm (TGA): An effective metaheuristic algorithm inspired by trees behavior,,,,,,no-doi,sci-hub needs a DOI
b80e565d94f1543e,Fractal-based algorithm: a new metaheuristic method for continuous optimization,,direct,https://www.aut.upt.ro/~rprecup/IJAI_37.pdf,21253ff2f71f4d8e9eac,544019,ok,
b9efba7422447d56,A novel metaheuristic MPPT technique based on enhanced autonomous group Particle Swarm Optimization Algorithm to track the GMPP under partial shading …,,,,,,no-doi,sci-hub needs a DOI
bbb90745e3a8d764,A novel meta-heuristic algorithm: tug of war optimization,,direct,https://www.sid.ir/en/VEWSSID/J_pdf/1037920160401.pdf,26656b6945632fd32fff,773038,ok,
bfe63a7901c4abc4,Triple Shake Algorithm: A New Metaheuristic with Strict and Cross Dimension Mappings.,,,,,,no-doi,sci-hub needs a DOI
ca4e6ed7cabaedd6,Mountaineering team-based optimization: A novel human-based metaheuristic algorithm,,,,,,no-doi,sci-hub needs a DOI
cb4d2c5140a0d9dd,A hybrid metaheuristic algorithm for the bi-objective school bus routing problem,,,,,,no-doi,sci-hub needs a DOI
cd96d78b4cb0175a,Ebola Optimization Search Algorithm (EOSA): A new metaheuristic algorithm based on the propagation model of Ebola virus disease,,,,,,no-doi,sci-hub needs a DOI
ce94d2f7604e3a75,Optimization of Haraz dam reservoir operation using CBO metaheuristic algorithm,,,,,,no-doi,sci-hub needs a DOI
cfa9b18434712432,Group Better-Worse Algorithm: A Superior Swarm-based Metaheuristic Embedded with Jump Search,,,,,,no-doi,sci-hub needs a DOI
d284f05061397730,A coupled metaheuristic algorithm and artificial intelligence for long-lead stream flow forecasting,,,,,,no-doi,sci-hub needs a DOI
d9ce854ccb949e05,Cone search: a simple metaheuristic optimization algorithm,,,,,,no-doi,sci-hub needs a DOI
e022edccbf218457,A multi-objective location-routing problem model for multi-device relief logistics under uncertainty using meta-heuristic algorithm,,,,,,no-doi,sci-hub needs a DOI
e68d88ad5b54c69f,"… algorithm for industrial engineering problems”[EAAI, 82 (2019), 148–174] and “Tunicate Swarm Algorithm: A new bio-inspired based metaheuristic paradigm for global …",,,,,,no-doi,sci-hub needs a DOI
f63e5481098fb55c,… approach for model updating of a large-scale cable-stayed bridge using ambient vibration measurements combined with a hybrid metaheuristic search algorithm,,,,,,no-doi,sci-hub needs a DOI
